HIERARCHY
ROOT mixamorig:Hips
{
  OFFSET 0.000000 0.000000 0.000000
  CHANNELS 6 Xposition Yposition Zposition Zrotation Xrotation Yrotation
  JOINT mixamorig:Spine
  {
    OFFSET 0.000000 0.035619 0.000000
    CHANNELS 3 Zrotation Xrotation Yrotation
    JOINT mixamorig:Spine1
    {
      OFFSET 0.000000 0.050888 0.000000
      CHANNELS 3 Zrotation Xrotation Yrotation
      JOINT mixamorig:Spine2
      {
        OFFSET 0.000000 0.061066 0.000000
        CHANNELS 3 Zrotation Xrotation Yrotation
        JOINT mixamorig:Neck
        {
          OFFSET 0.000000 0.059252 0.000000
          CHANNELS 3 Zrotation Xrotation Yrotation
          JOINT mixamorig:Head
          {
            OFFSET 0.000000 0.071170 0.000000
            CHANNELS 3 Zrotation Xrotation Yrotation
            End Site
            {
              OFFSET 0.000000 0.017792 0.000000
            }
          }
        }
        JOINT mixamorig:LeftShoulder
        {
          OFFSET 0.074290 0.000000 0.000000
          CHANNELS 3 Zrotation Xrotation Yrotation
          JOINT mixamorig:LeftArm
          {
            OFFSET 0.101405 0.000000 0.000000
            CHANNELS 3 Zrotation Xrotation Yrotation
            JOINT mixamorig:LeftForeArm
            {
              OFFSET 0.099990 0.000000 0.000000
              CHANNELS 3 Zrotation Xrotation Yrotation
              JOINT mixamorig:LeftHand
              {
                OFFSET 0.039351 0.000000 0.000000
                CHANNELS 3 Zrotation Xrotation Yrotation
                End Site
                {
                  OFFSET 0.009838 0.000000 0.000000
                }
              }
            }
          }
        }
        JOINT mixamorig:RightShoulder
        {
          OFFSET -0.080375 0.000000 0.000000
          CHANNELS 3 Zrotation Xrotation Yrotation
          JOINT mixamorig:RightArm
          {
            OFFSET -0.105053 0.000000 0.000000
            CHANNELS 3 Zrotation Xrotation Yrotation
            JOINT mixamorig:RightForeArm
            {
              OFFSET -0.095029 0.000000 0.000000
              CHANNELS 3 Zrotation Xrotation Yrotation
              JOINT mixamorig:RightHand
              {
                OFFSET -0.033246 0.000000 0.000000
                CHANNELS 3 Zrotation Xrotation Yrotation
                End Site
                {
                  OFFSET -0.008312 0.000000 0.000000
                }
              }
            }
          }
        }
      }
    }
  }
  JOINT mixamorig:LeftUpLeg
  {
    OFFSET 0.034820 -0.002734 0.000000
    CHANNELS 3 Zrotation Xrotation Yrotation
    JOINT mixamorig:LeftLeg
    {
      OFFSET 0.000000 -0.138877 0.000000
      CHANNELS 3 Zrotation Xrotation Yrotation
      JOINT mixamorig:LeftFoot
      {
        OFFSET 0.000000 -0.030734 -0.092202
        CHANNELS 3 Zrotation Xrotation Yrotation
        JOINT mixamorig:LeftToeBase
        {
          OFFSET 0.000000 0.000000 -0.063516
          CHANNELS 3 Zrotation Xrotation Yrotation
          End Site
          {
            OFFSET 0.000000 0.000000 -0.015879
          }
        }
      }
    }
  }
  JOINT mixamorig:RightUpLeg
  {
    OFFSET -0.036416 -0.002523 0.000000
    CHANNELS 3 Zrotation Xrotation Yrotation
    JOINT mixamorig:RightLeg
    {
      OFFSET 0.000000 -0.134886 0.000000
      CHANNELS 3 Zrotation Xrotation Yrotation
      JOINT mixamorig:RightFoot
      {
        OFFSET 0.000000 -0.029778 -0.089335
        CHANNELS 3 Zrotation Xrotation Yrotation
        JOINT mixamorig:RightToeBase
        {
          OFFSET 0.000000 0.000000 -0.059375
          CHANNELS 3 Zrotation Xrotation Yrotation
          End Site
          {
            OFFSET 0.000000 0.000000 -0.014844
          }
        }
      }
    }
  }
}
MOTION
Frames: 873
Frame Time: 0.03333333
0.000000 0.000000 0.000000 0.000000 0.000000 0.000000 0.000000 0.000000 0.000000 0.000000 0.000000 0.000000 0.000000 0.000000 0.000000 0.000000 0.000000 0.000000 0.000000 0.000000 0.000000 0.000000 0.000000 0.000000 0.000000 0.000000 0.000000 0.000000 0.000000 0.000000 0.000000 0.000000 0.000000 0.000000 0.000000 0.000000 0.000000 0.000000 0.000000 0.000000 0.000000 0.000000 0.000000 0.000000 0.000000 0.000000 0.000000 0.000000 0.000000 0.000000 0.000000 0.000000 0.000000 0.000000 0.000000 0.000000 0.000000 0.000000 0.000000 0.000000 0.000000 0.000000 0.000000 0.000000 0.000000 0.000000 0.000000 0.000000 0.000000
0.000000 0.000000 0.000000 0.000000 0.000000 0.000000 0.000000 0.000000 0.000000 0.000000 0.000000 0.000000 0.000000 0.000000 0.000000 0.000000 0.000000 0.000000 0.000000 0.000000 0.000000 0.000000 0.000000 0.000000 0.000000 0.000000 0.000000 0.000000 0.000000 0.000000 0.000000 0.000000 0.000000 0.000000 0.000000 0.000000 0.000000 0.000000 0.000000 0.000000 0.000000 0.000000 0.000000 0.000000 0.000000 0.000000 0.000000 0.000000 0.000000 0.000000 0.000000 0.000000 0.000000 0.000000 0.000000 0.000000 0.000000 0.000000 0.000000 0.000000 0.000000 0.000000 0.000000 0.000000 0.000000 0.000000 0.000000 0.000000 0.000000
0.000000 0.000000 0.000000 0.000000 0.000000 0.000000 0.000000 0.000000 0.000000 0.000000 0.000000 0.000000 0.000000 0.000000 0.000000 0.000000 0.000000 0.000000 0.000000 0.000000 0.000000 0.000000 0.000000 0.000000 0.000000 0.000000 0.000000 0.000000 0.000000 0.000000 0.000000 0.000000 0.000000 0.000000 0.000000 0.000000 0.000000 0.000000 0.000000 0.000000 0.000000 0.000000 0.000000 0.000000 0.000000 0.000000 0.000000 0.000000 0.000000 0.000000 0.000000 0.000000 0.000000 0.000000 0.000000 0.000000 0.000000 0.000000 0.000000 0.000000 0.000000 0.000000 0.000000 0.000000 0.000000 0.000000 0.000000 0.000000 0.000000
0.000000 0.000000 0.000000 0.000000 0.000000 0.000000 0.000000 0.000000 0.000000 0.000000 0.000000 0.000000 0.000000 0.000000 0.000000 0.000000 0.000000 0.000000 0.000000 0.000000 0.000000 0.000000 0.000000 0.000000 0.000000 0.000000 0.000000 0.000000 0.000000 0.000000 0.000000 0.000000 0.000000 0.000000 0.000000 0.000000 0.000000 0.000000 0.000000 0.000000 0.000000 0.000000 0.000000 0.000000 0.000000 0.000000 0.000000 0.000000 0.000000 0.000000 0.000000 0.000000 0.000000 0.000000 0.000000 0.000000 0.000000 0.000000 0.000000 0.000000 0.000000 0.000000 0.000000 0.000000 0.000000 0.000000 0.000000 0.000000 0.000000
0.000000 0.000000 0.000000 0.000000 0.000000 0.000000 0.000000 0.000000 0.000000 0.000000 0.000000 0.000000 0.000000 0.000000 0.000000 0.000000 0.000000 0.000000 0.000000 0.000000 0.000000 0.000000 0.000000 0.000000 0.000000 0.000000 0.000000 0.000000 0.000000 0.000000 0.000000 0.000000 0.000000 0.000000 0.000000 0.000000 0.000000 0.000000 0.000000 0.000000 0.000000 0.000000 0.000000 0.000000 0.000000 0.000000 0.000000 0.000000 0.000000 0.000000 0.000000 0.000000 0.000000 0.000000 0.000000 0.000000 0.000000 0.000000 0.000000 0.000000 0.000000 0.000000 0.000000 0.000000 0.000000 0.000000 0.000000 0.000000 0.000000
0.000000 0.000000 0.000000 0.000000 0.000000 0.000000 0.000000 0.000000 0.000000 0.000000 0.000000 0.000000 0.000000 0.000000 0.000000 0.000000 0.000000 0.000000 0.000000 0.000000 0.000000 0.000000 0.000000 0.000000 0.000000 0.000000 0.000000 0.000000 0.000000 0.000000 0.000000 0.000000 0.000000 0.000000 0.000000 0.000000 0.000000 0.000000 0.000000 0.000000 0.000000 0.000000 0.000000 0.000000 0.000000 0.000000 0.000000 0.000000 0.000000 0.000000 0.000000 0.000000 0.000000 0.000000 0.000000 0.000000 0.000000 0.000000 0.000000 0.000000 0.000000 0.000000 0.000000 0.000000 0.000000 0.000000 0.000000 0.000000 0.000000
0.000000 0.000000 0.000000 0.000000 0.000000 0.000000 0.000000 0.000000 0.000000 0.000000 0.000000 0.000000 0.000000 0.000000 0.000000 0.000000 0.000000 0.000000 0.000000 0.000000 0.000000 0.000000 0.000000 0.000000 0.000000 0.000000 0.000000 0.000000 0.000000 0.000000 0.000000 0.000000 0.000000 0.000000 0.000000 0.000000 0.000000 0.000000 0.000000 0.000000 0.000000 0.000000 0.000000 0.000000 0.000000 0.000000 0.000000 0.000000 0.000000 0.000000 0.000000 0.000000 0.000000 0.000000 0.000000 0.000000 0.000000 0.000000 0.000000 0.000000 0.000000 0.000000 0.000000 0.000000 0.000000 0.000000 0.000000 0.000000 0.000000
0.000000 0.000000 0.000000 0.000000 0.000000 0.000000 0.000000 0.000000 0.000000 0.000000 0.000000 0.000000 0.000000 0.000000 0.000000 0.000000 0.000000 0.000000 0.000000 0.000000 0.000000 0.000000 0.000000 0.000000 0.000000 0.000000 0.000000 0.000000 0.000000 0.000000 0.000000 0.000000 0.000000 0.000000 0.000000 0.000000 0.000000 0.000000 0.000000 0.000000 0.000000 0.000000 0.000000 0.000000 0.000000 0.000000 0.000000 0.000000 0.000000 0.000000 0.000000 0.000000 0.000000 0.000000 0.000000 0.000000 0.000000 0.000000 0.000000 0.000000 0.000000 0.000000 0.000000 0.000000 0.000000 0.000000 0.000000 0.000000 0.000000
0.000000 0.000000 0.000000 0.000000 0.000000 0.000000 0.000000 0.000000 0.000000 0.000000 0.000000 0.000000 0.000000 0.000000 0.000000 0.000000 0.000000 0.000000 0.000000 0.000000 0.000000 0.000000 0.000000 0.000000 0.000000 0.000000 0.000000 0.000000 0.000000 0.000000 0.000000 0.000000 0.000000 0.000000 0.000000 0.000000 0.000000 0.000000 0.000000 0.000000 0.000000 0.000000 0.000000 0.000000 0.000000 0.000000 0.000000 0.000000 0.000000 0.000000 0.000000 0.000000 0.000000 0.000000 0.000000 0.000000 0.000000 0.000000 0.000000 0.000000 0.000000 0.000000 0.000000 0.000000 0.000000 0.000000 0.000000 0.000000 0.000000
0.000000 0.000000 0.000000 0.000000 0.000000 0.000000 0.000000 0.000000 0.000000 0.000000 0.000000 0.000000 0.000000 0.000000 0.000000 0.000000 0.000000 0.000000 0.000000 0.000000 0.000000 0.000000 0.000000 0.000000 0.000000 0.000000 0.000000 0.000000 0.000000 0.000000 0.000000 0.000000 0.000000 0.000000 0.000000 0.000000 0.000000 0.000000 0.000000 0.000000 0.000000 0.000000 0.000000 0.000000 0.000000 0.000000 0.000000 0.000000 0.000000 0.000000 0.000000 0.000000 0.000000 0.000000 0.000000 0.000000 0.000000 0.000000 0.000000 0.000000 0.000000 0.000000 0.000000 0.000000 0.000000 0.000000 0.000000 0.000000 0.000000
0.000000 0.000000 0.000000 0.000000 0.000000 0.000000 0.000000 0.000000 0.000000 0.000000 0.000000 0.000000 0.000000 0.000000 0.000000 0.000000 0.000000 0.000000 0.000000 0.000000 0.000000 0.000000 0.000000 0.000000 0.000000 0.000000 0.000000 0.000000 0.000000 0.000000 0.000000 0.000000 0.000000 0.000000 0.000000 0.000000 0.000000 0.000000 0.000000 0.000000 0.000000 0.000000 0.000000 0.000000 0.000000 0.000000 0.000000 0.000000 0.000000 0.000000 0.000000 0.000000 0.000000 0.000000 0.000000 0.000000 0.000000 0.000000 0.000000 0.000000 0.000000 0.000000 0.000000 0.000000 0.000000 0.000000 0.000000 0.000000 0.000000
0.000000 0.000000 0.000000 0.000000 0.000000 0.000000 0.000000 0.000000 0.000000 0.000000 0.000000 0.000000 0.000000 0.000000 0.000000 0.000000 0.000000 0.000000 0.000000 0.000000 0.000000 0.000000 0.000000 0.000000 0.000000 0.000000 0.000000 0.000000 0.000000 0.000000 0.000000 0.000000 0.000000 0.000000 0.000000 0.000000 0.000000 0.000000 0.000000 0.000000 0.000000 0.000000 0.000000 0.000000 0.000000 0.000000 0.000000 0.000000 0.000000 0.000000 0.000000 0.000000 0.000000 0.000000 0.000000 0.000000 0.000000 0.000000 0.000000 0.000000 0.000000 0.000000 0.000000 0.000000 0.000000 0.000000 0.000000 0.000000 0.000000
0.000000 0.000000 0.000000 0.000000 0.000000 0.000000 0.000000 0.000000 0.000000 0.000000 0.000000 0.000000 0.000000 0.000000 0.000000 0.000000 0.000000 0.000000 0.000000 0.000000 0.000000 0.000000 0.000000 0.000000 0.000000 0.000000 0.000000 0.000000 0.000000 0.000000 0.000000 0.000000 0.000000 0.000000 0.000000 0.000000 0.000000 0.000000 0.000000 0.000000 0.000000 0.000000 0.000000 0.000000 0.000000 0.000000 0.000000 0.000000 0.000000 0.000000 0.000000 0.000000 0.000000 0.000000 0.000000 0.000000 0.000000 0.000000 0.000000 0.000000 0.000000 0.000000 0.000000 0.000000 0.000000 0.000000 0.000000 0.000000 0.000000
0.000000 0.000000 0.000000 0.000000 0.000000 0.000000 0.000000 0.000000 0.000000 0.000000 0.000000 0.000000 0.000000 0.000000 0.000000 0.000000 0.000000 0.000000 0.000000 0.000000 0.000000 0.000000 0.000000 0.000000 0.000000 0.000000 0.000000 0.000000 0.000000 0.000000 0.000000 0.000000 0.000000 0.000000 0.000000 0.000000 0.000000 0.000000 0.000000 0.000000 0.000000 0.000000 0.000000 0.000000 0.000000 0.000000 0.000000 0.000000 0.000000 0.000000 0.000000 0.000000 0.000000 0.000000 0.000000 0.000000 0.000000 0.000000 0.000000 0.000000 0.000000 0.000000 0.000000 0.000000 0.000000 0.000000 0.000000 0.000000 0.000000
0.000000 0.000000 0.000000 0.000000 0.000000 0.000000 0.000000 0.000000 0.000000 0.000000 0.000000 0.000000 0.000000 0.000000 0.000000 0.000000 0.000000 0.000000 0.000000 0.000000 0.000000 0.000000 0.000000 0.000000 0.000000 0.000000 0.000000 0.000000 0.000000 0.000000 0.000000 0.000000 0.000000 0.000000 0.000000 0.000000 0.000000 0.000000 0.000000 0.000000 0.000000 0.000000 0.000000 0.000000 0.000000 0.000000 0.000000 0.000000 0.000000 0.000000 0.000000 0.000000 0.000000 0.000000 0.000000 0.000000 0.000000 0.000000 0.000000 0.000000 0.000000 0.000000 0.000000 0.000000 0.000000 0.000000 0.000000 0.000000 0.000000
0.000000 0.000000 0.000000 0.000000 0.000000 0.000000 0.000000 0.000000 0.000000 0.000000 0.000000 0.000000 0.000000 0.000000 0.000000 0.000000 0.000000 0.000000 0.000000 0.000000 0.000000 0.000000 0.000000 0.000000 0.000000 0.000000 0.000000 0.000000 0.000000 0.000000 0.000000 0.000000 0.000000 0.000000 0.000000 0.000000 0.000000 0.000000 0.000000 0.000000 0.000000 0.000000 0.000000 0.000000 0.000000 0.000000 0.000000 0.000000 0.000000 0.000000 0.000000 0.000000 0.000000 0.000000 0.000000 0.000000 0.000000 0.000000 0.000000 0.000000 0.000000 0.000000 0.000000 0.000000 0.000000 0.000000 0.000000 0.000000 0.000000
0.000000 0.000000 0.000000 0.000000 0.000000 0.000000 0.000000 0.000000 0.000000 0.000000 0.000000 0.000000 0.000000 0.000000 0.000000 0.000000 0.000000 0.000000 0.000000 0.000000 0.000000 0.000000 0.000000 0.000000 0.000000 0.000000 0.000000 0.000000 0.000000 0.000000 0.000000 0.000000 0.000000 0.000000 0.000000 0.000000 0.000000 0.000000 0.000000 0.000000 0.000000 0.000000 0.000000 0.000000 0.000000 0.000000 0.000000 0.000000 0.000000 0.000000 0.000000 0.000000 0.000000 0.000000 0.000000 0.000000 0.000000 0.000000 0.000000 0.000000 0.000000 0.000000 0.000000 0.000000 0.000000 0.000000 0.000000 0.000000 0.000000
0.000000 0.000000 0.000000 0.000000 0.000000 0.000000 0.000000 0.000000 0.000000 0.000000 0.000000 0.000000 0.000000 0.000000 0.000000 0.000000 0.000000 0.000000 0.000000 0.000000 0.000000 0.000000 0.000000 0.000000 0.000000 0.000000 0.000000 0.000000 0.000000 0.000000 0.000000 0.000000 0.000000 0.000000 0.000000 0.000000 0.000000 0.000000 0.000000 0.000000 0.000000 0.000000 0.000000 0.000000 0.000000 0.000000 0.000000 0.000000 0.000000 0.000000 0.000000 0.000000 0.000000 0.000000 0.000000 0.000000 0.000000 0.000000 0.000000 0.000000 0.000000 0.000000 0.000000 0.000000 0.000000 0.000000 0.000000 0.000000 0.000000
0.000000 0.000000 0.000000 0.000000 0.000000 0.000000 0.000000 0.000000 0.000000 0.000000 0.000000 0.000000 0.000000 0.000000 0.000000 0.000000 0.000000 0.000000 0.000000 0.000000 0.000000 0.000000 0.000000 0.000000 0.000000 0.000000 0.000000 0.000000 0.000000 0.000000 0.000000 0.000000 0.000000 0.000000 0.000000 0.000000 0.000000 0.000000 0.000000 0.000000 0.000000 0.000000 0.000000 0.000000 0.000000 0.000000 0.000000 0.000000 0.000000 0.000000 0.000000 0.000000 0.000000 0.000000 0.000000 0.000000 0.000000 0.000000 0.000000 0.000000 0.000000 0.000000 0.000000 0.000000 0.000000 0.000000 0.000000 0.000000 0.000000
0.000000 0.000000 0.000000 0.000000 0.000000 0.000000 0.000000 0.000000 0.000000 0.000000 0.000000 0.000000 0.000000 0.000000 0.000000 0.000000 0.000000 0.000000 0.000000 0.000000 0.000000 0.000000 0.000000 0.000000 0.000000 0.000000 0.000000 0.000000 0.000000 0.000000 0.000000 0.000000 0.000000 0.000000 0.000000 0.000000 0.000000 0.000000 0.000000 0.000000 0.000000 0.000000 0.000000 0.000000 0.000000 0.000000 0.000000 0.000000 0.000000 0.000000 0.000000 0.000000 0.000000 0.000000 0.000000 0.000000 0.000000 0.000000 0.000000 0.000000 0.000000 0.000000 0.000000 0.000000 0.000000 0.000000 0.000000 0.000000 0.000000
0.000000 0.000000 0.000000 0.000000 0.000000 0.000000 0.000000 0.000000 0.000000 0.000000 0.000000 0.000000 0.000000 0.000000 0.000000 0.000000 0.000000 0.000000 0.000000 0.000000 0.000000 0.000000 0.000000 0.000000 0.000000 0.000000 0.000000 0.000000 0.000000 0.000000 0.000000 0.000000 0.000000 0.000000 0.000000 0.000000 0.000000 0.000000 0.000000 0.000000 0.000000 0.000000 0.000000 0.000000 0.000000 0.000000 0.000000 0.000000 0.000000 0.000000 0.000000 0.000000 0.000000 0.000000 0.000000 0.000000 0.000000 0.000000 0.000000 0.000000 0.000000 0.000000 0.000000 0.000000 0.000000 0.000000 0.000000 0.000000 0.000000
0.000000 0.000000 0.000000 0.000000 0.000000 0.000000 0.000000 0.000000 0.000000 0.000000 0.000000 0.000000 0.000000 0.000000 0.000000 0.000000 0.000000 0.000000 0.000000 0.000000 0.000000 0.000000 0.000000 0.000000 0.000000 0.000000 0.000000 0.000000 0.000000 0.000000 0.000000 0.000000 0.000000 0.000000 0.000000 0.000000 0.000000 0.000000 0.000000 0.000000 0.000000 0.000000 0.000000 0.000000 0.000000 0.000000 0.000000 0.000000 0.000000 0.000000 0.000000 0.000000 0.000000 0.000000 0.000000 0.000000 0.000000 0.000000 0.000000 0.000000 0.000000 0.000000 0.000000 0.000000 0.000000 0.000000 0.000000 0.000000 0.000000
0.000000 0.000000 0.000000 0.000000 0.000000 0.000000 0.000000 0.000000 0.000000 0.000000 0.000000 0.000000 0.000000 0.000000 0.000000 0.000000 0.000000 0.000000 0.000000 0.000000 0.000000 0.000000 0.000000 0.000000 0.000000 0.000000 0.000000 0.000000 0.000000 0.000000 0.000000 0.000000 0.000000 0.000000 0.000000 0.000000 0.000000 0.000000 0.000000 0.000000 0.000000 0.000000 0.000000 0.000000 0.000000 0.000000 0.000000 0.000000 0.000000 0.000000 0.000000 0.000000 0.000000 0.000000 0.000000 0.000000 0.000000 0.000000 0.000000 0.000000 0.000000 0.000000 0.000000 0.000000 0.000000 0.000000 0.000000 0.000000 0.000000
0.000000 0.000000 0.000000 0.000000 0.000000 0.000000 0.000000 0.000000 0.000000 0.000000 0.000000 0.000000 0.000000 0.000000 0.000000 0.000000 0.000000 0.000000 0.000000 0.000000 0.000000 0.000000 0.000000 0.000000 0.000000 0.000000 0.000000 0.000000 0.000000 0.000000 0.000000 0.000000 0.000000 0.000000 0.000000 0.000000 0.000000 0.000000 0.000000 0.000000 0.000000 0.000000 0.000000 0.000000 0.000000 0.000000 0.000000 0.000000 0.000000 0.000000 0.000000 0.000000 0.000000 0.000000 0.000000 0.000000 0.000000 0.000000 0.000000 0.000000 0.000000 0.000000 0.000000 0.000000 0.000000 0.000000 0.000000 0.000000 0.000000
0.000000 0.000000 0.000000 0.000000 0.000000 0.000000 0.000000 0.000000 0.000000 0.000000 0.000000 0.000000 0.000000 0.000000 0.000000 0.000000 0.000000 0.000000 0.000000 0.000000 0.000000 0.000000 0.000000 0.000000 0.000000 0.000000 0.000000 0.000000 0.000000 0.000000 0.000000 0.000000 0.000000 0.000000 0.000000 0.000000 0.000000 0.000000 0.000000 0.000000 0.000000 0.000000 0.000000 0.000000 0.000000 0.000000 0.000000 0.000000 0.000000 0.000000 0.000000 0.000000 0.000000 0.000000 0.000000 0.000000 0.000000 0.000000 0.000000 0.000000 0.000000 0.000000 0.000000 0.000000 0.000000 0.000000 0.000000 0.000000 0.000000
0.000000 0.000000 0.000000 0.000000 0.000000 0.000000 0.000000 0.000000 0.000000 0.000000 0.000000 0.000000 0.000000 0.000000 0.000000 0.000000 0.000000 0.000000 0.000000 0.000000 0.000000 0.000000 0.000000 0.000000 0.000000 0.000000 0.000000 0.000000 0.000000 0.000000 0.000000 0.000000 0.000000 0.000000 0.000000 0.000000 0.000000 0.000000 0.000000 0.000000 0.000000 0.000000 0.000000 0.000000 0.000000 0.000000 0.000000 0.000000 0.000000 0.000000 0.000000 0.000000 0.000000 0.000000 0.000000 0.000000 0.000000 0.000000 0.000000 0.000000 0.000000 0.000000 0.000000 0.000000 0.000000 0.000000 0.000000 0.000000 0.000000
0.000000 0.000000 0.000000 0.000000 0.000000 0.000000 0.000000 0.000000 0.000000 0.000000 0.000000 0.000000 0.000000 0.000000 0.000000 0.000000 0.000000 0.000000 0.000000 0.000000 0.000000 0.000000 0.000000 0.000000 0.000000 0.000000 0.000000 0.000000 0.000000 0.000000 0.000000 0.000000 0.000000 0.000000 0.000000 0.000000 0.000000 0.000000 0.000000 0.000000 0.000000 0.000000 0.000000 0.000000 0.000000 0.000000 0.000000 0.000000 0.000000 0.000000 0.000000 0.000000 0.000000 0.000000 0.000000 0.000000 0.000000 0.000000 0.000000 0.000000 0.000000 0.000000 0.000000 0.000000 0.000000 0.000000 0.000000 0.000000 0.000000
0.000000 0.000000 0.000000 0.000000 0.000000 0.000000 0.000000 0.000000 0.000000 0.000000 0.000000 0.000000 0.000000 0.000000 0.000000 0.000000 0.000000 0.000000 0.000000 0.000000 0.000000 0.000000 0.000000 0.000000 0.000000 0.000000 0.000000 0.000000 0.000000 0.000000 0.000000 0.000000 0.000000 0.000000 0.000000 0.000000 0.000000 0.000000 0.000000 0.000000 0.000000 0.000000 0.000000 0.000000 0.000000 0.000000 0.000000 0.000000 0.000000 0.000000 0.000000 0.000000 0.000000 0.000000 0.000000 0.000000 0.000000 0.000000 0.000000 0.000000 0.000000 0.000000 0.000000 0.000000 0.000000 0.000000 0.000000 0.000000 0.000000
0.000000 0.000000 0.000000 0.000000 0.000000 0.000000 0.000000 0.000000 0.000000 0.000000 0.000000 0.000000 0.000000 0.000000 0.000000 0.000000 0.000000 0.000000 0.000000 0.000000 0.000000 0.000000 0.000000 0.000000 0.000000 0.000000 0.000000 0.000000 0.000000 0.000000 0.000000 0.000000 0.000000 0.000000 0.000000 0.000000 0.000000 0.000000 0.000000 0.000000 0.000000 0.000000 0.000000 0.000000 0.000000 0.000000 0.000000 0.000000 0.000000 0.000000 0.000000 0.000000 0.000000 0.000000 0.000000 0.000000 0.000000 0.000000 0.000000 0.000000 0.000000 0.000000 0.000000 0.000000 0.000000 0.000000 0.000000 0.000000 0.000000
0.000000 0.000000 0.000000 0.000000 0.000000 0.000000 0.000000 0.000000 0.000000 0.000000 0.000000 0.000000 0.000000 0.000000 0.000000 0.000000 0.000000 0.000000 0.000000 0.000000 0.000000 0.000000 0.000000 0.000000 0.000000 0.000000 0.000000 0.000000 0.000000 0.000000 0.000000 0.000000 0.000000 0.000000 0.000000 0.000000 0.000000 0.000000 0.000000 0.000000 0.000000 0.000000 0.000000 0.000000 0.000000 0.000000 0.000000 0.000000 0.000000 0.000000 0.000000 0.000000 0.000000 0.000000 0.000000 0.000000 0.000000 0.000000 0.000000 0.000000 0.000000 0.000000 0.000000 0.000000 0.000000 0.000000 0.000000 0.000000 0.000000
0.000000 0.000000 0.000000 3.034349 10.724191 6.865726 0.000000 0.000000 0.000000 0.000000 0.000000 0.000000 0.000000 0.000000 0.000000 -14.145583 -42.863136 -12.111015 -0.000000 0.000000 0.000000 -66.100550 -12.168962 10.792068 44.223430 -17.256253 50.695519 27.029300 -18.910169 12.877464 -12.876333 11.873075 -35.000000 67.890754 -26.176504 -15.041987 -9.301904 -12.531756 -17.069329 -14.853723 -12.600306 -13.317619 -33.570954 -21.006558 35.000000 -58.030456 73.010898 31.286493 -156.594528 -9.171334 152.854896 -35.000000 35.000000 35.000000 -1.139782 -8.019890 -29.900836 -28.963190 70.209055 8.703105 -161.958351 -14.527088 157.060324 -35.000000 35.000000 35.000000 2.636465 2.721033 -8.997359
0.001268 0.004478 0.003304 3.317487 9.924718 7.015514 -0.000000 -0.000000 -0.000000 -0.000000 -0.000000 -0.000000 -0.000000 -0.000000 -0.000000 -14.533144 -43.007789 -12.290117 0.000000 -0.000000 -0.000000 -66.888057 -11.508280 11.186208 43.282865 -17.634015 50.115224 26.834539 -18.652266 13.841926 -11.335681 10.624146 -70.000000 66.276075 -27.015789 -17.833138 -8.919530 -11.550525 -15.340926 -18.046170 -13.442336 -13.359271 -30.283810 -18.937237 63.292729 -62.401235 74.164687 35.602262 -157.319380 -9.170358 153.531620 -70.000000 70.000000 70.000000 0.392905 -7.409089 -29.307953 -25.029358 70.373144 5.932576 -162.065026 -14.535376 156.884143 -63.574225 70.000000 70.000000 0.627180 4.507159 -6.188680
0.002727 0.009927 0.007277 3.527318 9.240735 7.055548 0.000000 0.000000 0.000000 0.000000 0.000000 0.000000 0.000000 0.000000 0.000000 -14.939066 -43.840941 -12.469265 -0.000000 0.000000 -0.000000 -67.569161 -11.269081 11.938496 41.701918 -18.161689 48.892848 26.046334 -18.295897 13.617643 -9.169183 8.592443 -84.839154 64.129641 -28.070705 -21.307475 -7.828764 -10.559047 -13.802770 -19.661329 -14.188148 -13.878865 -28.181825 -18.089980 64.764555 -68.621359 75.330166 41.832212 -158.036558 -9.085736 153.983461 -79.069589 74.033499 79.927340 1.095921 -6.747345 -28.145863 -18.248617 70.589827 1.381942 -162.765756 -14.906228 156.728333 -59.063270 72.827560 68.972613 -2.463596 5.829463 -3.099769
0.004337 0.016204 0.012085 3.621661 8.640514 6.954590 0.000000 -0.000000 0.000000 0.000000 -0.000000 0.000000 0.000000 -0.000000 0.000000 -15.367153 -45.401409 -12.648124 0.000000 0.000000 0.000000 -68.035891 -11.555010 13.211634 39.712470 -18.750998 47.037052 24.917619 -17.930353 11.858906 -6.773900 6.194444 -83.762875 61.404657 -29.304095 -25.667683 -6.701500 -10.145665 -13.431385 -18.909679 -14.694229 -14.679384 -26.921627 -18.625009 68.829406 -76.352279 76.236821 49.684756 -158.809580 -9.678865 153.832607 -78.113638 75.021602 79.820774 -0.536436 -6.273285 -26.272010 -8.164509 69.591255 -5.276715 -165.059290 -17.520073 158.131718 -49.738175 72.629432 59.517993 -5.427414 6.213632 -0.027879
0.006074 0.023187 0.017967 3.718860 7.914770 6.548494 -0.000000 0.000000 0.000000 -0.000000 0.000000 0.000000 -0.000000 0.000000 0.000000 -15.560566 -46.986405 -12.427141 -0.000000 -0.000000 0.000000 -67.840962 -12.511128 15.492128 37.643599 -19.197129 44.813639 23.710011 -17.598402 8.266952 -4.842212 4.200729 -81.292551 57.917026 -30.268443 -30.918936 -5.500772 -10.657538 -15.015359 -15.284810 -14.565142 -15.338791 -26.656216 -20.901666 75.735681 -80.393679 76.458421 54.198725 -160.198564 -11.802974 153.957384 -73.307148 75.840256 79.102357 -2.829705 -6.227542 -23.359364 2.707725 68.075883 -11.798485 -168.658243 -22.415715 161.154241 -40.070374 71.790187 48.664283 -7.108375 4.819186 1.905368
0.007920 0.030801 0.025103 3.832331 6.909217 5.852676 0.000000 -0.000000 -0.000000 0.000000 -0.000000 -0.000000 0.000000 -0.000000 -0.000000 -15.361093 -48.385188 -11.687924 -0.000000 0.000000 0.000000 -67.051848 -13.893883 18.721095 35.655076 -19.484335 42.430002 22.462543 -17.149856 3.911858 -3.228368 2.630001 -78.123439 53.656342 -30.699328 -37.052483 -5.545571 -12.233207 -18.551410 -10.680350 -14.003670 -17.037995 -24.465314 -23.161549 85.218436 -77.528690 76.578102 52.810178 -163.979921 -16.569586 156.888879 -38.307148 75.230773 53.256617 -1.328620 -6.483922 -17.058181 11.619306 65.765960 -16.280599 -172.532512 -30.839810 165.715111 -29.703217 70.102835 37.035761 -7.559356 1.870766 2.907910
0.009681 0.038555 0.033042 3.845252 5.770459 4.893222 0.000000 0.000000 0.000000 0.000000 0.000000 0.000000 0.000000 0.000000 0.000000 -14.602546 -49.803808 -10.437628 -0.000000 -0.000000 0.000000 -65.761414 -15.622224 22.627015 33.736855 -19.645049 39.848059 20.898645 -16.301568 -0.477954 -1.434232 1.099317 -74.893897 49.288194 -30.443034 -43.227909 -7.754044 -14.451118 -23.102695 -7.580488 -13.765943 -21.108657 -18.660197 -22.665467 93.380516 -67.106403 76.897015 45.358634 -170.339379 -24.200087 163.847459 -25.333236 71.314054 29.315631 7.640724 -5.955681 -5.703646 17.013825 63.390606 -17.932600 -175.238061 -41.704956 171.135386 -18.851115 67.427259 25.274294 -7.617572 -1.744043 2.860144
0.011256 0.046105 0.041447 3.671447 4.625321 3.634655 -0.000000 0.000000 -0.000000 -0.000000 0.000000 -0.000000 -0.000000 0.000000 -0.000000 -13.192392 -51.325913 -8.639875 -0.000000 0.000000 0.000000 -64.063398 -17.691115 27.021057 31.801950 -19.688906 36.936036 18.934501 -14.872126 -4.328122 0.919309 -0.668977 -72.082489 45.621275 -29.554388 -48.582777 -11.505653 -16.527838 -27.185637 -7.758271 -14.272142 -26.062760 -11.333106 -17.635394 97.116410 -52.333196 76.714136 34.518393 -176.899469 -34.368171 172.219539 -40.583838 63.898815 21.566747 24.485294 -1.589114 9.926126 19.894093 62.181907 -17.864756 -176.236529 -51.648122 177.081689 -9.651788 63.820242 15.209242 -7.497552 -4.749887 2.450260
0.012568 0.053120 0.049979 3.269835 3.541825 2.050321 -0.000000 0.000000 0.000000 -0.000000 0.000000 0.000000 -0.000000 0.000000 0.000000 -11.207725 -52.812169 -6.306965 -0.000000 0.000000 -0.000000 -62.023320 -20.042926 31.724816 29.617085 -19.553768 33.558400 16.906723 -13.058705 -6.904642 3.836994 -2.694018 -70.136462 43.242848 -28.282524 -52.617513 -15.202528 -18.045243 -29.772071 -10.503524 -15.329210 -29.426185 -5.486364 -10.106119 98.307748 -39.439480 75.590177 25.638663 -181.625999 -45.611009 179.174909 -58.657952 58.034145 14.903808 41.221599 6.527593 23.646101 21.675784 62.684740 -17.201057 -175.994329 -58.053514 183.010323 -3.187848 60.017902 7.366317 -7.167063 -6.367783 2.569907
0.013677 0.059497 0.058555 2.658949 2.504143 0.262623 0.000000 0.000000 0.000000 0.000000 0.000000 0.000000 0.000000 0.000000 0.000000 -8.961813 -54.032452 -3.687833 0.000000 -0.000000 -0.000000 -59.628548 -22.467070 36.646153 26.967569 -19.103539 29.655741 15.295502 -11.384171 -7.938456 6.916637 -4.765511 -69.098906 42.347015 -26.917647 -55.271479 -17.092669 -18.820400 -30.423149 -13.655249 -16.782235 -30.763346 -2.058326 -4.088764 98.650002 -31.998660 74.112335 21.699255 -183.914924 -55.544861 183.033411 -63.600516 56.288323 6.202976 48.345354 11.238542 30.425459 22.547019 64.723829 -16.184563 -175.661094 -60.566448 187.413927 0.363061 57.110525 1.685380 -6.459972 -6.840359 3.573924
0.014717 0.065300 0.067224 1.921026 1.425423 -1.513146 -0.000000 -0.000000 0.000000 -0.000000 -0.000000 0.000000 -0.000000 -0.000000 0.000000 -6.890530 -54.722784 -1.174287 -0.000000 -0.000000 -0.000000 -56.772257 -24.637161 41.823376 23.966828 -18.238406 25.453311 14.450704 -10.349574 -8.015076 9.466587 -6.456546 -68.525693 42.653573 -25.616463 -56.890936 -16.387705 -18.749593 -29.407488 -15.111567 -17.991284 -30.691364 -1.230876 -2.493202 98.725516 -30.351133 73.053893 22.582686 -184.486765 -62.005477 182.823526 -59.240727 54.397937 -0.779950 47.559459 10.775131 32.416797 21.511812 67.644002 -14.163787 -176.069814 -60.467572 189.127223 1.010624 55.499039 -1.936691 -4.974389 -6.623398 5.430201
0.015828 0.070667 0.075990 1.174023 0.105334 -3.059445 -0.000000 0.000000 0.000000 -0.000000 0.000000 0.000000 -0.000000 0.000000 0.000000 -5.414372 -54.468368 0.865156 -0.000000 0.000000 0.000000 -53.394926 -26.092216 47.278064 20.923508 -16.997647 21.425008 14.490719 -10.163180 -7.691806 10.927128 -7.414444 -68.229246 43.420444 -24.326446 -58.211999 -14.175190 -18.080294 -27.686898 -14.353549 -18.296344 -29.436132 -2.397759 -4.818719 98.696599 -34.248260 72.740157 27.709628 -184.543817 -64.301812 177.754679 -43.356545 50.864587 -5.061197 36.802512 4.484253 28.620070 17.604771 70.687178 -10.301488 -177.021073 -59.161894 188.374511 -0.411261 54.583315 -3.650785 -3.014867 -5.461749 7.523822
0.017090 0.075689 0.084652 0.472554 -1.605934 -4.189878 -0.000000 0.000000 0.000000 -0.000000 0.000000 0.000000 -0.000000 0.000000 0.000000 -4.702875 -53.002616 2.195158 0.000000 0.000000 -0.000000 -49.754266 -26.408312 52.625010 18.131159 -15.571882 18.078912 15.061937 -10.576646 -6.898891 11.414433 -7.790743 -68.535215 43.945195 -22.955850 -59.858069 -12.240359 -17.393765 -26.228242 -12.969191 -18.022255 -27.707149 -3.934646 -7.756856 98.622248 -41.857777 73.052844 35.617738 -184.632134 -64.460204 170.952930 -27.462283 47.731249 -4.739489 23.190347 -1.487385 21.532964 11.431481 73.432587 -4.847060 -177.975299 -57.345642 186.213127 -2.764054 53.873313 -3.547920 -1.273602 -3.349893 8.976841
0.018517 0.080354 0.092831 -0.216850 -3.587968 -4.798329 0.000000 -0.000000 -0.000000 0.000000 -0.000000 -0.000000 0.000000 -0.000000 -0.000000 -4.498088 -50.646420 2.813758 -0.000000 -0.000000 -0.000000 -46.493090 -25.579872 57.002710 15.960683 -14.324838 15.871465 15.402150 -10.967196 -5.579778 11.641367 -8.109386 -69.626716 44.066726 -21.541392 -61.812892 -11.379056 -17.061064 -25.401535 -12.479224 -18.005139 -27.131473 -4.531214 -8.919069 98.617306 -49.888070 73.867890 43.901124 -184.848183 -64.452137 166.509070 -14.020894 45.793945 -4.228523 11.324979 -4.342200 13.985697 4.964918 75.855136 0.798099 -178.698125 -54.873707 183.783895 -5.338451 53.704849 -1.918692 0.072424 -0.860702 9.366083
0.020081 0.084601 0.100173 -0.924613 -5.512321 -4.938935 0.000000 -0.000000 -0.000000 0.000000 -0.000000 -0.000000 0.000000 -0.000000 -0.000000 -4.385893 -48.179068 2.902089 0.000000 -0.000000 -0.000000 -44.376097 -24.136602 59.534140 14.927980 -13.762008 15.217502 14.939048 -10.848913 -4.084204 12.146892 -8.723488 -71.269673 44.069060 -20.237604 -63.603290 -11.452797 -17.095938 -25.163440 -12.813858 -18.363256 -28.323813 -4.186104 -8.476262 98.728986 -55.869632 75.096993 50.605975 -185.026619 -64.633507 166.599373 -4.066634 43.502114 -6.492688 3.967632 -3.721308 8.859863 0.472430 77.904996 4.853630 -179.263309 -51.219591 182.117279 -7.093860 54.176954 0.065609 0.819466 2.233309 8.742651
0.021773 0.088416 0.106542 -1.609938 -7.118256 -4.789749 0.000000 0.000000 0.000000 0.000000 0.000000 0.000000 0.000000 0.000000 0.000000 -4.209355 -46.265074 2.667579 0.000000 -0.000000 -0.000000 -43.943685 -22.729504 59.818125 15.502587 -14.273648 16.391553 13.804544 -10.314335 -2.607345 12.744763 -9.500004 -73.287737 44.274000 -19.224066 -64.869727 -12.172142 -17.424135 -25.348252 -13.080967 -18.490845 -30.073286 -3.683319 -7.730014 98.855144 -58.826672 76.396918 54.604124 -184.632932 -64.065566 170.483988 2.404463 40.388761 -10.958168 0.500104 -0.368437 6.562451 -0.190437 79.402828 5.652469 -179.950378 -46.341558 181.871503 -6.720215 54.872943 0.553656 0.724907 6.599502 7.473561
0.023614 0.091852 0.112058 -2.192461 -8.343941 -4.509396 -0.000000 0.000000 0.000000 -0.000000 0.000000 0.000000 -0.000000 0.000000 0.000000 -4.075824 -45.064174 2.255987 -0.000000 -0.000000 0.000000 -45.200714 -21.620413 58.101562 17.773490 -15.774481 19.322991 12.642053 -9.866541 -0.928210 12.798482 -9.988621 -75.776990 44.837561 -18.623978 -65.566868 -13.150871 -17.889436 -25.643625 -12.905662 -18.211769 -31.048293 -3.530044 -7.522682 98.904633 -58.823544 77.274628 55.487559 -184.028832 -62.309119 175.021301 4.486348 38.101895 -15.492012 0.169327 4.213121 6.844921 2.716008 80.168130 3.228633 -180.956529 -41.566900 182.851412 -4.653923 55.700712 -1.047673 0.335471 11.194238 6.258468
0.025628 0.094984 0.116977 -2.627153 -9.212177 -4.174220 0.000000 0.000000 0.000000 0.000000 0.000000 0.000000 0.000000 0.000000 0.000000 -4.043171 -44.322466 1.771688 -0.000000 -0.000000 -0.000000 -47.512314 -20.687354 55.164105 21.240008 -17.677412 23.474490 11.886742 -9.766173 0.887343 12.080001 -9.919899 -78.479203 45.746847 -18.468515 -65.795881 -13.714202 -18.161034 -25.569554 -12.905142 -18.135048 -31.089041 -3.709270 -7.786235 98.855954 -56.236386 77.498777 53.402092 -183.829393 -60.660352 177.594941 1.394311 38.490450 -18.436249 3.051174 7.682604 9.696428 5.890211 80.183358 0.420115 -181.888086 -39.111597 184.046068 -0.941845 56.549366 -4.098743 -0.493033 13.727720 4.855137
0.027808 0.097845 0.121520 -2.940057 -9.699059 -3.835056 0.000000 -0.000000 -0.000000 0.000000 -0.000000 -0.000000 0.000000 -0.000000 -0.000000 -3.972279 -43.735753 1.328973 -0.000000 -0.000000 0.000000 -49.922440 -19.869763 52.032784 24.891415 -19.312027 27.838032 11.347276 -9.696009 2.105682 11.222632 -9.594887 -80.540313 46.857017 -18.709282 -65.688362 -13.398973 -17.958545 -24.739945 -13.631869 -18.690980 -30.570916 -4.081791 -8.217114 98.706494 -51.648160 77.251515 49.118070 -183.884299 -60.501153 177.822990 -0.524141 40.174913 -19.219378 4.546410 8.264628 11.461815 6.306497 79.664158 -0.036034 -182.060781 -40.411381 184.460508 2.848729 57.131842 -6.146006 -1.356525 12.731016 2.864957
0.030136 0.100412 0.125788 -3.195451 -9.750781 -3.560306 -0.000000 -0.000000 -0.000000 -0.000000 -0.000000 -0.000000 -0.000000 -0.000000 -0.000000 -3.704925 -43.221016 1.029538 0.000000 -0.000000 -0.000000 -51.734978 -19.375350 49.527906 27.639525 -20.371833 31.256428 10.546398 -9.203131 2.175525 11.143998 -9.696321 -81.406182 47.996481 -19.269795 -65.390137 -12.426859 -17.266053 -23.077445 -14.538056 -19.367763 -29.545474 -4.801923 -9.074275 98.434714 -46.227262 76.856540 44.071998 -183.946529 -61.657614 176.734692 -0.976084 41.856064 -18.436857 4.664997 6.630625 12.077278 3.937430 78.880393 1.946759 -181.411471 -45.182649 183.918580 3.724853 57.139773 -4.591314 -1.255014 8.746167 0.546422
0.032636 0.102649 0.129811 -3.414908 -9.371261 -3.391331 -0.000000 -0.000000 -0.000000 -0.000000 -0.000000 -0.000000 -0.000000 -0.000000 -0.000000 -3.263675 -42.902100 0.896563 -0.000000 0.000000 0.000000 -52.844899 -19.419025 47.909637 28.884111 -20.921179 33.014294 9.276292 -8.164323 1.518444 12.305740 -10.690202 -81.320542 49.067883 -20.071425 -64.976130 -11.337163 -16.258466 -20.802202 -14.496264 -19.287771 -27.784773 -6.283170 -10.959785 97.992420 -41.488595 76.392866 39.720873 -183.936154 -63.123750 175.039533 -1.719628 43.537618 -16.594986 4.722679 4.069576 12.460137 0.388089 77.999999 4.969030 -180.626087 -51.692192 183.093073 2.567881 56.996524 -0.393709 -0.550880 2.885217 -2.473873
0.035380 0.104583 0.133650 -3.543435 -8.651345 -3.294014 0.000000 -0.000000 0.000000 0.000000 -0.000000 0.000000 0.000000 -0.000000 0.000000 -2.812170 -42.894984 0.868865 0.000000 -0.000000 -0.000000 -53.635405 -19.952742 46.863569 28.772296 -21.138222 33.253581 7.606522 -6.760692 1.099586 14.602195 -12.596907 -80.957449 50.068542 -21.009518 -64.341516 -10.330344 -15.087122 -18.311434 -12.977185 -18.108513 -25.268941 -8.897478 -14.148341 97.300757 -38.573587 75.623961 36.838021 -183.921923 -64.167950 172.631659 -2.634903 45.509106 -14.003601 4.648573 1.158381 12.469635 -2.686571 77.022663 7.531260 -180.274628 -57.698887 182.635152 0.231206 57.377911 4.724625 0.525919 -3.386538 -5.795749
0.038467 0.106321 0.137443 -3.512955 -7.635580 -3.196099 -0.000000 -0.000000 0.000000 -0.000000 -0.000000 0.000000 -0.000000 -0.000000 0.000000 -2.538719 -43.179161 0.845962 -0.000000 0.000000 0.000000 -54.608106 -20.780569 45.788985 27.894987 -21.201481 32.767800 5.722719 -5.356462 1.590031 17.515731 -15.129413 -80.989805 51.089322 -21.991657 -63.170485 -9.207504 -13.786491 -16.022932 -10.317916 -16.053632 -22.195808 -12.845940 -18.393404 96.192642 -37.009476 74.272984 34.738834 -183.986295 -64.541818 169.918891 -1.795994 47.189792 -12.154195 3.226894 -1.092401 11.605628 -4.009295 75.707553 8.469100 -180.304247 -61.843294 182.759631 -1.666060 57.472238 8.305996 1.439840 -7.577418 -8.285085
0.041981 0.107971 0.141357 -3.328587 -6.196441 -3.027285 -0.000000 0.000000 -0.000000 -0.000000 0.000000 -0.000000 -0.000000 0.000000 -0.000000 -2.627018 -43.608527 0.689777 0.000000 -0.000000 -0.000000 -56.110833 -21.762353 44.061777 26.836462 -21.313010 32.467384 4.050368 -4.497658 3.119975 20.165242 -17.770350 -81.943776 52.330314 -23.038478 -61.052385 -7.919402 -12.473729 -14.286556 -7.557247 -13.619430 -18.632665 -17.852684 -22.638741 94.282523 -34.707982 72.244303 31.596597 -183.636967 -63.635354 168.561957 2.024317 48.123310 -12.968215 0.055333 -1.175706 10.182301 -2.905806 73.642680 7.253427 -180.362984 -63.750696 183.359788 -1.262979 56.840889 8.004941 1.579311 -8.243655 -8.758195
0.045950 0.109539 0.145494 -3.062925 -4.195996 -2.679535 -0.000000 -0.000000 -0.000000 -0.000000 -0.000000 -0.000000 -0.000000 -0.000000 -0.000000 -3.237270 -43.945547 0.188335 -0.000000 0.000000 -0.000000 -58.340344 -22.698240 41.159792 25.925905 -21.649174 32.952426 3.310400 -4.805582 5.479250 21.559964 -19.863530 -84.025218 54.052284 -24.264693 -57.726662 -6.829896 -11.490482 -13.328072 -6.420599 -11.738520 -14.720981 -22.447694 -24.973881 91.129964 -29.957756 69.636819 26.232230 -183.121334 -62.087594 169.867498 7.667455 47.786671 -17.026846 -3.360212 0.936015 9.101605 0.375140 70.556380 4.271092 -180.176642 -63.930690 184.032864 -0.224489 56.844331 6.544008 1.077540 -7.180254 -8.026381
0.050337 0.110922 0.149856 -2.757737 -1.727287 -2.020625 -0.000000 0.000000 -0.000000 -0.000000 0.000000 -0.000000 -0.000000 0.000000 -0.000000 -4.404069 -43.901569 -0.833405 -0.000000 0.000000 -0.000000 -61.373447 -23.189409 36.864130 25.099463 -22.251637 34.270155 4.098722 -6.580909 8.242830 21.359755 -20.951774 -86.720621 56.500253 -25.692759 -53.130694 -6.451205 -11.255905 -13.299870 -7.979189 -11.329993 -10.981687 -24.676000 -24.402221 87.042601 -23.078802 66.626811 19.268524 -183.783060 -62.038164 173.599383 15.291938 45.060713 -23.718562 -6.961984 3.328723 7.476729 4.774766 66.534480 0.553994 -179.715246 -63.506064 184.687812 -3.593578 58.052684 8.871483 2.237026 -6.544760 -6.751043
0.055089 0.111986 0.154384 -2.364914 0.946219 -1.016150 -0.000000 -0.000000 0.000000 -0.000000 -0.000000 0.000000 -0.000000 -0.000000 0.000000 -5.994153 -43.258231 -2.327185 0.000000 0.000000 0.000000 -65.101137 -22.846216 31.412144 24.016877 -23.042206 36.004127 6.274814 -9.416175 10.830355 20.365025 -21.224798 -89.007469 59.792589 -27.091200 -47.237829 -7.092874 -11.997776 -14.337336 -11.215499 -12.077541 -7.876552 -24.613855 -22.107260 82.808934 -15.912160 63.396973 12.322351 -185.392168 -64.020599 178.065361 22.600966 39.743562 -29.338818 -10.912413 5.301170 4.920600 9.047981 61.926310 -2.914362 -179.227295 -63.247905 185.733749 -9.941636 58.998446 14.016591 4.755500 -6.010416 -5.661500
0.060177 0.112641 0.159017 -1.832073 3.628379 0.251419 -0.000000 0.000000 0.000000 -0.000000 0.000000 0.000000 -0.000000 0.000000 0.000000 -7.802458 -42.043642 -4.098301 -0.000000 -0.000000 0.000000 -69.264464 -21.516233 25.266367 22.562460 -23.952948 37.684557 8.903200 -12.358936 12.747137 19.856459 -21.482869 -90.254832 63.728987 -28.080131 -40.165406 -8.705611 -13.542141 -16.399063 -14.271463 -12.832002 -5.374345 -24.014221 -19.829052 78.581618 -10.105005 60.055376 6.516754 -186.709077 -66.145890 181.818268 28.494341 33.474251 -31.557150 -15.418520 7.816785 1.404480 12.431013 57.195997 -5.691348 -179.136055 -62.631449 187.082668 -17.622427 59.155275 20.600217 8.364292 -4.949811 -5.177775
0.065565 0.112863 0.163707 -1.226287 6.274062 1.698099 -0.000000 0.000000 -0.000000 -0.000000 0.000000 -0.000000 -0.000000 0.000000 -0.000000 -9.623064 -40.552695 -6.023102 0.000000 -0.000000 -0.000000 -73.515272 -19.200006 18.771682 21.018359 -24.964043 39.130269 10.891485 -14.542779 13.862078 20.674608 -22.507273 -90.455568 67.666330 -28.477590 -32.519815 -10.783789 -15.297856 -19.044129 -16.292085 -12.983870 -3.273168 -24.025156 -18.304301 74.232847 -6.462024 56.592718 2.170392 -187.448886 -66.753928 183.874205 32.633059 28.614035 -30.994360 -19.211937 11.356349 -2.361605 14.787769 52.753168 -7.824379 -179.777828 -60.400663 187.805633 -23.734405 59.168454 27.972227 11.348617 -2.955273 -6.909867
0.071151 0.112683 0.168405 -0.729129 8.926560 3.315970 -0.000000 0.000000 0.000000 -0.000000 0.000000 0.000000 -0.000000 0.000000 0.000000 -11.246538 -39.133903 -8.092565 0.000000 0.000000 0.000000 -77.343178 -15.968628 12.160564 19.424669 -26.011776 40.249694 11.592936 -15.659828 14.456574 23.157269 -24.704213 -89.815642 70.851579 -28.549915 -25.224742 -12.439751 -16.577188 -21.465140 -17.451260 -12.683373 -1.736060 -24.787444 -17.492029 69.990668 -5.110693 53.098306 -0.904787 -187.394101 -65.013299 183.063287 35.150913 28.245998 -29.300535 -20.945356 14.339034 -5.436154 16.246312 48.584629 -9.475983 -180.813119 -56.453361 187.359800 -24.571297 60.131388 33.842560 11.528504 0.042764 -11.394217
0.076786 0.112160 0.173075 -0.537341 11.702801 5.180966 0.000000 -0.000000 -0.000000 0.000000 -0.000000 -0.000000 0.000000 -0.000000 -0.000000 -12.512550 -38.020132 -10.370869 0.000000 -0.000000 -0.000000 -80.192507 -12.060161 5.616839 17.261025 -26.950983 40.712544 10.936891 -15.955329 14.972836 27.400445 -28.098854 -88.445145 72.947701 -28.872367 -18.893059 -12.840538 -16.964423 -22.826971 -18.222472 -12.387060 -1.346398 -26.001281 -17.195952 66.440313 -5.340850 49.751717 -3.352681 -185.662265 -61.616845 179.162011 35.904100 33.967226 -26.704527 -20.272830 14.785870 -7.405504 16.935126 43.982156 -10.707292 -181.283110 -52.678662 186.025890 -20.294670 62.242995 36.766672 9.066606 3.512338 -17.003192
0.082359 0.111352 0.177715 -0.760822 14.742042 7.396928 -0.000000 0.000000 0.000000 -0.000000 0.000000 0.000000 -0.000000 0.000000 0.000000 -13.412869 -37.356973 -12.949971 0.000000 -0.000000 -0.000000 -81.813517 -7.877748 -0.748399 14.185349 -27.603511 40.155099 9.419921 -16.065951 15.855708 32.930713 -32.119992 -86.458682 74.088966 -29.991207 -13.672760 -11.696815 -16.337909 -22.584508 -19.083891 -12.561777 -2.732605 -27.143655 -17.194160 64.114989 -5.785155 46.487737 -5.977005 -183.259284 -59.440840 174.246327 33.880059 41.866345 -22.295519 -17.659832 12.894035 -8.836847 16.965745 38.035533 -11.569953 -180.337672 -51.158148 183.928949 -16.018477 64.390786 39.923554 5.899363 6.417317 -22.047952
0.087827 0.110294 0.182352 -1.329252 18.037569 9.985306 0.000000 0.000000 0.000000 0.000000 0.000000 0.000000 0.000000 0.000000 0.000000 -14.121412 -37.264553 -15.854215 0.000000 -0.000000 -0.000000 -82.404402 -3.839450 -6.778011 10.493408 -27.779022 38.527654 8.026934 -16.895019 17.638654 38.251740 -35.775230 -84.552489 74.553601 -32.170492 -9.575135 -9.437395 -14.790758 -20.739334 -20.276346 -13.340790 -5.951777 -27.764623 -17.288290 63.192564 -5.550926 43.092580 -9.136285 -182.170810 -59.969859 170.105239 29.225137 47.786029 -15.906218 -14.067693 9.840562 -10.630078 16.414663 30.524712 -12.274400 -177.581516 -52.908047 181.484611 -15.174242 65.917512 46.251089 2.728900 8.138186 -26.129935
0.093203 0.109021 0.187004 -2.019925 21.411613 12.839800 -0.000000 -0.000000 -0.000000 -0.000000 -0.000000 -0.000000 -0.000000 -0.000000 -0.000000 -14.891533 -37.870012 -19.012785 -0.000000 0.000000 -0.000000 -82.398033 -0.280786 -12.183360 6.600156 -27.248351 35.924367 7.675633 -19.084966 20.747687 41.698725 -38.468977 -83.854084 74.600804 -35.259125 -6.496702 -7.066207 -12.740845 -18.022394 -21.260772 -14.198460 -10.011591 -28.096527 -17.492943 63.171265 -4.809426 39.573591 -12.642795 -183.367647 -63.121051 166.438677 23.181605 51.054957 -8.018597 -10.323039 5.777417 -13.382885 15.330388 21.998884 -13.116261 -173.143006 -58.142031 180.134636 -17.078366 66.346889 54.448149 -0.318529 8.609400 -29.261049
0.098504 0.107609 0.191671 -2.674754 24.741442 15.830185 0.000000 0.000000 -0.000000 0.000000 0.000000 -0.000000 0.000000 0.000000 -0.000000 -15.897872 -39.317088 -22.357601 -0.000000 -0.000000 0.000000 -82.173754 2.582829 -16.751771 2.835601 -25.828213 32.528323 8.665959 -22.333840 24.987799 42.845356 -40.111538 -84.542046 74.549538 -38.868202 -4.038468 -5.587615 -10.872184 -15.490648 -20.962758 -14.434491 -13.302775 -28.826273 -17.949035 63.141965 -4.044736 35.981773 -16.227135 -187.756247 -68.326226 161.647881 18.181340 51.791920 -0.236715 -7.846017 1.122350 -17.340542 13.826500 13.251113 -14.288742 -167.242055 -65.971147 182.039865 -18.227283 65.408686 59.776149 -2.759624 8.080334 -31.286676
0.103710 0.106195 0.196357 -3.354841 28.063648 18.930711 -0.000000 -0.000000 0.000000 -0.000000 -0.000000 0.000000 -0.000000 -0.000000 0.000000 -17.251193 -41.677981 -25.930364 -0.000000 0.000000 0.000000 -81.949130 4.660581 -20.466109 -0.442316 -23.512835 28.659274 10.659883 -25.608036 29.539813 42.519475 -40.771170 -85.657874 74.826609 -42.717850 -1.665621 -5.440775 -9.661343 -13.738943 -19.048737 -13.835355 -14.839324 -30.117171 -18.546873 62.506068 -3.408172 32.079518 -19.766574 -197.025381 -74.264945 153.237995 17.805898 50.181269 4.946743 -8.612990 -2.253149 -22.626307 12.117227 5.102833 -15.865644 -158.759996 -74.116435 189.176405 -17.172716 64.073518 60.834409 -4.643295 6.701719 -32.693816
0.108756 0.104956 0.201091 -4.216288 31.398999 22.172550 0.000000 -0.000000 -0.000000 0.000000 -0.000000 -0.000000 0.000000 -0.000000 -0.000000 -19.109098 -44.750790 -29.842675 -0.000000 0.000000 -0.000000 -81.837325 5.975072 -23.367811 -3.109959 -20.379196 24.475952 12.786696 -28.019272 33.444275 42.164512 -40.813090 -86.083218 75.737535 -46.683063 0.930135 -6.378325 -9.074924 -12.669760 -16.415032 -12.675892 -14.817320 -31.379266 -18.896989 61.290483 -2.852653 27.652206 -23.162305 -214.258691 -79.301670 137.379514 22.696561 47.302757 7.224144 -12.992899 -2.940473 -28.715870 10.555486 -1.892640 -17.766183 -143.494192 -80.615444 205.153156 -15.441087 62.749260 59.842015 -5.724342 4.762288 -33.870328
0.113589 0.104028 0.205963 -5.288665 34.595385 25.494987 -0.000000 0.000000 0.000000 -0.000000 0.000000 0.000000 -0.000000 0.000000 0.000000 -21.567830 -47.994888 -34.089154 -0.000000 0.000000 -0.000000 -81.854713 6.666433 -25.503387 -5.295654 -16.551324 20.029175 13.964095 -29.290214 35.982146 43.156188 -40.846045 -85.052224 77.192390 -50.612543 3.670160 -7.715457 -8.810016 -11.930020 -14.348028 -11.472000 -14.025104 -31.877676 -18.701985 59.935134 -2.367630 23.018647 -26.278948 -243.692356 -82.231965 109.367404 29.717020 43.423365 8.496974 -18.878727 -0.667671 -34.154956 9.571447 -7.967905 -19.636269 -104.659637 -84.604499 246.841621 -12.293350 60.123775 56.375198 -5.283291 3.371916 -34.799721
0.118248 0.103430 0.211121 -6.402228 37.372889 28.689378 0.000000 0.000000 0.000000 0.000000 0.000000 0.000000 0.000000 0.000000 0.000000 -24.399396 -50.736761 -38.361835 0.000000 -0.000000 -0.000000 -81.924543 6.944980 -26.940777 -6.987621 -12.494231 15.737165 13.679902 -29.555242 36.891911 45.778282 -41.066027 -82.371666 78.801774 -54.207986 6.297869 -8.880389 -8.669807 -11.378456 -13.604158 -10.664109 -13.126639 -31.293477 -17.953049 58.844997 -2.018360 18.888077 -29.015704 -277.145694 -82.430904 77.017881 35.428145 38.695285 10.459984 -23.687456 3.620469 -37.782898 9.040744 -13.271067 -21.249143 -46.558344 -83.094843 309.742635 -7.552587 56.036577 50.909643 -4.081012 2.645221 -36.010365
0.122849 0.103065 0.216697 -7.320346 39.514623 31.490229 -0.000000 -0.000000 0.000000 -0.000000 -0.000000 0.000000 -0.000000 -0.000000 0.000000 -26.993897 -52.498488 -42.069183 -0.000000 0.000000 0.000000 -81.954318 6.998602 -27.777801 -8.080436 -9.038655 12.330183 12.421330 -29.100771 36.514751 48.861848 -41.163246 -78.881551 80.287120 -57.080799 8.749997 -9.777237 -8.642328 -11.094877 -14.098568 -10.359803 -12.439945 -29.924572 -16.874012 58.062796 -1.922552 15.757703 -31.348234 -296.309086 -81.285129 57.991893 38.173891 34.833460 13.252319 -26.091634 7.827742 -39.594749 7.893189 -16.297641 -23.196731 -27.599067 -79.634033 331.748923 -3.304818 52.366601 47.628759 -3.690589 2.606769 -38.344621
0.127500 0.102765 0.222730 -7.981318 41.038550 33.788526 -0.000000 -0.000000 0.000000 -0.000000 -0.000000 0.000000 -0.000000 -0.000000 0.000000 -28.745541 -53.227489 -44.741847 0.000000 -0.000000 0.000000 -81.877733 6.977697 -28.243229 -8.644558 -6.919873 10.407367 10.718721 -28.124045 35.229854 51.278606 -41.093052 -75.895885 81.755713 -59.027148 11.254115 -10.542561 -8.728440 -11.080120 -15.023873 -10.297213 -11.927500 -28.649910 -15.866011 57.242014 -2.173347 13.554155 -33.325571 -300.685148 -80.749449 52.058160 37.733699 34.077837 15.865323 -26.013102 9.971056 -40.026928 4.885895 -14.219784 -26.606249 -23.939658 -81.637131 330.543111 -1.789602 52.293526 51.565982 -5.234238 3.800006 -42.414354
0.132259 0.102355 0.229169 -8.561168 42.170375 35.728899 0.000000 -0.000000 0.000000 0.000000 -0.000000 0.000000 0.000000 -0.000000 0.000000 -29.531930 -53.280501 -46.437733 -0.000000 -0.000000 0.000000 -81.653363 7.006230 -28.697295 -8.865602 -6.396297 10.177857 8.239999 -26.456383 32.782520 53.460100 -41.195147 -73.450663 83.554922 -60.207974 14.083818 -11.205313 -8.839243 -11.139053 -15.437901 -10.093826 -11.308660 -28.393192 -15.307040 55.954002 -2.733675 11.879184 -35.049960 -294.617758 -81.318988 54.999924 34.124443 37.439572 17.683046 -24.005744 8.696884 -39.282079 0.840279 -7.603900 -30.925254 -56.685010 -88.085298 285.699035 -3.824208 56.044303 62.224981 -8.272860 5.669382 -47.802871
0.137155 0.101709 0.235934 -9.215073 43.124404 37.461434 -0.000000 -0.000000 -0.000000 -0.000000 -0.000000 -0.000000 -0.000000 -0.000000 -0.000000 -29.645040 -53.140032 -47.503593 0.000000 -0.000000 0.000000 -81.317414 7.075565 -29.315720 -8.852335 -7.152830 11.333761 4.630807 -23.716238 28.944405 56.499158 -41.597126 -70.514535 85.849173 -60.902491 17.265797 -11.733210 -8.872632 -11.042564 -14.962735 -9.570820 -10.408405 -29.427013 -15.260351 54.057036 -3.481730 10.497107 -36.587500 -278.697084 -82.419058 67.041425 28.121285 44.875098 19.477514 -21.412281 3.829991 -38.090274 -2.576210 -0.413397 -34.698099 -169.303874 -84.312789 159.433126 -12.668956 60.998711 74.019482 -11.668024 6.055994 -53.310695
0.142212 0.100774 0.242974 -9.883233 43.964040 38.915839 0.000000 0.000000 -0.000000 0.000000 0.000000 -0.000000 0.000000 0.000000 -0.000000 -29.375817 -53.095395 -48.113955 0.000000 -0.000000 -0.000000 -81.017727 7.011818 -29.891305 -8.675042 -8.443989 13.105414 0.602188 -19.904768 24.341638 60.522844 -41.938057 -66.598488 88.388678 -61.241966 20.484226 -12.117370 -8.762382 -10.642616 -13.872907 -8.851130 -9.455842 -31.330613 -15.522976 51.841914 -4.321430 9.380558 -37.881874 -249.248439 -82.991162 92.318501 20.883139 55.208219 22.497370 -19.629812 -2.883478 -37.069001 -3.916974 2.121043 -36.681859 -170.590183 -82.056175 150.727176 -23.997962 63.240270 78.369259 -14.254060 5.221650 -57.888206
0.147453 0.099524 0.250252 -10.419587 44.665102 39.946320 0.000000 -0.000000 0.000000 0.000000 -0.000000 0.000000 0.000000 -0.000000 0.000000 -28.854267 -53.140534 -48.269855 -0.000000 -0.000000 0.000000 -80.927759 6.627638 -30.050714 -8.471766 -9.540135 14.693739 -2.746821 -15.648743 19.908004 64.655596 -41.836702 -62.262184 90.687300 -61.340300 23.212295 -12.131554 -8.402303 -9.808175 -12.571154 -8.185068 -8.849749 -33.704533 -15.980244 49.724436 -5.161495 8.285150 -38.796876 -214.816130 -81.561104 122.281223 13.127367 65.205810 27.788825 -19.313197 -8.059745 -36.321144 -3.626527 0.117117 -37.045372 -169.309824 -83.837447 152.498847 -25.431172 63.052871 78.853360 -15.109186 5.400933 -60.622887
0.152906 0.097893 0.257701 -10.785765 45.217535 40.544377 -0.000000 -0.000000 0.000000 -0.000000 -0.000000 0.000000 -0.000000 -0.000000 0.000000 -28.112442 -53.144359 -47.996308 -0.000000 -0.000000 0.000000 -81.122513 5.801896 -29.533337 -8.303750 -10.169413 15.783712 -5.185938 -11.528236 16.084064 68.185352 -41.421843 -58.374142 92.428703 -61.385730 25.099210 -11.308977 -7.658279 -8.482011 -11.087486 -7.624067 -8.550743 -36.811467 -16.710990 47.630518 -5.849604 6.465327 -39.193330 -192.750694 -79.003774 140.153980 1.490066 71.651703 38.682274 -20.112057 -11.045922 -36.047627 -1.913562 -5.939471 -35.790893 -80.098302 -89.304246 250.721422 -14.485085 60.771722 77.186083 -14.395103 6.049256 -61.133596
0.158578 0.095791 0.265187 -11.077772 45.648834 40.836807 -0.000000 0.000000 -0.000000 -0.000000 0.000000 -0.000000 -0.000000 0.000000 -0.000000 -27.130681 -53.096010 -47.370228 -0.000000 0.000000 -0.000000 -81.527035 4.466799 -28.314148 -8.001986 -10.594385 16.686973 -7.116321 -7.591083 12.880920 70.801067 -41.122261 -55.650763 93.678747 -61.430708 26.284484 -9.475129 -6.526956 -6.868907 -9.229649 -6.974398 -8.076862 -41.132532 -17.684805 45.039538 -6.240449 3.040630 -38.994848 -180.688708 -77.880390 149.728929 -20.472287 74.560835 60.868351 -21.588256 -12.545963 -36.286654 0.621937 -13.688589 -33.414497 -9.033463 -80.816237 335.128311 -3.344651 55.543116 71.547634 -12.847696 5.105652 -60.003553
0.164433 0.093194 0.272528 -11.419345 46.001276 40.971061 0.000000 -0.000000 0.000000 0.000000 -0.000000 0.000000 0.000000 -0.000000 0.000000 -25.885819 -53.153392 -46.470842 0.000000 -0.000000 0.000000 -81.969548 2.670195 -26.622057 -7.306901 -11.283449 17.955948 -8.644613 -3.858337 10.299169 71.920262 -41.263525 -54.854376 94.742395 -61.325810 27.237499 -7.132004 -5.241009 -5.369892 -6.974185 -6.052592 -7.141128 -46.483435 -18.605090 41.754827 -6.360994 -2.167619 -38.296872 -171.799300 -79.075065 158.273056 -52.767035 75.325530 78.071494 -23.114394 -13.032728 -36.866961 2.717499 -18.734365 -31.363609 -10.715122 -74.021274 343.909927 1.154867 50.850689 64.172711 -11.328871 2.455359 -58.005600
0.170428 0.090181 0.279587 -11.837056 46.300989 41.046483 0.000000 -0.000000 0.000000 0.000000 -0.000000 0.000000 0.000000 -0.000000 0.000000 -24.448653 -53.430869 -45.402605 -0.000000 -0.000000 -0.000000 -82.299499 0.628347 -24.801948 -6.079387 -12.479445 19.881264 -9.575748 -0.789272 8.538339 70.770948 -41.973622 -56.743929 95.817194 -60.989139 28.252378 -4.983694 -4.102076 -4.243449 -4.547972 -4.907383 -5.962067 -52.021362 -19.212527 38.258141 -6.380050 -8.430910 -37.370310 -159.957345 -82.042720 171.276940 -72.874640 74.972317 79.758474 -24.213726 -13.347368 -37.878024 3.199990 -18.216668 -31.074540 -9.368085 -73.466453 348.836107 0.349399 49.839267 59.578356 -10.299555 -1.372765 -55.605816
0.176551 0.086900 0.286342 -12.213180 46.540358 41.044284 -0.000000 0.000000 0.000000 -0.000000 0.000000 0.000000 -0.000000 0.000000 0.000000 -22.972253 -53.824787 -44.256147 0.000000 -0.000000 0.000000 -82.486525 -1.434103 -23.044585 -4.319599 -14.065734 22.352716 -9.881810 1.037117 7.877697 66.905268 -43.110210 -61.749249 96.834129 -60.471335 29.259458 -3.302602 -3.253658 -3.520191 -2.282497 -3.767263 -4.891697 -57.007589 -19.538894 35.184275 -6.412790 -14.631161 -36.450733 -130.351151 -85.544442 203.174688 -76.803266 74.253256 79.909586 -24.988093 -14.367073 -39.419068 2.302582 -13.660453 -32.217686 -3.126401 -77.955048 353.079767 -5.131095 52.723245 60.191034 -9.790795 -6.622834 -53.699955
0.182813 0.083529 0.292866 -12.365293 46.694859 40.762681 -0.000000 0.000000 -0.000000 -0.000000 0.000000 -0.000000 -0.000000 0.000000 -0.000000 -21.511556 -54.100105 -42.948790 -0.000000 -0.000000 0.000000 -82.624468 -3.504707 -21.276874 -2.148435 -15.710740 24.975386 -9.573265 1.299817 8.416435 60.288692 -44.105100 -69.797562 97.638995 -59.683016 30.104079 -1.971338 -2.688016 -3.147454 -0.377809 -2.788589 -4.054884 -61.329481 -19.755699 32.732832 -6.400969 -19.766109 -35.509290 -56.711576 -85.866473 280.499488 -76.164687 74.238469 79.895576 -25.418314 -15.179644 -40.677019 1.293355 -9.131749 -33.192850 8.097942 -82.636027 361.643176 -12.480735 56.057371 63.834731 -9.190165 -11.798322 -52.771113
0.189194 0.080230 0.299256 -12.212472 46.766839 39.963785 0.000000 0.000000 -0.000000 0.000000 0.000000 -0.000000 0.000000 0.000000 -0.000000 -19.979856 -54.053699 -41.275860 0.000000 -0.000000 -0.000000 -82.834369 -5.709120 -19.391617 0.203630 -17.151191 27.347024 -8.424029 -0.037605 9.916614 51.346706 -44.047104 -79.789659 98.164103 -58.426403 30.717772 -0.635934 -2.204927 -2.915440 1.471094 -1.885066 -3.391908 -65.793910 -19.970918 30.452632 -6.156491 -23.238043 -34.316022 -22.513931 -82.128437 319.506995 -63.173792 74.890296 79.352382 -24.934682 -14.999156 -40.883886 0.667787 -6.284390 -33.274883 23.567034 -85.202152 376.146067 -16.901130 58.024309 65.808894 -8.677121 -15.040912 -52.324117
0.195636 0.077101 0.305570 -11.894225 46.809983 38.698742 -0.000000 -0.000000 -0.000000 -0.000000 -0.000000 -0.000000 -0.000000 -0.000000 -0.000000 -18.415297 -53.573112 -39.299046 0.000000 0.000000 -0.000000 -83.151381 -8.025878 -17.518881 2.547011 -18.393148 29.391669 -6.249166 -2.702307 11.975165 41.269599 -42.204767 -88.385802 98.462372 -56.792961 31.092510 1.282460 -1.347940 -2.401796 4.204367 -0.652079 -2.703810 -72.076084 -20.020157 27.271845 -5.504139 -25.197140 -32.733964 -11.254432 -77.875958 336.127987 -28.173792 74.364076 65.795881 -23.079838 -14.403967 -39.739299 0.230281 -4.462224 -32.682609 39.314443 -86.100445 391.986879 -16.704255 58.829747 64.400554 -8.475880 -16.102106 -51.661130
0.202071 0.074169 0.311823 -11.643757 46.898916 37.273873 -0.000000 -0.000000 -0.000000 -0.000000 -0.000000 -0.000000 -0.000000 -0.000000 -0.000000 -17.051335 -52.697637 -37.375784 0.000000 -0.000000 -0.000000 -83.537493 -10.286758 -15.909641 4.924507 -19.614848 31.359785 -3.309396 -6.014000 14.200015 31.711744 -38.549511 -93.582662 98.665999 -55.096274 31.316445 4.069753 0.200703 -1.394117 8.581221 1.501015 -1.632078 -80.786122 -19.183291 22.272092 -4.398557 -26.382441 -30.821904 -6.863715 -73.790822 345.933409 -1.705127 71.795638 41.437580 -20.247320 -14.070296 -37.232049 -0.198362 -3.044065 -31.804024 49.501635 -86.045540 402.580974 -12.266382 58.419539 58.480233 -8.336378 -15.326297 -49.794864
0.208440 0.071433 0.318000 -11.537306 47.073471 35.891739 -0.000000 -0.000000 -0.000000 -0.000000 -0.000000 -0.000000 -0.000000 -0.000000 -0.000000 -16.043329 -51.716939 -35.730783 0.000000 -0.000000 -0.000000 -83.961091 -12.382705 -14.670438 7.505432 -20.928116 33.499198 -0.309041 -9.014832 16.116625 24.000050 -33.853356 -96.134806 98.937101 -53.396142 31.620982 7.119314 2.087244 -0.248585 13.751318 4.524130 -0.206895 -88.550118 -16.861345 16.383792 -3.013150 -27.282046 -28.755769 -5.413788 -69.983747 352.699150 9.166479 67.886948 26.560925 -17.903131 -13.824921 -33.892853 -0.596146 -2.088813 -30.789743 49.277790 -85.320093 403.219509 -3.962223 56.141977 47.083510 -8.250304 -12.693309 -45.866669
0.214691 0.068903 0.324094 -11.480099 47.324528 34.614326 -0.000000 -0.000000 -0.000000 -0.000000 -0.000000 -0.000000 -0.000000 -0.000000 -0.000000 -15.385331 -51.073375 -34.381892 0.000000 0.000000 -0.000000 -84.378327 -14.150326 -13.898947 10.331228 -22.326155 35.967443 2.020109 -11.000441 17.298572 18.581387 -29.275816 -97.309253 99.423956 -51.566065 32.231976 9.300755 3.409322 0.426499 17.708050 6.691540 0.484168 -92.620070 -14.736768 12.502751 -1.785809 -27.726859 -26.885152 -5.054194 -66.930211 357.648335 16.254681 63.364797 15.648800 -16.634853 -13.437328 -30.643261 -0.965477 -1.630324 -29.751807 43.652503 -84.196150 398.772534 3.996117 52.180889 35.294298 -8.327832 -9.396629 -40.947846
0.220769 0.066597 0.330125 -11.417490 47.635707 33.593802 0.000000 0.000000 0.000000 0.000000 0.000000 0.000000 0.000000 0.000000 0.000000 -15.062438 -51.034584 -33.413111 0.000000 -0.000000 0.000000 -84.686066 -15.208203 -13.911281 13.222669 -23.722347 38.888396 3.523476 -12.033167 17.749499 15.083836 -25.549885 -97.856959 100.182232 -49.770026 33.142156 9.864662 3.446706 0.254531 19.293086 5.619681 -0.918702 -93.794646 -16.072688 12.953562 -1.209829 -27.320375 -25.699616 -4.529986 -65.618319 360.817146 19.841743 59.940144 9.115467 -15.893146 -13.271251 -28.160951 -1.402147 -1.465100 -28.949192 40.581418 -83.325105 396.152951 7.173090 49.595322 29.262989 -8.348866 -7.920067 -37.581863
0.226612 0.064516 0.336112 -11.440373 48.016356 33.054416 0.000000 -0.000000 -0.000000 0.000000 -0.000000 -0.000000 0.000000 -0.000000 -0.000000 -15.070980 -51.538625 -32.971228 0.000000 -0.000000 0.000000 -84.767683 -15.334010 -14.906585 15.772121 -24.908747 42.050030 4.529750 -12.622618 17.788071 12.947096 -22.834021 -98.104169 101.168049 -48.475984 34.131263 8.781074 2.130677 -0.799749 17.743321 0.797382 -4.667491 -92.494747 -21.758344 18.586613 -1.398238 -26.085794 -25.428170 -3.209660 -66.321873 362.408121 22.416399 59.168522 5.678456 -16.364104 -13.594947 -27.477581 -1.902547 -1.530730 -28.577947 43.049844 -83.380008 397.420234 6.116238 50.284721 29.504973 -8.359647 -8.541260 -36.571383
0.232155 0.062630 0.342045 -11.691405 48.485220 33.092099 -0.000000 0.000000 -0.000000 -0.000000 0.000000 -0.000000 -0.000000 0.000000 -0.000000 -15.300583 -52.383385 -33.037073 0.000000 -0.000000 0.000000 -84.579284 -14.901291 -16.505902 17.271515 -25.596574 44.572038 4.991610 -12.840405 17.636477 12.070633 -21.558004 -98.172732 102.323498 -48.031429 34.992742 6.639864 0.050018 -2.428911 12.605476 -5.377011 -9.538478 -86.984771 -28.408365 28.764578 -1.983156 -24.548243 -25.825381 -1.261623 -67.938634 363.377431 26.771814 60.609664 3.509468 -18.980268 -14.444347 -29.636705 -2.302295 -1.985261 -28.579253 51.588977 -84.366184 403.281661 1.459565 53.898448 35.637408 -8.726149 -10.667737 -37.930006
0.237355 0.060896 0.347910 -12.218941 49.018748 33.625074 -0.000000 -0.000000 -0.000000 -0.000000 -0.000000 -0.000000 -0.000000 -0.000000 -0.000000 -15.521935 -53.339382 -33.388643 -0.000000 0.000000 -0.000000 -84.184802 -14.543818 -18.012902 16.792210 -25.587184 45.320685 4.374988 -12.293650 17.383469 12.856096 -22.669559 -98.102319 103.521903 -48.505740 35.585937 4.258969 -2.044906 -4.177288 6.010090 -9.767676 -13.559857 -76.126324 -31.925368 40.074990 -2.519750 -23.240001 -26.489611 0.727585 -69.206039 364.489106 31.536563 62.861524 2.878658 -22.453278 -15.644849 -34.146730 -2.506131 -2.822582 -28.806046 70.748692 -85.831016 418.859755 -9.070337 59.449344 50.284156 -9.904295 -14.374706 -42.476918
0.242226 0.059267 0.353719 -12.882623 49.520200 34.432042 -0.000000 0.000000 0.000000 -0.000000 0.000000 0.000000 -0.000000 0.000000 0.000000 -15.505909 -54.018073 -33.731855 0.000000 0.000000 -0.000000 -83.708921 -14.525904 -19.002520 13.718658 -24.784623 43.734541 2.525176 -10.961497 17.071187 15.728129 -26.615082 -97.856653 104.444936 -49.804164 35.733724 2.064559 -3.835199 -5.820187 1.272794 -11.531621 -15.614426 -65.447580 -32.411173 48.673869 -2.837293 -22.241131 -27.182584 2.317002 -69.578704 365.874880 31.597236 64.325514 6.063626 -23.874925 -16.925752 -38.491177 -2.603991 -3.751467 -29.178648 112.650924 -86.646803 456.627270 -25.306703 63.245016 70.170176 -11.816062 -17.493475 -48.744853
0.246834 0.057698 0.359510 -13.418148 49.875653 35.210118 -0.000000 -0.000000 -0.000000 -0.000000 -0.000000 -0.000000 -0.000000 -0.000000 -0.000000 -15.130824 -54.012858 -33.822187 -0.000000 0.000000 -0.000000 -83.315222 -14.717856 -19.388496 8.476981 -23.037752 40.010984 0.017799 -9.365149 16.631597 20.821435 -32.480090 -97.246379 104.740144 -51.591555 35.337078 -0.276138 -5.543498 -7.516367 -0.558989 -11.389980 -16.019770 -58.160966 -31.772989 54.201303 -3.016313 -21.241510 -27.829268 3.527964 -69.401227 367.307685 27.325877 64.354093 12.112627 -23.202586 -17.840882 -41.551271 -2.679136 -4.648268 -29.580681 153.981821 -85.554785 493.844191 -37.244243 64.109812 77.359779 -13.432693 -17.044633 -53.701803
0.251259 0.056154 0.365319 -13.644404 50.054517 35.702014 0.000000 0.000000 0.000000 0.000000 0.000000 0.000000 0.000000 0.000000 0.000000 -14.425025 -53.353849 -33.546689 -0.000000 0.000000 -0.000000 -83.164446 -14.977086 -19.220447 2.509093 -20.163657 34.716699 -2.421601 -7.936512 15.926967 28.105368 -38.428421 -95.754867 104.395825 -53.220743 34.620860 -3.372011 -7.469373 -9.506225 -0.697775 -10.295178 -15.634099 -52.590171 -30.694854 58.099564 -3.178462 -19.962623 -28.379738 4.748183 -69.535916 368.567887 21.866260 63.311745 18.378195 -21.373530 -18.040247 -43.334417 -2.623573 -5.951604 -29.740512 173.542768 -84.122434 510.519915 -39.708463 64.372191 78.616014 -14.088458 -13.213947 -56.826252
0.255570 0.054619 0.371179 -13.566204 50.122758 35.796957 0.000000 0.000000 0.000000 0.000000 0.000000 0.000000 0.000000 0.000000 0.000000 -13.511128 -52.524720 -32.913129 -0.000000 0.000000 0.000000 -83.293555 -15.236300 -18.747795 -2.625999 -16.247496 28.566510 -4.358032 -6.749827 14.858291 37.289147 -42.680522 -92.135412 103.749230 -54.152183 33.982322 -7.254415 -9.514586 -11.740648 -0.780179 -9.158732 -15.139217 -47.232814 -29.100363 61.389117 -3.371520 -18.379328 -28.759807 6.310373 -70.371500 369.665677 17.733117 61.686108 22.852143 -19.341028 -17.359099 -44.043818 -2.238484 -8.330304 -29.354369 185.353085 -83.813140 521.686942 -35.058682 64.891027 78.683595 -13.869689 -7.721733 -59.101345
0.259815 0.053074 0.377119 -13.255018 50.157705 35.472312 -0.000000 0.000000 -0.000000 -0.000000 0.000000 -0.000000 -0.000000 0.000000 -0.000000 -12.496849 -51.931301 -31.953033 -0.000000 -0.000000 -0.000000 -83.642026 -15.348994 -18.418618 -5.890310 -12.018681 22.501540 -5.255839 -6.077355 13.569645 46.329559 -43.929994 -85.101927 103.062839 -54.315456 33.562583 -11.298215 -11.319399 -13.893939 -1.636781 -8.510459 -14.774899 -41.847429 -26.986108 64.223844 -3.615563 -16.534839 -28.916095 8.417159 -71.760281 370.812314 16.262654 60.342387 24.632644 -18.266346 -16.263427 -44.136494 -1.468174 -11.943523 -28.295817 198.892118 -84.842425 536.833854 -26.690961 65.365228 78.218634 -13.181990 -2.147197 -61.096020
0.264030 0.051474 0.383165 -12.701617 50.183568 34.672204 -0.000000 0.000000 0.000000 -0.000000 0.000000 0.000000 -0.000000 0.000000 0.000000 -11.446915 -51.645764 -30.664352 -0.000000 0.000000 -0.000000 -84.187761 -15.185043 -18.513622 -6.687046 -8.836597 17.659179 -4.747083 -6.349190 12.746090 51.348822 -42.440208 -77.681214 102.284889 -53.958437 33.133446 -14.737414 -12.634116 -15.616985 -3.354424 -8.437273 -14.480328 -36.801838 -24.564687 66.404102 -3.964434 -14.372621 -28.824993 11.340047 -73.496215 372.401995 16.567168 59.758274 24.515390 -18.200322 -15.412157 -43.848689 -0.421890 -16.339732 -26.611822 230.086652 -86.612535 571.286152 -17.980442 65.510465 77.213829 -12.589661 2.097632 -62.484604
0.268228 0.049769 0.389330 -11.808969 50.174812 33.316927 -0.000000 0.000000 0.000000 -0.000000 0.000000 0.000000 -0.000000 0.000000 0.000000 -10.412206 -51.590997 -29.041137 0.000000 -0.000000 -0.000000 -84.902466 -14.811536 -18.955984 -5.109030 -7.857500 15.057904 -3.449216 -7.218350 12.852511 51.165986 -40.024536 -74.490142 101.198995 -53.388474 32.346119 -16.994062 -13.413063 -16.709716 -5.716834 -8.854190 -14.190697 -32.444497 -22.168009 67.906667 -4.461310 -11.909787 -28.456878 15.078121 -75.207196 374.878736 17.243092 58.838886 23.329850 -17.968646 -14.592754 -42.833214 0.704885 -20.785237 -24.471635 298.710298 -86.182883 644.250495 -9.436916 65.064053 74.995722 -12.475983 4.739162 -62.626603
0.272366 0.047941 0.395577 -10.491243 50.076959 31.432944 -0.000000 -0.000000 0.000000 -0.000000 -0.000000 0.000000 -0.000000 -0.000000 0.000000 -9.432953 -51.599978 -27.147681 -0.000000 -0.000000 0.000000 -85.619798 -14.357655 -19.593999 -2.379401 -8.875095 14.941816 -2.370115 -7.959317 13.547965 48.379867 -38.059802 -74.989038 99.651529 -52.873135 30.979531 -17.842522 -13.730335 -17.152931 -8.325958 -9.619971 -13.974473 -29.021681 -20.158218 68.960686 -5.061988 -9.420831 -27.798851 18.466852 -76.184704 377.941395 17.664171 55.997468 21.112282 -16.580398 -13.274681 -40.667086 1.642769 -24.506671 -22.208321 330.174709 -82.074432 680.565148 -0.173207 63.482908 69.902499 -12.856096 6.537022 -61.685318
0.276329 0.046022 0.401812 -8.788602 49.837199 29.223466 -0.000000 -0.000000 -0.000000 -0.000000 -0.000000 -0.000000 -0.000000 -0.000000 -0.000000 -8.535467 -51.361265 -25.152696 0.000000 -0.000000 -0.000000 -86.084917 -13.840825 -20.417358 -0.676742 -10.137450 15.958210 -1.956892 -8.719774 14.707930 46.567743 -37.310334 -76.142310 97.681762 -52.554036 29.070952 -17.579689 -13.739616 -17.133805 -10.593983 -10.474511 -13.897066 -26.706864 -18.812955 69.822752 -5.669448 -7.276782 -26.926089 19.487001 -75.857692 380.104412 16.324786 50.456674 18.447713 -13.074526 -11.370395 -36.967236 2.100176 -26.899437 -20.263530 340.205640 -76.949557 695.162981 8.010738 60.542048 62.163898 -13.575367 7.716880 -60.294021
0.279976 0.044071 0.407893 -6.916536 49.458217 27.018330 -0.000000 -0.000000 -0.000000 -0.000000 -0.000000 -0.000000 -0.000000 -0.000000 -0.000000 -7.763891 -50.646257 -23.300756 -0.000000 0.000000 0.000000 -86.158467 -13.243518 -21.421409 -1.274015 -10.389346 16.505763 -2.579170 -9.464337 16.007852 48.208057 -38.123462 -75.301813 95.491466 -52.478575 26.848485 -16.793837 -13.617904 -16.944008 -11.908253 -11.085309 -13.879927 -25.575929 -18.262575 70.609318 -6.228746 -5.704821 -26.012295 17.762391 -74.278897 380.577843 11.462227 43.110753 15.970216 -6.615910 -9.269185 -31.600988 2.014293 -27.889661 -18.899881 344.471257 -72.086965 703.098309 13.117080 57.147951 55.705996 -14.489327 7.925273 -59.086009
0.283211 0.042143 0.413681 -5.168940 49.013931 25.151812 -0.000000 -0.000000 -0.000000 -0.000000 -0.000000 -0.000000 -0.000000 -0.000000 -0.000000 -7.163143 -49.596945 -21.811549 0.000000 0.000000 0.000000 -85.883041 -12.603747 -22.499739 -3.575222 -9.647146 16.091311 -4.469096 -9.601643 16.586476 53.785302 -39.758328 -70.973372 93.248801 -52.778439 24.466870 -15.823595 -13.426891 -16.710004 -11.937532 -11.228587 -13.815343 -25.579239 -18.502233 71.319708 -6.733513 -4.716680 -25.258153 14.858158 -71.920781 380.073111 5.037599 36.284724 13.460502 0.829303 -7.346113 -26.256216 1.594077 -27.883149 -18.109531 346.603424 -68.061909 707.890651 15.394102 54.727593 52.299858 -15.657392 6.990384 -58.610162
0.286026 0.040262 0.419090 -3.730867 48.579371 23.810042 0.000000 -0.000000 0.000000 0.000000 -0.000000 0.000000 0.000000 -0.000000 0.000000 -6.688617 -48.603800 -20.737236 -0.000000 -0.000000 0.000000 -85.377098 -11.948101 -23.538238 -6.923444 -7.820506 14.377822 -6.584311 -9.632364 16.501312 61.814827 -40.723481 -63.593047 90.926359 -53.634238 21.850330 -14.593093 -13.061726 -16.299754 -10.847951 -10.921123 -13.730757 -26.515983 -19.394229 71.900713 -7.197101 -4.072181 -24.806641 12.332382 -69.449604 379.409386 1.236788 31.823511 11.741567 5.210489 -6.260770 -23.713998 0.982546 -27.237197 -17.851250 347.889405 -65.094492 710.892942 15.851992 53.906803 51.295969 -17.169268 5.116971 -59.068755
0.288468 0.038427 0.424091 -2.619640 48.169192 22.965692 0.000000 -0.000000 -0.000000 0.000000 -0.000000 -0.000000 0.000000 -0.000000 -0.000000 -6.181295 -47.922833 -19.929969 0.000000 -0.000000 0.000000 -84.795901 -11.260166 -24.450766 -10.653381 -4.933495 11.452884 -7.592995 -10.781328 16.786202 69.217090 -40.402734 -56.134116 88.450278 -54.974507 18.920494 -13.039761 -12.431927 -15.580548 -9.189601 -10.368983 -13.710491 -28.019415 -20.648149 72.261799 -7.665766 -3.291102 -24.699482 11.180340 -67.746651 378.972643 1.171053 29.883608 11.864914 5.351608 -6.313223 -24.414668 0.137369 -26.058584 -18.112821 349.052418 -63.272479 712.710965 15.295075 54.334059 51.824059 -18.893969 2.940955 -60.136541
0.290597 0.036636 0.428678 -1.797010 47.777277 22.471672 -0.000000 -0.000000 -0.000000 -0.000000 -0.000000 -0.000000 -0.000000 -0.000000 -0.000000 -5.485377 -47.537514 -19.187482 -0.000000 -0.000000 0.000000 -84.332688 -10.582964 -25.109315 -13.557596 -2.169916 8.690454 -7.470805 -12.947562 17.920251 73.587606 -39.818284 -51.662051 86.044181 -56.383227 15.969786 -11.460520 -11.637072 -14.630535 -7.603254 -9.818557 -13.747377 -29.601487 -21.857487 72.312415 -8.167985 -1.956770 -24.866324 11.917657 -67.585736 378.963567 3.560496 30.086544 13.520628 2.526550 -6.869725 -26.965743 -0.911791 -24.488831 -18.744619 350.437741 -62.436199 713.683992 15.018891 54.983843 52.593377 -20.585955 1.614822 -61.170064
0.292453 0.034916 0.432834 -1.242989 47.430907 22.188888 0.000000 -0.000000 0.000000 0.000000 -0.000000 0.000000 0.000000 -0.000000 0.000000 -4.597637 -47.322594 -18.425678 0.000000 0.000000 -0.000000 -84.103166 -10.099620 -25.346725 -15.105803 -0.665559 7.247196 -7.025692 -14.939103 19.325713 75.049171 -39.921352 -50.580357 84.253948 -57.416366 13.629202 -10.308352 -10.898141 -13.626848 -6.524428 -9.423129 -13.757150 -30.855226 -22.683471 72.017985 -8.639639 -0.122786 -25.152489 14.431965 -68.974128 379.620704 6.787841 31.953035 15.402711 -1.415833 -7.387478 -29.647248 -1.928196 -22.899112 -19.444548 351.935022 -62.059373 714.217170 16.177444 54.887549 52.238742 -22.002577 1.777977 -61.533324
0.294069 0.033308 0.436544 -0.908042 47.162042 22.021292 0.000000 -0.000000 0.000000 0.000000 -0.000000 0.000000 0.000000 -0.000000 0.000000 -3.660781 -47.190010 -17.688815 0.000000 -0.000000 0.000000 -84.060222 -10.049056 -25.031813 -15.697203 0.004986 6.671136 -6.906310 -16.038771 20.286361 75.285020 -40.400032 -50.960573 83.479438 -57.897530 12.358678 -9.821210 -10.377268 -12.693301 -5.928451 -9.149019 -13.655261 -31.762099 -23.096584 71.371480 -8.997044 1.728084 -25.412214 18.119668 -71.227475 381.088582 9.985451 35.183222 16.328416 -5.360012 -8.159853 -31.412478 -2.670265 -21.642549 -19.967894 353.191480 -61.627869 714.678223 18.112538 54.116696 50.626540 -23.118788 2.480180 -60.981924
0.295510 0.031843 0.439825 -0.703209 46.966198 21.918505 -0.000000 -0.000000 -0.000000 -0.000000 -0.000000 -0.000000 -0.000000 -0.000000 -0.000000 -2.839082 -47.079852 -17.068092 -0.000000 -0.000000 -0.000000 -84.096278 -10.546971 -24.111933 -15.784311 0.721435 6.074948 -7.668990 -15.665283 20.014506 76.220935 -40.381650 -50.164612 83.602097 -57.919814 12.084807 -9.897623 -10.097635 -11.902337 -5.350675 -8.797569 -13.384549 -32.745699 -23.394891 70.345179 -9.254591 3.154679 -25.604086 22.450016 -73.694018 383.325038 13.022550 39.691255 15.813436 -9.046481 -9.708225 -32.110902 -3.088565 -20.729304 -20.279152 354.023161 -61.109748 715.184338 19.426622 53.668776 48.509219 -24.205219 2.253702 -59.807856
0.296892 0.030513 0.442746 -0.579926 46.830824 21.893463 0.000000 0.000000 -0.000000 0.000000 0.000000 -0.000000 0.000000 0.000000 -0.000000 -2.289613 -46.900691 -16.697293 -0.000000 0.000000 0.000000 -84.169482 -11.493417 -22.662691 -15.541846 1.833162 5.058189 -9.320854 -13.742940 18.372384 78.400796 -39.442271 -47.279741 84.179755 -57.710084 12.399165 -10.199860 -9.968968 -11.293997 -4.300890 -8.187306 -12.943641 -34.307754 -23.927649 68.937917 -9.467014 3.957505 -25.768173 27.368798 -76.129251 386.245497 16.502433 45.259753 13.842787 -12.831838 -11.889453 -32.201561 -3.307592 -19.867318 -20.514782 354.599481 -60.929155 715.632813 19.745833 54.328541 46.438545 -25.466650 0.689172 -58.500647
0.298359 0.029279 0.445409 -0.567835 46.775195 22.001387 -0.000000 0.000000 0.000000 -0.000000 0.000000 0.000000 -0.000000 0.000000 0.000000 -2.183791 -46.520211 -16.749762 0.000000 0.000000 -0.000000 -84.304595 -12.596473 -20.981477 -14.951038 2.933786 3.956648 -11.118149 -11.058890 16.201498 80.502963 -38.043640 -43.986811 84.858448 -57.492416 12.951807 -10.323490 -9.843679 -10.842655 -2.757629 -7.362581 -12.424864 -36.565014 -24.787283 67.258733 -9.584088 3.973433 -25.919788 32.857815 -78.494928 389.633100 20.633462 51.198308 10.570047 -16.598043 -14.004809 -31.847107 -3.482450 -18.812343 -20.831482 355.237453 -61.483430 715.895240 19.323917 56.390220 44.732832 -27.019564 -1.884483 -57.455788
0.300015 0.028097 0.447909 -0.724683 46.832420 22.278050 0.000000 -0.000000 -0.000000 0.000000 -0.000000 -0.000000 0.000000 -0.000000 -0.000000 -2.568517 -45.835212 -17.287624 0.000000 0.000000 0.000000 -84.532745 -13.501191 -19.532023 -14.097528 3.413128 3.380344 -12.280575 -8.794141 14.567053 81.292787 -37.186694 -42.396092 85.509182 -57.392029 13.589007 -9.946434 -9.575604 -10.454819 -1.282248 -6.636565 -11.982051 -39.078298 -25.745947 65.559987 -9.439039 3.007822 -25.995559 37.930908 -80.682520 392.610125 23.705772 56.309505 7.120941 -18.966979 -15.359696 -30.500068 -3.685998 -17.600950 -21.280135 356.119419 -62.730994 715.994107 18.777899 59.480772 43.436345 -28.912316 -4.737756 -56.922052
0.301885 0.026936 0.450311 -1.079397 47.002040 22.711390 0.000000 -0.000000 0.000000 0.000000 -0.000000 0.000000 0.000000 -0.000000 0.000000 -3.224011 -44.853604 -18.136989 -0.000000 -0.000000 0.000000 -84.846903 -13.981885 -18.662138 -13.200089 3.050905 3.636248 -12.465114 -7.799798 14.075891 80.430938 -37.504564 -43.436056 86.123472 -57.419294 14.265825 -8.950066 -9.077899 -10.028006 -0.556304 -6.356884 -11.713518 -41.198232 -26.485053 64.102806 -8.878873 1.033887 -25.898736 40.164060 -82.513576 393.177789 22.191010 59.597833 6.231876 -18.188667 -15.699008 -27.460316 -3.886889 -16.478381 -21.796015 357.190497 -64.218589 716.100157 19.243000 62.210491 42.012106 -30.825633 -6.643515 -56.788873
0.303940 0.025788 0.452635 -1.606513 47.236243 23.252654 0.000000 0.000000 -0.000000 0.000000 0.000000 -0.000000 0.000000 0.000000 -0.000000 -3.810727 -43.712222 -19.007976 -0.000000 -0.000000 0.000000 -85.187296 -14.049239 -18.389055 -12.427437 2.036805 4.616523 -11.758349 -8.137969 14.669778 78.033295 -38.806795 -46.839373 86.712999 -57.519913 14.949667 -7.501100 -8.367903 -9.506800 -0.751724 -6.567620 -11.584882 -42.645237 -26.857896 62.907715 -7.891843 -1.714227 -25.573777 36.400451 -83.780781 388.576894 16.403095 60.898881 8.627188 -15.165993 -14.967922 -23.557508 -4.009806 -15.660584 -22.278272 358.250136 -65.440895 716.379698 21.464018 63.394908 39.921579 -32.261143 -6.782492 -56.744859
0.306123 0.024660 0.454871 -2.220924 47.473513 23.822996 -0.000000 0.000000 0.000000 -0.000000 0.000000 0.000000 -0.000000 0.000000 0.000000 -4.142023 -42.642702 -19.698628 0.000000 0.000000 -0.000000 -85.478295 -13.880617 -18.487677 -11.792020 0.649881 6.054453 -10.659072 -9.012662 15.660095 74.772985 -40.353652 -51.329421 87.302382 -57.619770 15.617521 -6.019369 -7.572597 -8.893670 -1.485072 -7.000438 -11.491329 -43.562046 -26.897404 61.796613 -6.643950 -4.871556 -25.044846 25.663236 -84.183124 377.967722 9.548851 60.889859 12.412026 -11.715097 -13.766522 -20.161383 -4.019448 -15.171830 -22.660918 359.128169 -66.168365 716.872028 24.629604 63.149054 37.636642 -33.115498 -5.621582 -56.721108
0.308377 0.023566 0.456999 -2.837683 47.691539 24.359490 0.000000 -0.000000 -0.000000 0.000000 -0.000000 -0.000000 0.000000 -0.000000 -0.000000 -4.237405 -41.899826 -20.161122 -0.000000 0.000000 0.000000 -85.679002 -13.668462 -18.727897 -11.218353 -0.931524 7.755463 -9.879500 -9.370721 16.184578 71.929952 -41.571354 -55.227348 88.007922 -57.640315 16.349597 -4.980579 -6.875841 -8.235902 -2.314738 -7.386065 -11.372495 -44.088579 -26.672853 60.693180 -5.395624 -8.096922 -24.418691 13.175088 -83.474554 366.484991 3.801386 60.619893 16.083223 -8.845132 -13.101336 -18.159160 -3.929706 -14.904006 -22.932897 359.772500 -66.481899 717.507689 27.219135 62.410922 35.982784 -33.616370 -4.422948 -56.829645
0.310675 0.022521 0.459026 -3.475812 47.927533 24.898449 0.000000 0.000000 0.000000 0.000000 0.000000 0.000000 0.000000 0.000000 0.000000 -4.177704 -41.625876 -20.459131 -0.000000 -0.000000 0.000000 -85.797048 -13.526958 -18.994650 -10.627107 -2.629607 9.640214 -9.841721 -8.704179 15.881517 70.358372 -42.446849 -57.704126 89.059432 -57.521821 17.362132 -4.604130 -6.402552 -7.598621 -2.983102 -7.617546 -11.239633 -44.347415 -26.295995 59.638171 -4.323318 -11.183195 -23.834824 4.740161 -81.791604 359.744172 0.539523 60.957502 18.821533 -7.362481 -13.574388 -18.087937 -3.739355 -14.787175 -23.126188 360.199588 -66.580816 718.193645 28.457109 62.050300 35.153975 -33.973198 -4.159669 -57.117906
0.313046 0.021529 0.461004 -4.234330 48.223089 25.531739 0.000000 -0.000000 0.000000 0.000000 -0.000000 0.000000 0.000000 -0.000000 0.000000 -4.017426 -41.730873 -20.691964 0.000000 -0.000000 0.000000 -85.879068 -13.518005 -19.209821 -9.940662 -4.393304 11.654909 -10.464123 -7.207306 15.050830 69.822719 -43.272634 -59.224389 90.576574 -57.240385 18.799524 -4.678382 -6.128168 -7.042436 -3.264467 -7.664399 -11.113942 -44.751943 -26.004026 58.574873 -3.446936 -14.021247 -23.380678 0.416973 -79.575522 357.473221 0.265555 61.912584 20.028914 -7.536520 -14.850686 -19.623973 -3.433360 -14.795636 -23.283339 360.486134 -66.646209 718.864370 28.547503 62.304920 34.865683 -34.296629 -4.904414 -57.525241
0.315571 0.020584 0.463029 -5.135565 48.553427 26.241501 0.000000 -0.000000 0.000000 0.000000 -0.000000 0.000000 0.000000 -0.000000 0.000000 -3.802967 -41.958624 -20.904247 -0.000000 0.000000 -0.000000 -85.987424 -13.747790 -19.201410 -9.098928 -6.141990 13.705621 -11.502623 -5.270727 14.159580 69.692821 -44.300231 -60.629318 92.359658 -56.770693 20.533648 -4.785267 -5.946220 -6.629707 -3.023117 -7.539237 -10.999618 -45.754172 -26.013937 57.397488 -2.740810 -16.440468 -23.056112 -1.607318 -77.358864 357.359098 1.394887 62.753069 20.190080 -8.331266 -16.152273 -21.523948 -3.067042 -14.789886 -23.423983 360.853570 -66.870345 719.503346 28.116572 62.883408 34.812164 -34.586800 -6.054046 -57.927281
0.318336 0.019667 0.465202 -6.079247 48.841626 26.874824 -0.000000 0.000000 -0.000000 -0.000000 0.000000 -0.000000 -0.000000 0.000000 -0.000000 -3.564374 -42.123883 -21.046327 0.000000 0.000000 0.000000 -86.157734 -14.368249 -18.749624 -8.115379 -7.765892 15.672558 -12.753808 -3.166390 13.494045 69.497502 -45.616877 -62.450695 94.045396 -56.062976 22.278678 -4.681803 -5.800867 -6.412708 -2.464145 -7.365076 -10.930167 -47.286530 -26.298508 56.170710 -2.204777 -18.197153 -22.807494 -2.359620 -75.561360 357.986505 2.494889 63.179084 20.092463 -8.979874 -17.145363 -23.055468 -2.760180 -14.509577 -23.540570 361.620111 -67.456608 720.181601 27.651292 63.435671 34.754841 -34.752804 -7.046767 -58.155374
0.321399 0.018758 0.467590 -6.971169 49.026672 27.313600 0.000000 0.000000 0.000000 0.000000 0.000000 0.000000 0.000000 0.000000 0.000000 -3.276407 -42.274681 -21.033548 0.000000 0.000000 -0.000000 -86.362346 -15.415620 -17.806863 -7.082816 -9.191855 17.470660 -13.866982 -1.349226 13.303393 68.539247 -47.192603 -65.325659 95.355101 -55.140841 23.777420 -4.304574 -5.653410 -6.359325 -1.953264 -7.314257 -10.982043 -48.940062 -26.690418 55.062579 -1.787719 -19.178188 -22.566198 -2.304053 -74.278052 358.939014 3.548241 63.309301 19.669655 -9.460581 -17.926379 -24.135539 -2.568085 -13.793552 -23.612212 362.963120 -68.461870 721.083889 27.390418 63.757156 34.407273 -34.693721 -7.752330 -58.056948
0.324755 0.017852 0.470210 -7.792806 49.084919 27.554131 0.000000 -0.000000 -0.000000 0.000000 -0.000000 -0.000000 0.000000 -0.000000 -0.000000 -2.901585 -42.584668 -20.831183 -0.000000 -0.000000 -0.000000 -86.523246 -16.704934 -16.603456 -6.086185 -10.468583 19.130462 -14.341385 -0.505826 13.787212 65.759839 -48.834060 -70.159474 96.129490 -54.177463 24.817262 -3.470496 -5.344237 -6.294543 -1.537943 -7.427152 -11.181103 -50.745632 -27.160050 53.983150 -1.369302 -19.499872 -22.263537 -1.814190 -73.324428 360.202389 5.152851 63.141783 18.300315 -9.897130 -18.564962 -24.774915 -2.411792 -12.744331 -23.589539 364.712692 -69.660051 722.389626 27.419163 63.668869 33.537989 -34.328580 -8.279220 -57.584471
0.328341 0.016960 0.473019 -8.532533 49.012847 27.623893 -0.000000 -0.000000 -0.000000 -0.000000 -0.000000 -0.000000 -0.000000 -0.000000 -0.000000 -2.513524 -43.094526 -20.515059 -0.000000 0.000000 0.000000 -86.570650 -17.926695 -15.506031 -5.118749 -11.749678 20.796210 -13.924725 -0.889708 14.809175 60.769654 -50.069675 -76.949500 96.358711 -53.353856 25.287181 -1.907565 -4.647314 -5.985962 -0.997532 -7.625340 -11.454711 -53.216502 -27.790873 52.564898 -0.874427 -19.401791 -21.858236 -1.235717 -72.448254 361.718669 7.469120 62.551524 15.849839 -10.288279 -19.015871 -25.012860 -2.151276 -11.662204 -23.393378 366.330911 -70.631356 724.016672 27.587639 62.984408 32.195349 -33.584320 -8.756669 -56.769159
0.332057 0.016099 0.475950 -9.163719 48.834459 27.566225 -0.000000 -0.000000 -0.000000 -0.000000 -0.000000 -0.000000 -0.000000 -0.000000 -0.000000 -2.304332 -43.630269 -20.272097 -0.000000 -0.000000 0.000000 -86.498528 -18.805742 -14.804386 -4.077329 -13.184590 22.620864 -12.871915 -1.992076 15.948578 54.625818 -50.474313 -83.686279 96.299769 -52.680062 25.339713 0.322340 -3.507966 -5.336874 -0.343095 -7.916953 -11.752362 -56.473927 -28.537738 50.681443 -0.334259 -19.135609 -21.381875 -0.800805 -71.468790 363.315498 9.939976 61.546270 12.995655 -10.535878 -19.315614 -25.004567 -1.687346 -10.856972 -22.988388 367.151808 -71.018567 725.578562 27.418960 61.756902 30.665762 -32.440919 -9.488309 -55.646433
0.335823 0.015275 0.478946 -9.689196 48.605305 27.484707 -0.000000 0.000000 0.000000 -0.000000 0.000000 0.000000 -0.000000 0.000000 0.000000 -2.389872 -43.974403 -20.266539 0.000000 0.000000 0.000000 -86.379563 -19.216304 -14.559236 -2.875751 -14.755184 24.570437 -11.603470 -3.214595 16.907599 48.744097 -50.074894 -88.601324 96.320376 -52.097637 25.278523 2.721131 -2.133403 -4.474087 0.227808 -8.370121 -12.116110 -59.963341 -29.267946 48.702692 0.160768 -18.852572 -20.950458 -0.545700 -70.373870 364.851334 11.906994 60.332499 10.512239 -10.541362 -19.603148 -24.922762 -1.010679 -10.482697 -22.448256 366.850445 -70.723828 726.741942 26.455199 60.393163 29.229936 -30.974153 -10.894162 -54.312727
0.339584 0.014477 0.481972 -10.095516 48.366495 27.448991 -0.000000 0.000000 0.000000 -0.000000 0.000000 0.000000 -0.000000 0.000000 0.000000 -2.682211 -43.999988 -20.481398 0.000000 -0.000000 0.000000 -86.314699 -19.237684 -14.571682 -1.634034 -16.185392 26.292264 -10.318245 -4.405345 17.656410 43.848538 -49.155711 -91.635735 96.482636 -51.675287 25.175031 4.849028 -0.804975 -3.638970 0.823701 -8.877843 -12.520933 -63.255221 -29.987175 47.006566 0.487715 -18.489592 -20.698262 -0.278207 -69.372971 366.272537 13.051734 59.139995 8.765470 -10.250116 -19.924214 -24.815897 -0.229736 -10.429981 -21.908438 365.752376 -69.989223 727.484783 24.602989 59.355299 28.320563 -29.329541 -12.943195 -53.095530
0.343272 0.013693 0.484975 -10.304421 48.115983 27.403421 0.000000 0.000000 0.000000 0.000000 0.000000 0.000000 0.000000 0.000000 0.000000 -3.031799 -43.646128 -20.773299 -0.000000 -0.000000 0.000000 -86.352416 -19.095161 -14.533226 -0.735811 -17.039758 27.203540 -9.184050 -5.529477 18.217393 40.547089 -48.145865 -93.189391 96.497890 -51.557737 24.815432 6.670108 0.321855 -3.033450 1.717883 -9.211984 -12.810200 -66.373050 -30.768501 45.631953 0.503573 -17.832703 -20.700921 0.323370 -68.777797 367.562697 13.449816 58.079949 7.764150 -9.744642 -20.132095 -24.668605 0.456289 -10.392749 -21.480535 364.597773 -69.362719 727.867809 21.890342 58.858050 28.838352 -27.653590 -14.935677 -52.517593
0.346779 0.012927 0.487871 -10.301472 47.866416 27.305731 0.000000 -0.000000 -0.000000 0.000000 -0.000000 -0.000000 0.000000 -0.000000 -0.000000 -3.370577 -42.960410 -21.052824 0.000000 -0.000000 0.000000 -86.470222 -19.002930 -14.268103 -0.551594 -16.953142 26.793710 -8.535130 -6.331864 18.517270 39.602875 -47.603750 -93.474551 96.173027 -51.800761 24.085592 8.242507 1.162926 -2.768941 2.786948 -9.318453 -12.935358 -69.053173 -31.593689 44.707928 0.167094 -16.806014 -20.948052 1.452215 -68.758197 368.710720 13.575984 57.187767 7.283106 -9.346506 -20.043327 -24.586013 0.905266 -10.165844 -21.222985 364.000385 -69.448062 727.785027 18.322891 58.804538 31.656476 -26.034441 -15.961010 -52.897305
0.349987 0.012199 0.490569 -10.240874 47.687404 27.258286 -0.000000 -0.000000 -0.000000 -0.000000 -0.000000 -0.000000 -0.000000 -0.000000 -0.000000 -3.659755 -42.181829 -21.321032 0.000000 0.000000 0.000000 -86.615347 -19.031684 -13.855335 -1.060235 -15.862179 25.008298 -8.579424 -6.557660 18.437868 41.300951 -47.729222 -92.480708 95.641432 -52.360657 23.154421 9.425721 1.616232 -2.866007 3.681999 -9.282133 -12.994907 -70.671620 -32.390379 44.553236 -0.360097 -15.640889 -21.353497 2.964669 -69.192531 369.718953 14.016541 56.498074 6.997980 -9.417610 -19.660535 -24.763283 1.144180 -9.818389 -21.143240 364.147444 -70.550161 727.099194 14.527427 58.842419 36.469940 -24.566287 -15.349313 -54.021771
0.352823 0.011533 0.493014 -10.293124 47.633887 27.375068 -0.000000 0.000000 -0.000000 -0.000000 0.000000 -0.000000 -0.000000 0.000000 -0.000000 -3.857466 -41.578673 -21.590811 -0.000000 0.000000 -0.000000 -86.725862 -19.086742 -13.544331 -1.842801 -14.133297 22.425772 -9.163512 -6.161726 17.880746 45.107897 -48.101958 -89.987017 95.074644 -53.175727 22.204704 10.197084 1.741344 -3.207890 4.413213 -9.046710 -12.951087 -71.312512 -33.057906 44.944812 -0.844491 -14.661045 -21.801677 4.482606 -69.762806 370.591372 15.008565 56.010382 6.673767 -10.024752 -19.166255 -25.269407 1.276751 -9.511631 -21.207197 364.887644 -72.520658 725.851324 11.750480 58.700089 41.795177 -23.379827 -12.960089 -55.391923
0.355293 0.010940 0.495212 -10.454681 47.668347 27.613734 0.000000 0.000000 0.000000 0.000000 0.000000 0.000000 0.000000 0.000000 0.000000 -3.977061 -41.198999 -21.849701 0.000000 0.000000 0.000000 -86.742113 -19.011780 -13.543211 -2.490077 -12.355382 19.864379 -9.976028 -5.239825 16.839625 50.010316 -48.166912 -85.796809 94.437837 -54.149982 21.226508 10.883484 1.828670 -3.581248 5.167748 -8.502689 -12.631124 -71.839272 -33.477051 45.091471 -1.203542 -13.954246 -22.215316 5.758975 -70.210114 371.345855 16.469982 55.696940 6.225032 -11.028325 -18.760577 -26.051258 1.355441 -9.325821 -21.346437 365.871124 -74.845944 724.210006 10.652780 58.350952 46.303714 -22.471814 -9.299976 -56.595988
0.357468 0.010404 0.497216 -10.583524 47.696273 27.829304 0.000000 -0.000000 -0.000000 0.000000 -0.000000 -0.000000 0.000000 -0.000000 -0.000000 -4.058475 -40.920643 -22.062384 0.000000 0.000000 -0.000000 -86.655912 -18.714390 -13.862811 -2.864581 -10.879188 17.733158 -10.768854 -4.064012 15.528859 54.999464 -47.678240 -80.225180 93.640860 -55.122886 20.157730 11.705317 2.071440 -3.839599 5.693954 -7.832468 -12.069025 -72.449160 -33.576219 44.763431 -1.529801 -13.344788 -22.591145 6.876650 -70.497198 372.048661 18.343483 55.591955 5.604661 -12.367061 -18.562642 -27.055959 1.446991 -9.387894 -21.443502 366.319282 -76.769555 722.177932 11.334984 57.563031 48.923680 -21.673382 -5.073409 -57.161959
0.359436 0.009896 0.499087 -10.542691 47.644545 27.916460 -0.000000 0.000000 0.000000 -0.000000 0.000000 0.000000 -0.000000 0.000000 0.000000 -4.099657 -40.645245 -22.185953 -0.000000 0.000000 0.000000 -86.530366 -18.172199 -14.373741 -2.974812 -9.727012 15.983981 -11.337675 -3.167979 14.411022 59.099845 -46.718395 -74.565959 92.691082 -55.962948 19.003964 12.406940 2.361762 -3.967208 5.518178 -7.428298 -11.561575 -72.312116 -33.394922 44.634078 -1.928563 -12.636776 -22.961300 8.016668 -70.736055 372.763998 20.468917 55.692401 4.787455 -13.895322 -18.549042 -28.107831 1.723523 -9.971185 -21.343061 365.010414 -77.490144 719.525255 14.227613 55.653254 48.416306 -20.925930 -0.536269 -56.561489
0.361252 0.009387 0.500852 -10.272482 47.494789 27.861084 0.000000 0.000000 -0.000000 0.000000 0.000000 -0.000000 0.000000 0.000000 -0.000000 -4.102073 -40.296621 -22.225254 -0.000000 -0.000000 -0.000000 -86.420007 -17.371073 -14.992321 -2.873750 -8.874318 14.567175 -11.560993 -3.068842 13.968742 61.594200 -45.642633 -70.442498 91.643180 -56.660513 17.786238 12.629629 2.527620 -3.981862 4.622666 -7.472378 -11.359465 -70.902584 -33.065932 45.262578 -2.407463 -11.794496 -23.339003 9.156927 -70.987779 373.501588 21.869864 55.742884 4.100624 -14.840022 -18.594251 -28.677101 2.347423 -11.323940 -20.938013 361.596847 -76.545208 716.557369 19.063758 52.038976 44.975746 -20.360495 4.386908 -54.794748
0.362917 0.008873 0.502492 -9.808957 47.291255 27.720153 0.000000 0.000000 -0.000000 0.000000 0.000000 -0.000000 0.000000 0.000000 -0.000000 -4.119542 -39.776961 -22.252088 0.000000 0.000000 0.000000 -86.293934 -16.335424 -15.753500 -2.725179 -8.324830 13.578406 -11.500524 -3.819659 14.333768 62.603646 -44.822329 -68.292386 90.633716 -57.259083 16.600884 12.326715 2.560854 -3.866293 3.281927 -7.897859 -11.506548 -68.488839 -32.670497 46.588405 -2.919716 -10.923709 -23.721886 10.099235 -71.142943 374.271081 20.193248 55.260682 4.531454 -13.453710 -18.682065 -27.784741 3.298035 -13.476481 -20.246075 357.291325 -74.117598 714.185788 23.932722 47.248611 41.035595 -20.063122 9.285074 -52.636027
0.364402 0.008363 0.503968 -9.269816 47.131340 27.580783 0.000000 0.000000 0.000000 0.000000 0.000000 0.000000 0.000000 0.000000 0.000000 -4.196765 -39.093962 -22.329905 0.000000 0.000000 -0.000000 -86.089161 -15.207543 -16.696024 -2.812995 -7.916368 12.947088 -11.269152 -5.134280 15.265916 62.864444 -44.355457 -67.404691 89.958763 -57.758472 15.714521 11.581244 2.496573 -3.614662 1.564686 -8.612204 -11.934886 -65.351155 -32.169101 48.413736 -3.449860 -10.160633 -24.119368 10.713961 -71.012001 375.123665 13.929218 53.843899 6.514652 -8.438994 -18.775440 -24.742016 4.375746 -16.244567 -19.387887 353.340270 -70.842248 712.709492 27.392529 42.840174 38.554184 -20.022489 13.325055 -50.993251
0.365679 0.007876 0.505252 -8.770131 47.111062 27.500341 -0.000000 0.000000 -0.000000 -0.000000 0.000000 -0.000000 -0.000000 0.000000 -0.000000 -4.333579 -38.421195 -22.460777 0.000000 0.000000 0.000000 -85.809538 -14.202709 -17.750166 -3.432004 -7.332057 12.360035 -10.778673 -6.915052 16.552662 62.833578 -44.166798 -67.187325 89.856244 -58.162111 15.349854 10.380341 2.292053 -3.268423 -0.461150 -9.436764 -12.493709 -61.631154 -31.456452 50.546646 -4.011626 -9.561400 -24.540944 11.135767 -70.669789 376.069500 5.235115 51.746334 8.783029 -1.066950 -18.559455 -20.288080 5.270092 -19.213231 -18.565933 350.413698 -67.375461 711.997738 29.523398 39.737605 37.613106 -20.198454 16.131055 -50.186104
0.366742 0.007433 0.506341 -8.333768 47.266115 27.455935 -0.000000 -0.000000 0.000000 -0.000000 -0.000000 0.000000 -0.000000 -0.000000 0.000000 -4.535056 -37.938126 -22.610824 0.000000 0.000000 0.000000 -85.519610 -13.494644 -18.768320 -4.792934 -6.331771 11.568980 -9.788095 -9.304921 18.204830 62.470450 -44.229474 -67.647811 90.213154 -58.537450 15.409554 8.796820 1.942045 -2.875046 -2.477611 -10.109652 -12.972208 -57.724714 -30.506577 52.647846 -4.584481 -9.005744 -24.959247 11.804689 -70.702093 377.089139 -3.182305 49.912085 10.541294 6.357499 -17.899775 -15.771112 5.594661 -21.726890 -18.068094 348.891111 -64.288797 711.973522 30.670151 37.860402 37.568035 -20.483308 17.675167 -49.993013
0.367597 0.007072 0.507258 -7.912792 47.576567 27.358205 0.000000 -0.000000 0.000000 0.000000 -0.000000 0.000000 0.000000 -0.000000 0.000000 -4.800142 -37.745424 -22.714732 -0.000000 0.000000 0.000000 -85.278575 -13.179189 -19.624183 -6.936695 -4.840128 10.526917 -8.275629 -12.228389 20.176876 61.918323 -44.545906 -68.647006 90.677512 -58.942320 15.609448 7.082785 1.515409 -2.485717 -4.276848 -10.529019 -13.241661 -53.980070 -29.384876 54.481149 -5.138197 -8.138288 -25.330477 13.541195 -71.951129 378.468016 -6.411222 49.687972 11.212975 9.187845 -17.398429 -13.971477 5.075923 -23.215349 -18.114017 348.849558 -62.101988 712.396587 30.117769 37.216582 37.992366 -20.450077 17.321611 -49.873981
0.368255 0.006851 0.508053 -7.479955 48.006712 27.135701 0.000000 -0.000000 0.000000 0.000000 -0.000000 0.000000 0.000000 -0.000000 0.000000 -5.048680 -37.967361 -22.665896 -0.000000 0.000000 -0.000000 -85.114853 -13.241724 -20.306988 -9.624232 -2.898565 9.257529 -6.511856 -15.337900 22.261883 61.631053 -45.026970 -69.589646 90.978677 -59.360398 15.769132 5.435077 1.012390 -2.212727 -5.945136 -10.777259 -13.307805 -50.342240 -28.130656 56.126002 -5.759583 -6.414823 -25.693872 18.032530 -74.876402 381.591275 -7.236989 50.489804 12.132789 9.479664 -16.896975 -13.851066 3.848526 -23.651229 -18.610733 349.914432 -61.133207 712.741353 26.840753 38.371945 38.869504 -19.758858 14.257920 -49.392402
0.368739 0.006838 0.508797 -7.061554 48.513595 26.799712 -0.000000 -0.000000 0.000000 -0.000000 -0.000000 0.000000 -0.000000 -0.000000 0.000000 -5.138894 -38.729504 -22.371186 -0.000000 -0.000000 -0.000000 -85.029889 -13.507057 -20.947718 -12.362771 -0.752657 7.887767 -4.638350 -18.441178 24.434977 61.505627 -45.525457 -70.382863 90.996948 -59.775923 15.810524 3.876367 0.345937 -2.204312 -7.472267 -10.923369 -13.238357 -46.702616 -26.803753 57.787880 -6.646504 -3.339516 -26.187316 29.280438 -78.933864 390.667939 -6.563388 51.315203 12.799317 8.619619 -16.060214 -14.699168 2.425575 -23.562361 -19.194508 351.313962 -61.395969 712.358918 21.545745 41.785735 40.719273 -19.017315 9.275709 -48.896172
0.369095 0.007081 0.509565 -6.682329 49.036088 26.407023 -0.000000 -0.000000 0.000000 -0.000000 -0.000000 0.000000 -0.000000 -0.000000 0.000000 -4.976865 -39.965706 -21.816586 -0.000000 -0.000000 0.000000 -85.020395 -13.731670 -21.685370 -14.651562 1.053049 6.786636 -2.480400 -21.577882 26.971312 60.545590 -45.984103 -72.024740 90.662238 -60.223492 15.635857 2.362521 -0.532210 -2.540193 -8.534021 -10.939199 -13.127469 -43.260903 -25.583670 59.587443 -7.879855 1.171917 -26.877705 57.209722 -82.430440 416.144025 -5.018540 51.081910 12.297674 7.901487 -14.527818 -15.635522 1.289557 -23.529908 -19.550749 352.268649 -62.540261 710.956411 15.055452 46.724147 44.027163 -18.665698 3.806919 -48.569608
0.369384 0.007584 0.510423 -6.332871 49.509916 25.997178 0.000000 -0.000000 0.000000 0.000000 -0.000000 0.000000 0.000000 -0.000000 0.000000 -4.574643 -41.402137 -21.065587 -0.000000 -0.000000 -0.000000 -85.120318 -13.775192 -22.497828 -16.192143 1.936458 6.388717 0.108679 -24.693491 30.070541 57.763260 -46.415533 -75.646855 89.980214 -60.708725 15.197486 0.860979 -1.590512 -3.203079 -8.824960 -10.769829 -13.063320 -40.329016 -24.663455 61.532113 -9.286748 6.622400 -27.650561 103.232310 -82.517015 459.839254 -2.665660 49.407403 10.167151 7.488174 -12.022815 -16.204119 0.597935 -23.770100 -19.602960 352.484302 -63.799788 709.164581 7.790273 51.471404 48.246485 -18.448944 -1.397911 -48.054852
0.369663 0.008315 0.511397 -6.007956 49.895412 25.600782 -0.000000 -0.000000 0.000000 -0.000000 -0.000000 0.000000 -0.000000 -0.000000 0.000000 -4.018956 -42.756013 -20.226900 0.000000 0.000000 -0.000000 -85.400783 -13.613165 -23.243290 -16.865701 1.723841 6.792246 3.105427 -27.565866 33.612129 52.996569 -46.599832 -81.092531 89.112885 -61.164271 14.608446 -0.643156 -2.767215 -4.132031 -8.408944 -10.414961 -13.056629 -38.003627 -24.075551 63.535473 -10.503811 12.050363 -28.296122 132.762396 -79.297416 487.574195 -0.734694 46.507353 6.911130 7.815826 -8.509218 -15.734278 0.237137 -24.160727 -19.463781 352.362067 -64.277958 708.437358 2.310160 53.720159 50.274716 -17.681074 -5.242750 -46.547286
0.369959 0.009213 0.512464 -5.728643 50.184048 25.259252 -0.000000 -0.000000 -0.000000 -0.000000 -0.000000 -0.000000 -0.000000 -0.000000 -0.000000 -3.446879 -43.846659 -19.443310 -0.000000 -0.000000 -0.000000 -85.893976 -13.241339 -23.844469 -16.697650 0.818460 7.578718 6.343203 -29.868437 37.106701 47.354513 -46.093528 -86.301407 88.310951 -61.512785 14.072753 -2.153334 -3.996000 -5.243378 -7.656241 -9.951393 -13.051584 -36.129654 -23.683875 65.468837 -11.080026 16.406187 -28.635905 147.399531 -75.468772 501.188916 3.183752 44.027449 3.119188 6.242186 -5.124269 -15.971077 0.027765 -24.502869 -19.292108 352.446402 -63.506787 709.777675 1.878684 51.747026 46.422803 -15.550432 -6.300718 -43.174542
0.370268 0.010203 0.513552 -5.503326 50.387986 24.984687 -0.000000 -0.000000 -0.000000 -0.000000 -0.000000 -0.000000 -0.000000 -0.000000 -0.000000 -3.026852 -44.576123 -18.856174 -0.000000 -0.000000 0.000000 -86.531220 -12.680254 -24.343228 -15.907031 -0.190515 8.210654 8.855786 -30.955356 39.198320 43.415962 -45.034561 -88.946819 87.761193 -61.707066 13.747624 -3.676291 -5.213281 -6.426531 -6.924870 -9.485414 -13.018469 -34.495535 -23.326133 67.237140 -10.686845 19.064273 -28.584969 157.041369 -71.822554 510.422335 11.311954 43.307233 -0.063329 0.769251 -2.804357 -18.827650 -0.176369 -24.647206 -19.198787 352.799559 -61.577983 712.939355 4.154059 45.976363 38.761640 -12.068711 -5.095157 -38.494352
0.370579 0.011185 0.514577 -5.297275 50.525318 24.726142 -0.000000 -0.000000 -0.000000 -0.000000 -0.000000 -0.000000 -0.000000 -0.000000 -0.000000 -2.863713 -44.933842 -18.513408 -0.000000 -0.000000 0.000000 -87.173541 -12.045030 -24.793513 -14.829354 -1.010876 8.518330 9.157027 -30.247243 38.317495 43.337340 -44.273231 -88.352851 87.500688 -61.714770 13.683694 -5.202922 -6.367399 -7.580653 -6.317011 -9.064071 -12.969688 -33.060299 -22.961442 68.770639 -9.362060 19.960905 -28.135400 164.272486 -68.464737 517.681676 18.264634 44.143942 -1.739626 -4.149499 -0.926722 -21.599797 -0.489256 -24.474021 -19.230805 353.211866 -59.129062 716.741968 5.933072 38.871554 31.220675 -8.454756 -3.065964 -34.084845
0.370883 0.012042 0.515453 -5.068474 50.609440 24.420206 -0.000000 0.000000 -0.000000 -0.000000 0.000000 -0.000000 -0.000000 0.000000 -0.000000 -2.913821 -45.000461 -18.335644 0.000000 0.000000 0.000000 -87.677844 -11.504364 -25.207799 -13.772606 -1.567123 8.561529 7.451255 -28.012636 34.913582 46.663364 -43.889108 -84.711753 87.436579 -61.529397 13.830510 -6.662209 -7.413153 -8.653787 -5.685295 -8.638600 -12.907314 -32.002247 -22.701627 69.985523 -7.596027 19.441015 -27.376017 169.245891 -65.750224 523.018595 20.233418 45.237044 -2.246219 -5.618583 1.178054 -21.646988 -0.963517 -23.938912 -19.379398 353.693227 -57.259070 719.781177 6.459781 32.888786 25.814741 -5.575798 -1.099513 -30.850611
0.371177 0.012641 0.516097 -4.826380 50.653677 24.070772 -0.000000 0.000000 -0.000000 -0.000000 0.000000 -0.000000 -0.000000 0.000000 -0.000000 -3.057119 -44.876753 -18.224489 -0.000000 -0.000000 -0.000000 -87.939548 -11.150784 -25.614828 -12.930057 -1.863495 8.428307 5.465104 -25.353205 31.134394 50.887431 -43.272249 -79.318696 87.443669 -61.208977 14.081147 -7.930353 -8.298838 -9.615045 -4.850209 -8.149800 -12.856609 -31.506943 -22.695977 70.858227 -6.117895 18.111994 -26.539899 172.382623 -63.904507 526.228213 17.184887 44.861961 -2.481750 -4.144484 4.519227 -17.925704 -1.561979 -23.136979 -19.604474 354.459811 -56.809918 721.274423 7.622009 30.076475 23.823131 -5.162867 0.435884 -30.328802
0.371464 0.012859 0.516434 -4.635052 50.682440 23.753283 -0.000000 -0.000000 -0.000000 -0.000000 -0.000000 -0.000000 -0.000000 -0.000000 -0.000000 -3.240355 -44.610736 -18.177805 -0.000000 -0.000000 0.000000 -87.929940 -10.961221 -26.069257 -12.355287 -2.045530 8.298691 4.244634 -23.389178 28.593508 53.811210 -42.449471 -74.814275 87.464128 -60.867758 14.341606 -8.853616 -8.953992 -10.396282 -3.852878 -7.666196 -12.936971 -31.528641 -22.983332 71.518650 -5.417966 16.522028 -25.889876 174.462156 -62.861293 527.183606 13.234519 43.349672 -3.414591 -3.049256 8.718571 -12.306402 -2.203113 -22.225136 -19.876801 355.587256 -57.845930 721.263113 10.327796 31.515326 25.601322 -7.826288 0.876613 -33.205706
0.371760 0.012622 0.516433 -4.543939 50.721596 23.535579 -0.000000 -0.000000 -0.000000 -0.000000 -0.000000 -0.000000 -0.000000 -0.000000 -0.000000 -3.521455 -44.187777 -18.276565 0.000000 0.000000 -0.000000 -87.711975 -10.883630 -26.569463 -12.015453 -2.279049 8.349557 3.676897 -22.502423 27.629016 54.986028 -41.927588 -72.715236 87.525619 -60.601520 14.576615 -9.258302 -9.297420 -10.886669 -2.986139 -7.385234 -13.267373 -31.839206 -23.472235 72.132404 -5.417289 14.653776 -25.476680 176.069692 -62.730675 526.363042 11.763401 43.169288 -3.563602 -4.162553 11.227574 -8.627119 -2.823645 -21.298806 -20.186674 356.926839 -59.715339 720.425902 11.864023 35.348331 28.564581 -10.640193 0.082315 -36.297980
0.372093 0.011937 0.516128 -4.530446 50.772822 23.415504 -0.000000 0.000000 0.000000 -0.000000 0.000000 0.000000 -0.000000 0.000000 0.000000 -3.981542 -43.567287 -18.581445 -0.000000 0.000000 0.000000 -87.392925 -10.910056 -27.020141 -11.823789 -2.577310 8.573525 3.305360 -22.432693 27.832091 55.016425 -41.923162 -72.673820 87.717194 -60.401884 14.840858 -9.062192 -9.299158 -11.012189 -2.501749 -7.424128 -13.770782 -32.332022 -24.060856 72.637058 -5.729577 12.098092 -25.163583 177.274538 -63.955582 524.767743 12.500615 45.611667 -1.373533 -6.362850 10.730676 -8.770760 -3.396626 -20.373648 -20.520977 358.309263 -61.730824 719.424503 12.371333 39.225016 30.830715 -12.859463 -0.942613 -38.161027
0.372495 0.010890 0.515606 -4.537070 50.807352 23.341982 0.000000 -0.000000 0.000000 0.000000 -0.000000 0.000000 0.000000 -0.000000 0.000000 -4.583864 -42.746082 -19.036370 0.000000 0.000000 0.000000 -87.074362 -11.076010 -27.268117 -11.594621 -2.968649 8.956330 2.798186 -22.488512 28.289306 54.606660 -42.174532 -73.503705 88.168520 -60.134946 15.285946 -8.393309 -9.032998 -10.817229 -2.303213 -7.654990 -14.190315 -33.214871 -24.764915 72.705784 -6.060112 8.714110 -24.828725 177.550080 -67.043010 523.203125 14.565732 49.967483 2.002419 -8.967997 7.669377 -11.943077 -3.888672 -19.463175 -20.835277 359.614372 -63.576518 718.475377 12.796964 42.708093 32.499901 -14.978262 -1.783627 -39.472150
0.372988 0.009610 0.514980 -4.559112 50.788050 23.276753 0.000000 0.000000 -0.000000 0.000000 0.000000 -0.000000 0.000000 0.000000 -0.000000 -5.115880 -41.798684 -19.458154 -0.000000 -0.000000 -0.000000 -86.861597 -11.440993 -27.130647 -11.050173 -3.569430 9.569762 1.956870 -21.778962 27.823608 54.330674 -42.209336 -73.873281 88.975465 -59.620094 16.065853 -7.461304 -8.618069 -10.434539 -1.999526 -7.819894 -14.326627 -34.896833 -25.730131 72.004149 -6.233509 4.753491 -24.401627 175.859290 -72.144782 521.649777 15.810507 56.000618 6.309485 -11.018500 1.618974 -17.139846 -4.191390 -18.653884 -21.031788 360.652042 -65.176689 717.499271 13.070136 45.951928 34.316715 -17.021954 -2.466841 -40.920197
0.373577 0.008237 0.514359 -4.679333 50.695356 23.235868 0.000000 0.000000 0.000000 0.000000 0.000000 0.000000 0.000000 0.000000 0.000000 -5.299616 -40.843221 -19.645505 -0.000000 -0.000000 -0.000000 -86.856761 -12.062287 -26.449103 -9.951886 -4.437143 10.427793 0.651512 -19.767786 25.781080 54.541839 -41.820266 -73.077941 90.122302 -58.749822 17.209682 -6.318515 -8.099741 -9.964292 -1.205199 -7.734441 -14.155085 -37.791900 -27.114254 70.326001 -6.127856 0.549803 -23.835965 169.456086 -78.964457 517.707925 14.008209 61.196961 11.229875 -11.768719 -6.033680 -22.006764 -4.146728 -18.032171 -21.005779 361.202413 -66.478228 716.570333 12.746215 48.366864 36.422630 -18.322218 -2.855020 -42.347978
0.374241 0.006912 0.513823 -5.014135 50.535444 23.283908 -0.000000 -0.000000 -0.000000 -0.000000 -0.000000 -0.000000 -0.000000 -0.000000 -0.000000 -4.975811 -39.982335 -19.515340 -0.000000 0.000000 0.000000 -87.091549 -12.947348 -25.201021 -8.275235 -5.492325 11.404250 -1.143219 -16.583087 22.487106 55.330434 -41.231840 -71.325515 91.553195 -57.522602 18.656716 -4.946213 -7.461663 -9.417503 0.296414 -7.293603 -13.689330 -42.201046 -28.900696 67.470750 -5.742630 -3.609168 -23.162346 135.708922 -86.129961 488.092877 11.472493 62.514153 13.748326 -11.305816 -12.116044 -24.343660 -3.683963 -17.464655 -20.754936 361.323641 -67.675352 715.964136 12.177738 49.069211 38.121061 -18.335510 -2.462162 -43.235336
0.374943 0.005775 0.513432 -5.629957 50.332850 23.482893 -0.000000 -0.000000 -0.000000 -0.000000 -0.000000 -0.000000 -0.000000 -0.000000 -0.000000 -4.186553 -39.293922 -19.129980 -0.000000 -0.000000 0.000000 -87.503045 -14.012174 -23.564731 -6.242882 -6.586492 12.301751 -3.366002 -12.639577 18.677497 56.836328 -40.772811 -68.961667 93.256598 -55.981012 20.362582 -3.507652 -6.751885 -8.796015 2.387834 -6.472144 -12.906235 -47.984662 -30.712907 63.353129 -5.216502 -7.456719 -22.501479 29.736832 -84.026001 386.470289 11.009146 60.599454 12.191608 -10.173231 -15.374163 -24.089435 -2.894296 -16.476233 -20.413239 361.496115 -69.515220 715.886450 12.168683 47.886062 38.633917 -17.073642 -0.772522 -43.272365
0.375646 0.004952 0.513248 -6.491988 50.115582 23.833067 0.000000 -0.000000 -0.000000 0.000000 -0.000000 -0.000000 0.000000 -0.000000 -0.000000 -3.132184 -38.826963 -18.627638 -0.000000 -0.000000 -0.000000 -87.982170 -15.085930 -21.865039 -4.203066 -7.590579 12.972998 -5.854424 -8.272990 14.891554 59.323688 -40.536488 -65.920522 95.142019 -54.217619 22.219150 -2.228888 -6.064041 -8.142160 4.329194 -5.570835 -11.945833 -54.019688 -31.931464 58.607594 -4.723635 -10.714523 -21.983719 13.766379 -77.877801 373.828005 10.773937 57.957276 9.744421 -8.646226 -17.053363 -22.614757 -1.948849 -14.421052 -20.152532 362.462327 -73.147839 716.436886 12.824844 45.707106 37.942375 -14.953052 2.194931 -42.514378
0.376322 0.004533 0.513336 -7.465255 49.901941 24.260853 -0.000000 -0.000000 0.000000 -0.000000 -0.000000 0.000000 -0.000000 -0.000000 0.000000 -2.090518 -38.569652 -18.161595 0.000000 -0.000000 0.000000 -88.406232 -15.989632 -20.428867 -2.489012 -8.438198 13.423699 -8.227134 -4.012288 11.627500 62.495865 -40.432354 -62.507536 96.957262 -52.447071 23.960959 -1.104492 -5.383830 -7.457384 5.081257 -5.211368 -11.162932 -58.575263 -32.271089 54.569412 -4.337822 -13.120130 -21.652528 9.649753 -73.528022 371.584311 9.888977 56.665198 8.567952 -7.275139 -18.468646 -21.430518 -0.986863 -10.875961 -20.071629 365.693883 -79.451095 718.554038 13.347742 44.227260 36.776274 -12.503691 5.488981 -41.341124
0.376943 0.004552 0.513729 -8.370414 49.700966 24.661373 -0.000000 -0.000000 -0.000000 -0.000000 -0.000000 -0.000000 -0.000000 -0.000000 -0.000000 -1.312192 -38.476934 -17.852360 0.000000 0.000000 -0.000000 -88.657698 -16.659337 -19.414427 -1.268565 -9.166636 13.850725 -9.977644 -0.977722 9.718008 64.831318 -40.627333 -60.481116 98.464442 -50.933250 25.319902 0.032095 -4.589911 -6.670521 4.321237 -5.676262 -10.778233 -60.946857 -31.992561 51.950161 -4.024223 -14.562803 -21.454502 8.408388 -71.269740 371.013334 8.756846 57.344204 9.005714 -6.617303 -20.240595 -21.373189 -0.089275 -5.958237 -20.175126 398.605257 -88.068150 749.525147 12.523313 45.009748 36.215405 -9.954290 7.608994 -40.206345
0.377477 0.004980 0.514407 -9.078346 49.522550 24.958482 -0.000000 0.000000 0.000000 -0.000000 0.000000 0.000000 -0.000000 0.000000 0.000000 -0.899684 -38.538436 -17.729988 -0.000000 0.000000 0.000000 -88.672389 -17.185529 -18.758741 -0.450325 -9.929778 14.550846 -10.720601 -0.435582 10.052084 64.161762 -41.602650 -62.435667 99.594862 -49.805898 26.221271 1.252748 -3.619092 -5.754855 2.901953 -6.522417 -10.686952 -62.182195 -31.542501 50.192406 -3.746823 -15.153524 -21.319449 8.327973 -70.675351 370.861204 7.573726 59.405948 10.577796 -6.680037 -22.307598 -22.234702 0.716881 -0.304427 -20.403686 534.634183 -80.909066 883.009273 9.437398 48.501570 37.455898 -7.340813 7.605301 -39.449928
0.377893 0.005726 0.515295 -9.577552 49.379093 25.144315 0.000000 -0.000000 -0.000000 0.000000 -0.000000 -0.000000 0.000000 -0.000000 -0.000000 -0.773312 -38.755174 -17.732328 0.000000 -0.000000 -0.000000 -88.466439 -17.689354 -18.319997 0.211658 -10.906035 15.754600 -10.066291 -2.732535 12.719349 58.929226 -43.079812 -69.881177 100.386542 -49.046523 26.746798 2.540685 -2.511694 -4.782985 2.206376 -7.080402 -10.662073 -64.013618 -31.336549 48.337183 -3.495813 -15.144593 -21.208182 8.778565 -71.074237 370.868913 6.433174 61.843179 12.644571 -7.246234 -24.275207 -23.522212 1.466024 5.235238 -20.664688 540.388321 -70.390384 886.037922 3.647106 53.842839 41.586876 -4.849305 5.554405 -39.207300
0.378174 0.006672 0.516281 -9.946255 49.276475 25.266273 -0.000000 -0.000000 -0.000000 -0.000000 -0.000000 -0.000000 -0.000000 -0.000000 -0.000000 -0.766699 -39.068475 -17.772446 -0.000000 0.000000 -0.000000 -88.104577 -18.178418 -18.045885 0.931128 -12.185793 17.542640 -7.641486 -6.959780 16.826044 49.404086 -43.474505 -81.256785 100.901834 -48.590949 27.007459 3.881435 -1.337449 -3.849880 3.246105 -6.917418 -10.499847 -67.698218 -31.557896 45.693658 -3.244799 -14.829388 -21.097842 9.391202 -71.818551 370.939352 5.539672 63.942146 14.715208 -8.170897 -25.878777 -24.988970 2.214364 9.919646 -20.868519 542.961709 -61.284689 886.248477 -5.159287 59.364626 49.214559 -2.687891 2.103933 -39.331915
0.378314 0.007701 0.517247 -10.264831 49.210396 25.372733 0.000000 0.000000 -0.000000 0.000000 0.000000 -0.000000 0.000000 0.000000 -0.000000 -0.744414 -39.385335 -17.789537 0.000000 -0.000000 -0.000000 -87.663032 -18.550809 -17.987839 1.811484 -13.749810 19.870484 -3.658561 -11.662810 21.200002 38.381845 -41.455361 -90.353069 101.251449 -48.319029 27.139953 5.207899 -0.187889 -3.026189 6.201483 -5.818983 -9.982717 -73.600956 -31.919090 41.828843 -2.968967 -14.495618 -20.972143 9.847976 -72.415205 370.948953 4.889825 65.449868 16.559774 -9.222922 -27.093183 -26.447516 2.969766 13.280315 -20.953712 544.367493 -54.700972 886.170503 -15.897174 63.061828 59.011788 -0.865496 -1.644218 -39.426071
0.378322 0.008706 0.518085 -10.562155 49.170546 25.476082 -0.000000 -0.000000 0.000000 -0.000000 -0.000000 0.000000 -0.000000 -0.000000 0.000000 -0.653684 -39.639341 -17.758775 -0.000000 -0.000000 0.000000 -87.206821 -18.709364 -18.198576 2.851923 -15.492569 22.599855 0.847001 -15.626410 24.847846 29.189712 -37.589029 -94.747277 101.588945 -48.039475 27.316543 6.327962 0.775150 -2.383112 10.069745 -3.937332 -9.051344 -80.217342 -31.787585 37.093478 -2.692673 -14.341879 -20.834078 9.980742 -72.630771 370.795717 4.251794 66.426151 18.226890 -10.153628 -28.015706 -27.740214 3.644785 15.247880 -20.915910 544.886077 -51.140384 886.245512 -24.381177 64.382030 65.933339 0.538196 -4.466067 -39.183522
0.378216 0.009582 0.518702 -10.822958 49.144966 25.559816 0.000000 0.000000 0.000000 0.000000 0.000000 0.000000 0.000000 0.000000 0.000000 -0.511821 -39.771334 -17.688154 0.000000 0.000000 0.000000 -86.774951 -18.648570 -18.645806 3.934436 -17.216018 25.454966 4.599252 -18.282074 27.158324 23.126204 -33.631388 -96.518007 101.951007 -47.678376 27.579933 6.971165 1.343203 -2.000434 12.633636 -2.338066 -8.161496 -84.248640 -31.127274 33.538973 -2.478146 -14.365345 -20.709865 9.931296 -72.575063 370.529210 3.352382 67.098283 19.966717 -10.862037 -28.761491 -28.847767 4.054068 16.148376 -20.831295 544.723105 -50.468754 886.326516 -26.909090 64.096919 67.123121 1.295191 -5.720259 -38.572548
0.378021 0.010223 0.519020 -11.019892 49.129277 25.601799 0.000000 -0.000000 0.000000 0.000000 -0.000000 0.000000 0.000000 -0.000000 0.000000 -0.354581 -39.734670 -17.593583 -0.000000 -0.000000 -0.000000 -86.392953 -18.443070 -19.225530 4.838601 -18.671425 28.020506 6.962275 -19.715654 28.130129 19.783185 -30.829328 -97.222039 102.142144 -47.462384 27.702617 6.933217 1.384062 -1.921855 11.704634 -2.650245 -8.087866 -83.446506 -30.889747 33.850937 -2.380011 -14.406117 -20.630269 10.023239 -72.572467 370.304157 1.978367 67.705494 22.053454 -11.367296 -29.410510 -29.819098 3.998810 16.359806 -20.800809 544.096582 -52.094030 886.071779 -24.150985 62.861939 64.002830 1.248751 -5.645108 -37.853613
0.377750 0.010559 0.518966 -11.141833 49.138532 25.593884 -0.000000 0.000000 -0.000000 -0.000000 0.000000 -0.000000 -0.000000 0.000000 -0.000000 -0.189418 -39.602047 -17.466519 -0.000000 0.000000 -0.000000 -86.087703 -18.166565 -19.860272 5.383152 -19.710418 29.961494 8.093935 -20.323210 28.222093 18.309900 -29.414256 -97.478976 101.894816 -47.752261 27.366011 6.228061 0.970184 -2.092909 6.693358 -5.124934 -9.049263 -76.363164 -30.916210 38.685201 -2.421049 -14.346767 -20.609898 10.454361 -72.831551 370.223612 0.087070 68.288670 24.530331 -11.661890 -29.929901 -30.613307 3.418887 15.964662 -20.855188 543.093957 -55.335404 885.264771 -19.075253 60.932804 58.678588 0.540012 -4.883011 -37.349152
0.377388 0.010582 0.518486 -11.213959 49.207310 25.565166 0.000000 -0.000000 0.000000 0.000000 -0.000000 0.000000 0.000000 -0.000000 0.000000 0.003192 -39.597698 -17.286790 0.000000 -0.000000 0.000000 -85.864318 -17.838051 -20.567161 5.564120 -20.384706 31.280736 8.396277 -20.444383 27.885284 17.998166 -29.087405 -97.526104 101.127859 -48.688611 26.470329 5.057786 0.328112 -2.368622 -0.725362 -8.083517 -10.282541 -64.437203 -29.540032 45.405981 -2.583093 -14.235769 -20.648160 11.148789 -73.257625 370.274677 -2.004847 68.661488 27.010727 -11.678318 -30.171598 -31.095415 2.419738 14.879946 -20.978788 541.628491 -59.665418 883.771511 -14.345978 58.476623 53.879720 -0.399125 -4.073206 -37.172288
0.376892 0.010355 0.517556 -11.288367 49.373270 25.584847 0.000000 -0.000000 -0.000000 0.000000 -0.000000 -0.000000 0.000000 -0.000000 -0.000000 0.232736 -39.933645 -17.066284 -0.000000 0.000000 -0.000000 -85.679465 -17.451770 -21.411249 5.453908 -20.820399 32.185308 8.032137 -20.160899 27.248469 18.529719 -29.622914 -97.439560 99.970069 -50.148452 25.162873 3.577382 -0.383805 -2.624791 -7.427057 -9.955372 -10.796750 -53.288367 -26.650118 50.541422 -2.809349 -14.200365 -20.745325 11.859980 -73.623181 370.380970 -3.714894 68.641006 28.807848 -11.351600 -30.037283 -31.124493 1.182160 13.080932 -21.177174 539.457171 -64.653212 881.403370 -11.051309 55.940311 50.775161 -1.338608 -3.624242 -37.198579
0.376211 0.009987 0.516204 -11.375077 49.650236 25.693002 0.000000 0.000000 -0.000000 0.000000 0.000000 -0.000000 0.000000 0.000000 -0.000000 0.474247 -40.624730 -16.842624 0.000000 -0.000000 0.000000 -85.468162 -17.024495 -22.416165 4.965772 -20.982106 32.643093 6.862115 -19.298594 26.145626 20.153843 -31.151146 -97.147513 98.536471 -51.967859 23.593145 1.862878 -1.119091 -2.811288 -11.067180 -10.383295 -10.332381 -45.643489 -23.792933 53.187747 -3.035905 -14.247015 -20.896652 12.445532 -73.907906 370.545993 -4.544637 68.187292 29.262298 -10.628354 -29.512223 -30.524463 -0.045697 10.490594 -21.417660 536.094715 -70.055104 878.018760 -8.679200 53.748889 48.493041 -2.365384 -3.520199 -37.091179
0.375316 0.009608 0.514514 -11.363522 50.009083 25.796377 -0.000000 0.000000 0.000000 -0.000000 0.000000 0.000000 -0.000000 0.000000 0.000000 0.637993 -41.469179 -16.644207 0.000000 -0.000000 -0.000000 -85.210560 -16.603817 -23.524704 3.748894 -20.563758 32.130472 4.833651 -17.739392 24.469392 23.586101 -33.854489 -96.360406 96.763980 -53.998345 21.757370 0.124530 -1.809424 -2.916877 -11.252875 -9.699276 -9.452020 -41.596522 -22.078081 54.371745 -3.234973 -14.133994 -21.059021 13.111742 -74.478020 370.977266 -4.231325 67.272261 27.980733 -9.456802 -28.395809 -29.098126 -0.998798 6.961164 -21.557710 530.230347 -75.986840 872.918402 -6.270009 51.645701 45.688019 -3.459617 -3.404664 -36.461777
0.374223 0.009337 0.512638 -11.056371 50.390967 25.680414 -0.000000 -0.000000 -0.000000 -0.000000 -0.000000 -0.000000 -0.000000 -0.000000 -0.000000 0.552750 -42.161934 -16.504364 0.000000 0.000000 0.000000 -84.968320 -16.270928 -24.593180 1.378181 -19.075639 29.869633 2.374837 -15.836976 22.503210 29.549498 -37.302779 -94.362704 94.522197 -56.025519 19.595777 -1.291819 -2.350900 -2.968393 -9.315925 -8.601151 -9.041309 -39.883982 -21.585091 55.434277 -3.435889 -13.409076 -21.163023 14.601513 -75.999915 372.209868 -3.149685 65.802519 25.581369 -7.903762 -26.263858 -27.063329 -1.589071 2.562433 -21.430886 515.393250 -82.504595 859.919981 -3.410032 48.984927 41.951178 -4.484485 -2.939517 -35.270442
0.373000 0.009274 0.510776 -10.326934 50.740858 25.187632 -0.000000 0.000000 -0.000000 -0.000000 0.000000 -0.000000 -0.000000 0.000000 -0.000000 0.048313 -42.432654 -16.493334 -0.000000 -0.000000 0.000000 -84.837372 -16.090788 -25.461023 -2.143335 -16.049950 25.422802 0.066408 -14.263620 20.761171 38.298553 -40.358057 -89.494014 91.790553 -57.845220 17.120920 -2.214129 -2.741669 -3.078046 -7.416013 -7.972148 -9.637373 -38.447959 -21.637721 57.448108 -3.714446 -11.575299 -21.203596 19.032083 -79.198739 375.933776 -2.215393 64.130367 23.804983 -6.457953 -23.114095 -25.374943 -1.966806 -2.255066 -21.013905 436.360078 -86.492554 783.418139 -0.299373 45.792769 37.972063 -5.592936 -2.175215 -33.924083
0.371743 0.009496 0.509128 -9.225680 51.022610 24.353720 -0.000000 0.000000 0.000000 -0.000000 0.000000 0.000000 -0.000000 0.000000 0.000000 -0.883859 -42.176797 -16.658736 -0.000000 -0.000000 -0.000000 -84.853809 -15.986462 -26.125176 -6.023610 -11.364915 19.130290 -1.889931 -13.412370 19.553813 49.215692 -41.726696 -79.223399 88.647248 -59.387798 14.401159 -2.773653 -3.124552 -3.441382 -7.215335 -8.311876 -11.057442 -35.542878 -21.303047 60.808173 -4.152445 -8.338171 -21.278581 37.234380 -84.266218 392.466457 -1.785738 62.920121 23.487807 -5.497742 -19.283548 -24.481890 -2.340791 -6.878407 -20.450260 381.256865 -81.120382 730.868248 2.646421 42.947635 34.589654 -7.055182 -1.587224 -32.845015
0.370535 0.010057 0.507848 -7.940664 51.220259 23.366838 0.000000 -0.000000 -0.000000 0.000000 -0.000000 -0.000000 0.000000 -0.000000 -0.000000 -2.035285 -41.550342 -16.946167 0.000000 -0.000000 0.000000 -84.963284 -15.738363 -26.784254 -8.994975 -5.708292 12.093083 -3.478266 -13.288442 18.916476 60.081896 -40.610774 -65.224967 85.241739 -60.667845 11.563879 -3.253639 -3.677717 -4.235708 -8.835509 -9.343804 -12.641701 -31.047225 -20.033276 64.902649 -4.750058 -3.833469 -21.490433 135.097316 -85.494815 487.505767 -1.903376 61.970094 23.988380 -4.563057 -14.662861 -23.568933 -2.818911 -10.832744 -19.931065 370.587389 -75.140303 722.272623 5.078168 41.496843 32.296314 -8.932442 -1.733116 -32.342739
0.369420 0.010975 0.507007 -6.716105 51.351276 22.483769 0.000000 0.000000 0.000000 0.000000 0.000000 0.000000 0.000000 0.000000 0.000000 -3.097205 -40.931064 -17.245757 -0.000000 0.000000 0.000000 -85.082957 -15.199928 -27.599283 -10.300063 -0.450336 5.635221 -4.493224 -13.978313 19.122375 67.802328 -37.823095 -54.027044 81.915037 -61.706106 8.898072 -3.909705 -4.475105 -5.467495 -11.283901 -10.490809 -13.821152 -26.055264 -17.972091 68.701547 -5.321250 1.466513 -21.858229 168.498731 -77.720033 517.487320 -2.094023 60.506595 23.565328 -3.205803 -9.195319 -21.551157 -3.396948 -13.859065 -19.618970 366.518009 -70.649050 719.583282 6.804403 41.978583 31.334792 -11.088615 -2.843704 -32.726230
0.368421 0.012214 0.506601 -5.764602 51.463418 21.947263 0.000000 0.000000 -0.000000 0.000000 0.000000 -0.000000 0.000000 0.000000 -0.000000 -3.843369 -40.685723 -17.505323 0.000000 0.000000 0.000000 -85.165395 -14.434022 -28.502272 -10.270995 3.491288 0.537653 -4.549864 -15.910894 20.922737 71.098961 -35.503468 -48.263902 79.121080 -62.567143 6.749911 -4.886323 -5.455125 -6.940062 -13.601298 -11.391588 -14.355137 -21.543645 -15.608532 71.537522 -5.540151 7.169231 -22.369645 176.263622 -69.159270 522.285508 -2.840499 58.573986 21.761954 -1.285948 -4.055115 -18.171628 -4.009413 -15.877607 -19.624647 364.698574 -67.950884 718.499274 7.641560 44.269301 31.700449 -13.274889 -4.840083 -34.072862
0.367562 0.013674 0.506572 -5.146638 51.588190 21.846680 -0.000000 0.000000 0.000000 -0.000000 0.000000 0.000000 -0.000000 0.000000 0.000000 -4.247534 -40.914952 -17.750814 0.000000 -0.000000 0.000000 -85.208781 -13.578358 -29.330286 -9.674195 5.970099 -2.950236 -3.160543 -19.107292 24.720086 70.418555 -34.900173 -48.021529 77.028724 -63.364439 5.188063 -6.185440 -6.483060 -8.376167 -15.167021 -11.867659 -14.244291 -18.030337 -13.448307 73.221128 -5.218706 13.215181 -23.074817 179.615444 -61.066642 523.674976 -4.641422 57.005145 19.486558 0.964574 -0.591944 -14.248323 -4.556577 -17.019936 -19.936685 363.891175 -66.797474 718.060243 7.541512 47.565892 33.072804 -15.192573 -7.284376 -36.060285
0.366873 0.015210 0.506834 -4.736926 51.708316 22.046683 0.000000 -0.000000 0.000000 0.000000 -0.000000 0.000000 0.000000 -0.000000 0.000000 -4.441805 -41.436048 -18.009033 -0.000000 0.000000 -0.000000 -85.243515 -12.711747 -29.996821 -9.047139 7.026250 -4.688554 -0.169258 -22.603708 29.862050 66.631811 -35.553971 -52.006699 75.410314 -64.154022 3.968109 -7.618670 -7.401086 -9.547732 -15.719581 -11.878022 -13.717451 -15.715011 -11.875425 73.981956 -4.638595 19.480222 -24.084468 181.410449 -53.807759 524.080106 -6.411221 56.106115 17.188222 2.916474 1.231996 -10.931310 -4.948784 -17.591469 -20.400635 363.393939 -66.587064 717.901617 6.744909 50.750995 35.211099 -16.627219 -9.460411 -38.407153
0.366377 0.016676 0.507295 -4.359610 51.789811 22.309199 -0.000000 -0.000000 -0.000000 -0.000000 -0.000000 -0.000000 -0.000000 -0.000000 -0.000000 -4.561091 -41.988406 -18.252205 -0.000000 0.000000 0.000000 -85.321789 -11.905022 -30.456220 -8.612288 6.835559 -4.769732 3.541876 -25.269493 34.897878 61.287588 -36.412932 -58.076727 74.017452 -64.878696 2.882685 -8.872227 -8.088826 -10.355894 -15.536954 -11.592349 -13.099177 -14.455729 -10.965955 74.214095 -4.214397 25.345395 -25.338295 182.548981 -47.919657 523.905829 -6.732484 55.818761 15.112895 3.894746 1.888391 -9.286149 -5.186105 -17.874424 -20.844265 362.861213 -66.706563 717.833562 5.543374 53.034960 38.097284 -17.509827 -10.855363 -41.062176
0.366074 0.017939 0.507853 -3.939212 51.828232 22.475125 -0.000000 -0.000000 -0.000000 -0.000000 -0.000000 -0.000000 -0.000000 -0.000000 -0.000000 -4.662092 -42.408759 -18.433816 0.000000 0.000000 -0.000000 -85.466428 -11.245726 -30.699200 -8.455950 5.902910 -3.747357 6.644175 -26.951070 38.773799 56.267803 -37.114093 -64.242942 72.899237 -65.438940 2.004978 -9.736443 -8.529739 -10.844453 -15.026554 -11.219804 -12.559868 -14.007778 -10.622626 74.203603 -3.900075 29.998537 -26.524528 183.243439 -43.798839 523.722048 -5.023984 55.934874 13.461017 3.692693 1.770494 -9.805232 -5.361912 -18.027239 -21.195755 362.310648 -66.767671 717.815972 4.088193 54.310937 41.554332 -17.926014 -11.556630 -43.902182
0.365915 0.018886 0.508372 -3.525246 51.854198 22.530917 0.000000 0.000000 0.000000 0.000000 0.000000 0.000000 0.000000 0.000000 0.000000 -4.747068 -42.664816 -18.542521 0.000000 0.000000 -0.000000 -85.612543 -10.751674 -30.855538 -8.724803 4.683803 -2.130347 8.493178 -28.203961 41.469690 52.593010 -38.013279 -69.757876 72.297603 -65.788685 1.567060 -10.169232 -8.768763 -11.105184 -14.009324 -10.698747 -12.152287 -14.537099 -11.010197 74.126387 -3.487860 32.319076 -27.262515 183.326397 -41.956727 524.241115 -0.053360 55.642115 10.346350 1.776521 2.071546 -11.597819 -5.566997 -18.136862 -21.472195 361.904304 -66.649859 717.878591 2.735735 54.889315 44.873196 -18.121452 -11.868277 -46.541541
0.365813 0.019426 0.508698 -3.222547 51.907785 22.548552 0.000000 -0.000000 -0.000000 0.000000 -0.000000 -0.000000 0.000000 -0.000000 -0.000000 -4.781022 -42.826645 -18.582754 0.000000 0.000000 0.000000 -85.668282 -10.405793 -31.079657 -9.534731 3.362560 -0.145645 9.362396 -29.549461 43.589326 50.011474 -39.414349 -74.997677 72.399829 -65.940112 1.745606 -10.076934 -8.788986 -11.158828 -11.958152 -9.802238 -11.915069 -16.569779 -12.528021 73.994500 -3.291414 31.300239 -27.322313 182.703680 -43.038762 525.458877 6.293616 53.356263 4.621504 -1.011930 4.378540 -11.706453 -5.797970 -18.273702 -21.693327 361.702293 -66.441651 717.982216 2.105475 55.153979 47.150067 -18.401153 -11.860397 -48.551332
0.365678 0.019504 0.508706 -3.102257 52.006265 22.589152 -0.000000 0.000000 -0.000000 -0.000000 0.000000 -0.000000 -0.000000 0.000000 -0.000000 -4.707406 -43.009891 -18.536192 -0.000000 -0.000000 -0.000000 -85.636437 -10.289236 -31.289006 -10.763144 2.083145 1.942828 9.889008 -31.005604 45.431499 47.776921 -41.038235 -80.000758 73.290242 -65.898315 2.623577 -9.276883 -8.496033 -10.923628 -8.902532 -8.524073 -11.725803 -20.327408 -15.226979 73.402164 -3.649028 27.275923 -26.837984 181.613752 -46.794617 526.644324 10.387673 49.185116 -1.711205 -3.545829 8.296006 -8.706807 -5.974490 -18.485585 -21.838884 361.623069 -66.285692 718.005676 2.368996 55.476154 48.067085 -18.942251 -11.624347 -49.730761
0.365462 0.019126 0.508373 -3.147408 52.122362 22.654911 0.000000 -0.000000 -0.000000 0.000000 -0.000000 -0.000000 0.000000 -0.000000 -0.000000 -4.505510 -43.263484 -18.388913 -0.000000 -0.000000 0.000000 -85.605780 -10.520074 -31.220557 -11.933382 0.875444 3.935901 9.992513 -31.836227 46.078713 45.902380 -42.253047 -83.672873 75.030720 -65.617193 4.243129 -7.748684 -7.816566 -10.261906 -5.670581 -7.158911 -11.271523 -25.396104 -18.481274 71.659768 -4.342414 21.626323 -26.145973 180.352343 -52.176545 527.210030 12.043966 44.995180 -6.892958 -5.971265 11.921772 -4.118996 -6.031694 -18.758051 -21.881299 361.559268 -66.246664 717.837202 3.019405 56.126508 48.092364 -19.750531 -11.456741 -50.204851
0.365173 0.018355 0.507782 -3.282589 52.195467 22.718556 0.000000 0.000000 -0.000000 0.000000 0.000000 -0.000000 0.000000 0.000000 -0.000000 -4.231442 -43.457915 -18.190661 -0.000000 -0.000000 -0.000000 -85.631287 -11.080046 -30.731244 -12.516280 -0.539098 6.031926 8.999921 -31.180374 44.283190 44.956644 -42.771831 -85.274966 77.659907 -65.006129 6.609241 -5.787859 -6.772664 -9.083119 -3.215708 -6.041061 -10.380971 -31.030539 -21.390113 68.455883 -5.367037 15.484128 -25.558471 178.981528 -58.558195 526.600273 13.592977 42.150118 -9.955133 -8.808502 13.845211 -0.865182 -5.959568 -18.997718 -21.825754 361.468357 -66.357985 717.415115 3.452271 57.212630 47.978477 -20.764746 -11.569955 -50.308794
0.364857 0.017298 0.507077 -3.470093 52.179391 22.786652 0.000000 0.000000 0.000000 0.000000 0.000000 0.000000 0.000000 0.000000 0.000000 -3.997418 -43.317960 -18.066827 -0.000000 0.000000 -0.000000 -85.713312 -11.853881 -29.839213 -12.190685 -2.647380 8.774733 6.895205 -28.828241 40.139295 44.551942 -42.710607 -85.630519 81.068592 -63.975900 9.624912 -3.844723 -5.473822 -7.449954 -1.885875 -5.333281 -9.270851 -36.604947 -23.445529 64.203765 -6.844145 9.601779 -25.315491 177.114626 -65.561903 524.204876 16.049677 41.561592 -9.906902 -11.518438 13.378533 -1.149944 -5.756777 -19.058984 -21.704911 361.379181 -66.761360 716.730293 3.269607 58.704316 48.363041 -21.871165 -11.945552 -50.369931
0.364575 0.016093 0.506425 -3.763499 52.082575 22.911921 -0.000000 -0.000000 0.000000 -0.000000 -0.000000 0.000000 -0.000000 -0.000000 0.000000 -3.900691 -42.657077 -18.137853 0.000000 -0.000000 0.000000 -85.872882 -12.803938 -28.550147 -10.655899 -5.714851 12.559720 4.242337 -25.102801 34.785598 43.583037 -42.265328 -86.157934 84.895925 -62.502565 13.026694 -2.226917 -4.057570 -5.578621 -1.515831 -5.093620 -8.373221 -41.671304 -24.634079 59.688061 -8.395186 4.411217 -25.361864 173.325222 -72.785143 519.513865 18.413686 43.952433 -6.908438 -13.046808 10.005674 -5.030667 -5.403769 -18.754456 -21.555435 361.406056 -67.739890 715.913927 2.336288 60.250357 49.416278 -22.696171 -12.359031 -50.408128
0.364384 0.014897 0.505984 -4.261379 51.956715 23.148318 0.000000 0.000000 -0.000000 0.000000 0.000000 -0.000000 0.000000 0.000000 -0.000000 -3.948822 -41.594556 -18.413155 0.000000 -0.000000 0.000000 -86.150128 -13.975734 -26.862621 -7.647849 -9.458571 17.243546 1.599266 -20.560214 29.417488 41.355769 -41.513782 -87.640434 88.650667 -60.662336 16.457856 -0.960106 -2.630533 -3.727202 -2.049865 -5.465178 -8.063466 -45.667929 -25.106147 55.742045 -9.315775 -0.437000 -25.325326 162.547235 -80.182158 509.232353 19.182649 48.193253 -2.863905 -13.268048 4.096348 -10.136321 -4.905901 -17.822548 -21.421978 361.832645 -69.610163 715.354306 1.332561 60.874521 50.045972 -22.418250 -12.260300 -49.747759
0.364324 0.013860 0.505873 -5.023436 51.846803 23.521622 0.000000 -0.000000 -0.000000 0.000000 -0.000000 -0.000000 0.000000 -0.000000 -0.000000 -4.061038 -40.481856 -18.797769 0.000000 -0.000000 0.000000 -86.535829 -15.369239 -24.881490 -3.478261 -13.146035 22.135532 -0.344638 -16.178278 25.072875 37.701631 -40.304773 -89.995794 91.948446 -58.608855 19.627982 0.099857 -1.276025 -2.114950 -3.705470 -6.605857 -8.533317 -47.963863 -25.021624 53.020255 -9.385227 -5.328162 -25.002193 106.530924 -86.046633 455.855213 17.546878 51.839176 0.373692 -12.161184 -2.769435 -13.694564 -4.304185 -15.985810 -21.357134 363.147453 -72.636711 715.664248 1.789744 59.288318 47.833450 -20.104798 -10.814112 -47.044299
0.364407 0.013105 0.506176 -6.023550 51.755995 24.026810 -0.000000 -0.000000 -0.000000 -0.000000 -0.000000 -0.000000 -0.000000 -0.000000 -0.000000 -4.128255 -39.652605 -19.177767 -0.000000 -0.000000 0.000000 -86.961106 -16.920934 -22.757341 0.891485 -16.165319 26.445338 -0.952675 -13.107164 22.248176 32.793883 -38.325451 -92.629271 94.594730 -56.520959 22.376809 1.089274 -0.097715 -0.908416 -6.410179 -8.324447 -9.684018 -48.536294 -24.589082 51.597306 -8.828829 -10.043381 -24.460732 31.139344 -81.948970 384.389634 13.592102 53.952581 2.646444 -9.335303 -9.144001 -14.796784 -3.591222 -13.124104 -21.369035 366.145192 -76.998866 717.779385 3.153908 54.912650 42.202734 -15.448212 -7.711584 -41.452049
0.364635 0.012733 0.506959 -7.160915 51.654164 24.619595 0.000000 0.000000 0.000000 0.000000 0.000000 0.000000 0.000000 0.000000 0.000000 -4.055118 -39.293696 -19.458012 0.000000 -0.000000 -0.000000 -87.336816 -18.576197 -20.576406 4.563183 -18.343147 29.712964 -0.131913 -11.868145 20.734923 27.291985 -35.398332 -94.847335 96.548992 -54.543135 24.651661 2.046892 0.786124 -0.197090 -9.310186 -10.004054 -11.062672 -48.378102 -24.099613 50.836442 -7.960979 -14.016297 -23.858247 16.618393 -75.938304 373.608392 8.950604 55.353170 4.552857 -5.789047 -14.347692 -14.614087 -2.734566 -9.289249 -21.431358 374.268778 -82.626512 725.262876 3.342985 49.198551 35.217181 -9.624577 -3.523150 -34.068317
0.365004 0.012798 0.508264 -8.287395 51.497521 25.209007 0.000000 0.000000 -0.000000 0.000000 0.000000 -0.000000 0.000000 0.000000 -0.000000 -3.800653 -39.407214 -19.578453 -0.000000 -0.000000 -0.000000 -87.565030 -20.257957 -18.424252 7.236105 -19.834149 31.979861 1.450031 -11.975224 19.981646 22.256530 -31.931608 -96.333307 97.867283 -52.751024 26.449127 2.911336 1.296839 0.038870 -11.118974 -11.045259 -12.071688 -48.894637 -23.890568 49.910439 -6.980635 -16.793312 -23.286005 11.537982 -71.804514 371.137322 5.803273 56.851343 6.313842 -3.528576 -18.236735 -14.845701 -1.794480 -4.570422 -21.552883 439.926850 -87.818617 790.482277 2.432943 44.207196 28.634745 -4.540534 0.888093 -27.157695
0.365500 0.013282 0.510056 -9.239122 51.244999 25.690643 -0.000000 0.000000 0.000000 -0.000000 0.000000 0.000000 -0.000000 0.000000 0.000000 -3.433437 -39.748992 -19.568053 -0.000000 0.000000 0.000000 -87.550692 -21.783775 -16.482248 9.120656 -20.906855 33.672710 2.748870 -12.405976 19.576070 18.508059 -28.881951 -97.218234 98.644899 -51.184726 27.765322 3.588370 1.443178 -0.085175 -10.834411 -11.168622 -12.308371 -51.140623 -24.200772 48.270382 -5.972838 -18.275500 -22.757296 9.237771 -69.696264 370.238229 4.598665 58.708665 8.308347 -3.357130 -21.148507 -16.429342 -0.905629 1.008174 -21.790910 521.358520 -82.648992 871.356861 0.829996 40.897963 23.822784 -0.688090 4.507907 -22.145929
0.366085 0.014088 0.512190 -9.910461 50.888996 26.013976 -0.000000 -0.000000 -0.000000 -0.000000 -0.000000 -0.000000 -0.000000 -0.000000 -0.000000 -3.111393 -39.932955 -19.549997 0.000000 -0.000000 -0.000000 -87.265897 -22.928663 -14.961100 10.507284 -21.777011 35.257151 3.164116 -12.452841 19.391042 16.185457 -26.983189 -97.752250 99.017683 -49.875327 28.632456 4.058276 1.335967 -0.406050 -8.092139 -10.321957 -11.705031 -55.653434 -25.031701 45.618999 -5.014919 -18.758807 -22.287734 8.037356 -68.889707 369.649289 5.609882 61.026578 10.391096 -5.589563 -23.591259 -19.898187 -0.158151 7.467225 -22.214599 531.412504 -74.753264 880.202276 -0.955868 39.904817 21.882367 2.028277 6.641795 -19.865733
0.366695 0.015084 0.514459 -10.324840 50.477743 26.209823 0.000000 0.000000 0.000000 0.000000 0.000000 0.000000 0.000000 0.000000 0.000000 -2.952003 -39.734835 -19.631366 0.000000 -0.000000 0.000000 -86.809736 -23.593916 -13.955582 11.612318 -22.556052 36.939763 2.889410 -12.089184 19.386950 14.873171 -26.137130 -98.099635 99.189005 -48.802515 29.185386 4.434434 1.156617 -0.758718 -3.276658 -8.585831 -10.478221 -62.423827 -26.070259 41.823301 -4.176649 -18.793615 -21.897531 7.162956 -68.449919 369.092218 7.704549 63.356574 12.291796 -9.057547 -25.646523 -24.301880 0.499369 14.562465 -22.822537 536.119113 -65.786984 882.716166 -1.984039 41.705028 23.355387 3.296884 7.016724 -20.932977
0.367257 0.016122 0.516638 -10.592685 50.086478 26.336377 -0.000000 -0.000000 -0.000000 -0.000000 -0.000000 -0.000000 -0.000000 -0.000000 -0.000000 -2.934200 -39.231665 -19.799338 -0.000000 -0.000000 0.000000 -86.361271 -23.853534 -13.408677 12.606024 -23.268960 38.608068 2.545507 -11.716592 19.470751 13.997590 -25.644880 -98.332027 99.364763 -47.878281 29.614213 4.844931 1.041647 -1.038464 2.269431 -6.365397 -9.088878 -70.296249 -26.777109 37.357477 -3.484033 -18.838107 -21.577830 6.292287 -67.780684 368.590171 9.151186 64.851503 13.826031 -11.810795 -27.072848 -27.794800 1.161516 21.715468 -23.542276 539.552162 -56.389745 883.116151 -2.188458 45.616950 26.829660 3.146619 6.114376 -23.953273
0.367705 0.017045 0.518511 -10.797726 49.762867 26.416332 -0.000000 0.000000 -0.000000 -0.000000 0.000000 -0.000000 -0.000000 0.000000 -0.000000 -2.936146 -38.626055 -19.946734 -0.000000 0.000000 -0.000000 -86.059073 -23.855151 -13.179778 13.375777 -23.826027 39.878637 2.551013 -11.705777 19.593798 13.302851 -25.095867 -98.474769 99.643676 -47.014871 30.036431 5.192320 0.942365 -1.263656 6.357707 -4.713128 -8.235232 -76.338738 -27.027131 33.945252 -2.953983 -19.035633 -21.314224 5.465560 -66.812972 368.268559 9.528536 65.224495 14.743178 -12.995654 -27.819194 -29.489404 1.829888 28.084966 -24.250824 542.270850 -47.805331 882.535876 -3.051565 50.072134 30.554565 2.686050 4.632694 -26.439689
0.367992 0.017710 0.519889 -10.959863 49.515177 26.441616 0.000000 -0.000000 -0.000000 0.000000 -0.000000 -0.000000 0.000000 -0.000000 -0.000000 -2.841126 -38.052577 -19.972402 -0.000000 -0.000000 -0.000000 -85.944669 -23.728591 -13.125316 13.366049 -24.028791 40.199982 2.754652 -12.056515 19.806937 13.077518 -24.989045 -98.533324 99.989999 -46.224680 30.425510 5.154033 0.665050 -1.539372 7.260869 -4.731678 -8.453075 -77.823802 -27.393333 33.494362 -2.611692 -19.277362 -21.112897 4.888161 -65.872888 368.149758 9.509566 64.928467 14.883823 -13.102398 -28.067441 -29.788476 2.419257 32.384182 -24.714357 544.244665 -41.505173 881.879726 -5.236366 53.884870 33.891711 2.645878 3.104880 -27.412995
0.368098 0.018004 0.520632 -11.082004 49.348158 26.404901 0.000000 0.000000 0.000000 0.000000 0.000000 0.000000 0.000000 0.000000 0.000000 -2.626045 -37.567128 -19.850909 -0.000000 -0.000000 -0.000000 -86.013667 -23.561480 -13.159451 12.068011 -23.686481 39.164542 2.572095 -12.343680 20.083313 13.912948 -26.320533 -98.493389 100.291628 -45.650020 30.648724 4.569656 0.146670 -1.898550 5.071662 -6.176028 -9.503194 -74.750902 -27.874288 35.970525 -2.447557 -19.382080 -20.971892 4.727595 -65.433745 368.127545 9.470786 64.638087 14.629180 -12.882086 -28.053475 -29.483079 2.817781 33.491599 -24.671372 545.232410 -38.689112 881.866420 -8.138256 56.525124 36.781564 3.041565 1.834450 -27.383575
0.368032 0.017863 0.520656 -11.178734 49.288153 26.304246 0.000000 0.000000 -0.000000 0.000000 0.000000 -0.000000 0.000000 0.000000 -0.000000 -2.380481 -37.203378 -19.633554 0.000000 -0.000000 0.000000 -86.270806 -23.376703 -13.307382 9.603429 -22.723643 36.831675 1.504572 -12.076018 20.199803 16.301307 -29.577952 -98.301726 100.446311 -45.443896 30.596633 3.656538 -0.435354 -2.240458 1.178747 -7.926479 -10.692923 -68.827918 -27.809690 39.736697 -2.400638 -19.305249 -20.847504 4.973201 -65.759435 368.099699 9.496726 64.822663 14.428922 -12.817499 -27.968255 -29.185507 2.896279 31.619799 -24.126869 545.167233 -39.528474 882.589698 -10.421348 57.741469 38.816591 3.547850 0.937218 -27.249362
0.367812 0.017272 0.519941 -11.259241 49.362909 26.145672 0.000000 0.000000 0.000000 0.000000 0.000000 0.000000 0.000000 0.000000 0.000000 -2.210267 -37.003277 -19.387319 -0.000000 -0.000000 0.000000 -86.713573 -23.077290 -13.728284 6.618979 -21.230762 33.686552 -0.351018 -11.192554 19.928081 20.421328 -34.164712 -97.830882 100.430185 -45.623128 30.290848 2.612656 -0.981763 -2.524384 -3.189381 -9.395579 -11.662502 -61.962129 -27.006875 43.599175 -2.405082 -19.200429 -20.687757 5.421831 -66.662599 368.042726 9.622769 65.486990 14.357022 -12.990749 -27.910055 -29.079337 2.589195 27.772908 -23.319638 544.250118 -43.403277 883.661351 -11.059003 57.588923 39.362231 3.850535 0.381165 -27.407889
0.367456 0.016283 0.518536 -11.313526 49.565729 25.960604 0.000000 0.000000 -0.000000 0.000000 0.000000 -0.000000 0.000000 0.000000 -0.000000 -2.105490 -37.035741 -19.126536 0.000000 0.000000 0.000000 -87.285436 -22.445144 -14.645902 3.742898 -19.377647 30.188139 -2.312763 -10.193563 19.333566 26.097953 -38.741501 -96.813529 100.296634 -46.100682 29.837600 1.279977 -1.669764 -2.899114 -7.116553 -10.360703 -12.230416 -55.192479 -25.677333 47.115392 -2.449292 -19.181522 -20.508927 5.896310 -67.767498 367.998073 10.046196 66.286605 14.081594 -13.308274 -27.821377 -29.041738 1.992592 22.763471 -22.489892 542.809213 -49.346063 884.575100 -10.315754 56.539613 38.680945 3.763266 0.047311 -27.715163
0.366977 0.015014 0.516581 -11.306594 49.852195 25.781340 -0.000000 -0.000000 -0.000000 -0.000000 -0.000000 -0.000000 -0.000000 -0.000000 -0.000000 -1.945804 -37.376181 -18.801164 0.000000 0.000000 0.000000 -87.848256 -21.295602 -16.192297 1.358030 -17.267548 26.497849 -3.599963 -9.848378 18.840222 32.591324 -41.968888 -94.814629 100.082286 -46.823269 29.283223 -0.541643 -2.674317 -3.519957 -9.617062 -10.582765 -12.088043 -49.450712 -24.187668 49.906191 -2.585935 -19.082433 -20.398198 6.499863 -68.995346 368.072238 11.019446 66.911822 13.287815 -13.725771 -27.524282 -28.960169 1.276486 17.282346 -21.799737 541.099134 -56.345351 884.841030 -8.893390 55.193885 37.668251 3.048752 -0.244105 -28.092822
0.366395 0.013622 0.514280 -11.163702 50.179389 25.564813 -0.000000 -0.000000 0.000000 -0.000000 -0.000000 0.000000 -0.000000 -0.000000 0.000000 -1.645591 -38.055698 -18.335393 -0.000000 0.000000 -0.000000 -88.214735 -19.720986 -18.271011 -0.417858 -14.883454 22.602265 -3.846616 -10.676614 19.037922 38.637063 -43.278369 -91.522778 99.724034 -47.780669 28.570654 -2.713859 -3.907148 -4.360385 -10.201985 -10.060274 -11.233272 -45.337918 -22.973238 51.888364 -2.879396 -18.553756 -20.408586 7.579134 -70.640025 368.438605 12.161514 67.205469 12.337306 -14.042474 -26.798741 -28.765357 0.556538 11.802503 -21.262150 538.983087 -63.935291 884.130547 -6.982098 53.838202 36.817108 1.465738 -0.686153 -28.694561
0.365745 0.012286 0.511859 -10.775555 50.538856 25.170781 -0.000000 0.000000 0.000000 -0.000000 0.000000 0.000000 -0.000000 0.000000 0.000000 -1.259863 -39.038810 -17.680471 0.000000 0.000000 0.000000 -88.265935 -18.131058 -20.579060 -1.812414 -12.095534 18.446965 -3.408275 -12.383867 20.113391 43.829793 -43.216135 -86.884860 99.094925 -48.931060 27.612641 -4.915909 -5.163658 -5.289719 -9.213454 -9.092008 -10.197762 -42.668435 -22.302358 53.559774 -3.361874 -17.304826 -20.492261 9.613833 -73.087980 369.396072 12.687902 67.032235 12.042473 -13.959255 -25.332874 -28.427889 -0.173918 6.215264 -20.749769 535.552279 -72.329363 881.854649 -4.576864 52.307436 36.143908 -0.906396 -1.253859 -29.603170
0.365059 0.011186 0.509537 -10.058428 50.939318 24.467370 0.000000 -0.000000 0.000000 0.000000 -0.000000 0.000000 0.000000 -0.000000 0.000000 -0.962933 -40.211706 -16.880307 0.000000 -0.000000 -0.000000 -88.039908 -16.923650 -22.816682 -3.172633 -8.760567 13.955266 -3.052421 -14.072015 21.430025 49.266053 -42.511299 -80.196289 98.096708 -50.234027 26.331360 -6.890514 -6.307817 -6.205860 -7.398316 -8.062850 -9.604730 -40.757203 -22.177176 55.631523 -4.041536 -15.196461 -20.574833 13.565239 -76.622603 371.758644 12.532439 66.166858 12.578977 -13.412869 -22.654710 -27.922164 -0.968348 0.331673 -20.155572 526.610880 -81.405573 874.049059 -2.074296 50.384173 35.700784 -3.561387 -1.709527 -30.610927
0.364369 0.010478 0.507519 -9.036965 51.371247 23.463791 -0.000000 -0.000000 0.000000 -0.000000 -0.000000 0.000000 -0.000000 -0.000000 0.000000 -0.938038 -41.385144 -16.091143 0.000000 0.000000 0.000000 -87.664789 -16.118339 -24.918081 -4.465022 -5.112114 9.350341 -3.103557 -15.066820 22.048363 55.497265 -41.033420 -70.849093 96.711317 -51.697788 24.681087 -8.450971 -7.280129 -7.076741 -5.567003 -7.267028 -9.664013 -38.871619 -22.348221 58.481628 -4.874944 -12.256485 -20.632515 22.814899 -81.311794 378.836227 12.429510 64.318840 13.207851 -12.544602 -18.302978 -27.080137 -1.816989 -5.598703 -19.490328 426.986906 -87.603211 775.549673 0.597609 48.462305 35.379251 -6.407865 -1.906019 -31.708282
0.363699 0.010260 0.505992 -7.859499 51.801064 22.321670 0.000000 -0.000000 -0.000000 0.000000 -0.000000 -0.000000 0.000000 -0.000000 -0.000000 -1.255004 -42.376370 -15.490836 0.000000 0.000000 0.000000 -87.222455 -15.402786 -27.051075 -5.402389 -1.927888 5.379361 -2.875058 -15.519496 21.950713 60.734963 -38.457629 -61.529871 94.977356 -53.323630 22.689422 -9.501932 -8.078535 -7.955803 -4.392952 -6.846633 -10.125317 -36.495938 -22.407044 61.989456 -5.676297 -8.666292 -20.650698 61.783678 -86.217114 415.309359 12.137236 61.406009 13.597512 -11.091010 -12.498576 -25.530876 -2.624717 -11.014890 -18.835260 372.472529 -80.512232 722.198523 3.695166 47.225119 34.962750 -9.594824 -1.985539 -33.047149
0.363064 0.010564 0.505080 -6.717109 52.184044 21.261511 0.000000 0.000000 -0.000000 0.000000 0.000000 -0.000000 0.000000 0.000000 -0.000000 -1.820588 -43.110824 -15.164443 0.000000 0.000000 0.000000 -86.703856 -14.491658 -29.352924 -5.971022 0.039637 2.843871 -1.515506 -16.222921 22.295683 62.864439 -35.680449 -55.541826 92.935965 -55.068691 20.436091 -10.171732 -8.774344 -8.963836 -4.105823 -6.770078 -10.616742 -33.474604 -22.006934 65.772038 -6.114738 -4.577197 -20.590869 150.554443 -84.013003 502.034386 10.280123 58.204897 14.181532 -8.490396 -6.818781 -23.226997 -3.301222 -15.347004 -18.295468 366.055060 -74.116610 717.022952 6.892713 46.869354 34.324107 -12.769449 -2.153600 -34.491064
0.362471 0.011351 0.504806 -5.744752 52.467810 20.464000 0.000000 -0.000000 0.000000 0.000000 -0.000000 0.000000 0.000000 -0.000000 0.000000 -2.429283 -43.607239 -15.076803 0.000000 0.000000 -0.000000 -86.081983 -13.312806 -31.739892 -6.268221 0.560136 2.019791 0.793111 -17.575858 23.945797 61.993982 -33.914797 -53.818218 90.609123 -56.875322 17.969866 -10.781354 -9.469459 -10.175504 -4.518410 -6.886259 -10.873076 -29.946420 -20.978875 69.387985 -5.853261 0.135966 -20.448360 169.365983 -77.261786 520.118443 5.643174 55.678027 15.393436 -4.186345 -3.000465 -20.321404 -3.844187 -18.233831 -17.988424 363.657721 -69.896708 715.789887 9.434468 47.082957 33.496040 -15.200957 -2.489596 -35.596667
0.361920 0.012513 0.505087 -4.982940 52.603842 20.001127 0.000000 0.000000 -0.000000 0.000000 0.000000 -0.000000 0.000000 0.000000 -0.000000 -2.866479 -43.893112 -15.112517 -0.000000 -0.000000 -0.000000 -85.396107 -11.964263 -33.954733 -6.171610 -0.131637 2.607957 3.100024 -19.203651 26.575946 59.531517 -33.346052 -55.280681 88.048630 -58.653027 15.317205 -11.572525 -10.189341 -11.504518 -5.531619 -7.154277 -10.760558 -26.059652 -19.236412 72.424645 -4.806137 5.859865 -20.354164 174.897904 -69.888889 526.325358 -0.984165 53.800007 16.746636 1.426716 -1.050448 -17.014729 -4.290187 -19.669939 -17.970925 362.608099 -67.852113 715.601868 10.775769 47.663922 32.751581 -16.528220 -3.070199 -36.159632
0.361420 0.013912 0.505776 -4.394336 52.580382 19.811697 -0.000000 0.000000 0.000000 -0.000000 0.000000 0.000000 -0.000000 0.000000 0.000000 -3.039484 -43.981605 -15.159792 0.000000 0.000000 -0.000000 -84.775938 -10.697728 -35.647653 -5.610655 -1.382636 3.864269 4.513064 -20.573380 29.257455 56.945543 -33.512818 -58.074897 85.418496 -60.249703 12.600285 -12.539287 -10.868787 -12.749886 -7.385350 -7.793167 -10.317852 -21.795903 -16.709135 74.632843 -3.454366 12.613871 -20.611326 177.238153 -62.329431 529.685766 -7.762872 52.535614 17.870857 7.080952 -0.249987 -13.893518 -4.630446 -20.005747 -18.163806 362.172576 -67.367165 715.718259 10.910363 48.494926 32.511134 -16.917814 -3.879767 -36.477746
0.360987 0.015401 0.506697 -3.899220 52.438433 19.751551 -0.000000 0.000000 0.000000 -0.000000 0.000000 0.000000 -0.000000 0.000000 0.000000 -3.053935 -43.887623 -15.198945 -0.000000 -0.000000 0.000000 -84.398189 -9.826356 -36.495298 -4.875786 -2.302619 4.789081 4.682626 -21.498621 31.312470 55.391674 -34.018918 -60.465373 83.031919 -61.503554 10.113176 -13.570696 -11.462499 -13.762711 -10.240750 -9.033347 -9.760778 -17.177445 -13.488214 76.035387 -2.454321 19.410101 -21.334553 178.544476 -55.440702 531.216968 -12.949917 52.134557 18.886946 11.323095 -0.249601 -11.777384 -4.839519 -19.729237 -18.413186 361.948404 -67.592430 715.939547 10.213536 49.157622 32.964785 -16.639627 -4.655302 -36.885776
0.360634 0.016831 0.507675 -3.429998 52.239761 19.702461 0.000000 0.000000 -0.000000 0.000000 0.000000 -0.000000 0.000000 0.000000 -0.000000 -3.097730 -43.628075 -15.286368 -0.000000 0.000000 0.000000 -84.357649 -9.467103 -36.447648 -4.337629 -2.462564 4.856560 3.759965 -22.063211 32.532148 55.321823 -34.731466 -61.644044 81.293448 -62.319889 8.252581 -14.656176 -12.011490 -14.525509 -13.662105 -10.719918 -9.321841 -12.610869 -10.027955 76.779946 -1.964304 24.908463 -22.241489 179.454586 -50.231976 531.542143 -15.960707 52.319579 19.748169 13.689323 -0.658166 -10.769620 -4.935799 -19.237691 -18.617309 361.719094 -67.890589 716.225003 9.189204 49.168287 33.833583 -15.880530 -5.081585 -37.375513
0.360354 0.018040 0.508536 -2.990752 52.030524 19.655565 -0.000000 0.000000 0.000000 -0.000000 0.000000 0.000000 -0.000000 0.000000 0.000000 -3.236435 -43.248559 -15.454080 0.000000 0.000000 -0.000000 -84.560859 -9.423735 -35.850784 -4.121749 -2.185513 4.453523 2.373802 -22.537734 33.283678 56.080833 -35.670800 -62.271413 80.482689 -62.712791 7.296054 -15.853495 -12.581755 -15.110621 -16.715368 -12.316511 -9.052745 -8.823889 -7.046627 77.046538 -1.813943 27.961455 -22.952490 179.900026 -47.597947 531.564647 -15.852268 52.781646 19.442650 13.874023 -1.072019 -10.845153 -4.955127 -18.800495 -18.765340 361.392731 -67.932595 716.546655 8.333940 48.539061 34.560127 -14.944016 -5.150616 -37.770455
0.360122 0.018867 0.509119 -2.649567 51.845379 19.683097 -0.000000 0.000000 -0.000000 -0.000000 0.000000 -0.000000 -0.000000 0.000000 -0.000000 -3.391091 -42.856413 -15.673432 -0.000000 -0.000000 0.000000 -84.818796 -9.443558 -35.145552 -4.344892 -1.827441 4.070528 1.786999 -23.634000 34.845035 56.078872 -36.959674 -64.216879 80.529247 -62.788479 7.219890 -17.166365 -13.194539 -15.651523 -18.575465 -13.310442 -8.845227 -6.381902 -5.097559 77.075678 -1.795739 27.721365 -23.195957 179.637663 -48.191932 532.060126 -13.670559 53.052867 17.788861 12.864499 -1.153247 -11.302713 -4.904353 -18.600086 -18.884992 360.924402 -67.623871 716.852245 7.926797 47.842877 34.838403 -14.282718 -5.193726 -38.062372
0.359901 0.019197 0.509277 -2.458256 51.717046 19.840087 0.000000 -0.000000 -0.000000 0.000000 -0.000000 -0.000000 0.000000 -0.000000 -0.000000 -3.483869 -42.560950 -15.907803 0.000000 0.000000 0.000000 -85.029894 -9.547533 -34.429277 -5.262001 -1.149331 3.489736 3.368427 -26.145696 38.728210 53.849613 -38.567999 -69.127063 81.101583 -62.670636 7.793669 -18.469678 -13.804515 -16.285641 -18.994147 -13.532912 -8.640634 -5.405442 -4.320367 77.114989 -1.627394 24.179440 -22.891865 178.657031 -51.910461 533.330446 -12.199077 52.584240 15.619385 12.428906 -0.645052 -10.784609 -4.779003 -18.712556 -18.995982 360.310052 -67.056896 717.061216 7.919618 47.740245 34.764920 -14.226713 -5.599088 -38.367755
0.359652 0.018997 0.508912 -2.417787 51.657215 20.141639 0.000000 0.000000 0.000000 0.000000 0.000000 0.000000 0.000000 0.000000 0.000000 -3.512719 -42.365056 -16.165241 -0.000000 0.000000 -0.000000 -85.222210 -9.986195 -33.424472 -6.854709 0.137983 2.435738 7.285387 -29.619814 44.841257 49.373991 -39.964817 -76.582379 81.922688 -62.441494 8.805629 -19.407876 -14.271951 -16.969328 -18.316444 -13.167164 -8.544264 -5.763749 -4.620911 77.274949 -1.238078 18.597742 -22.251599 177.265590 -57.804132 534.952857 -12.319103 51.560009 13.125755 12.874118 0.099603 -8.640683 -4.592711 -19.101542 -19.119847 359.595372 -66.399826 717.100259 8.364227 48.444419 34.392307 -14.905651 -6.362742 -38.725377
0.359347 0.018326 0.508011 -2.531676 51.644838 20.620483 -0.000000 -0.000000 -0.000000 -0.000000 -0.000000 -0.000000 -0.000000 -0.000000 -0.000000 -3.512553 -42.179228 -16.504354 -0.000000 0.000000 -0.000000 -85.412237 -10.861480 -31.937194 -8.599929 1.452067 1.627298 11.394163 -32.306976 50.329438 44.513139 -40.699012 -83.364332 82.889787 -62.161425 10.110787 -19.413739 -14.372352 -17.358441 -17.123237 -12.541172 -8.691690 -7.380439 -5.930806 77.387201 -1.079563 12.517447 -21.709437 175.698285 -64.870029 535.748974 -12.473538 50.780843 10.002752 12.952767 0.170576 -5.524499 -4.365868 -19.681166 -19.301838 358.854085 -65.760486 716.939978 9.596504 49.743353 33.584686 -16.373030 -7.113066 -39.144546
0.358974 0.017321 0.506654 -2.838239 51.647122 21.334510 -0.000000 -0.000000 -0.000000 -0.000000 -0.000000 -0.000000 -0.000000 -0.000000 -0.000000 -3.525386 -41.958827 -16.999925 0.000000 -0.000000 0.000000 -85.525909 -11.963006 -30.147667 -9.880328 1.668840 2.221185 12.812366 -33.008124 51.700952 41.150360 -40.979577 -87.310942 83.979855 -61.895751 11.580064 -18.060672 -13.900276 -16.994086 -15.751937 -11.854501 -9.065284 -10.328890 -8.244480 77.006653 -1.608830 7.054062 -21.691171 173.599359 -72.047367 534.150311 -10.870269 50.967629 6.896415 11.344505 -1.299784 -3.062032 -4.116748 -20.356982 -19.599380 358.184958 -65.174169 716.592744 11.694535 51.243568 32.358115 -18.452520 -7.515005 -39.624090
0.358551 0.016160 0.504986 -3.364548 51.630526 22.304276 0.000000 0.000000 0.000000 0.000000 0.000000 0.000000 0.000000 0.000000 0.000000 -3.578989 -41.760949 -17.681619 0.000000 0.000000 -0.000000 -85.503685 -12.992960 -28.361982 -10.172304 0.163628 4.658895 11.007894 -31.427158 48.223691 39.399532 -40.925363 -88.973928 85.185290 -61.675106 13.117530 -15.444522 -12.764899 -15.619387 -14.086381 -11.048730 -9.485994 -14.773482 -11.487403 75.548117 -2.895456 2.815345 -22.374466 168.997593 -78.448007 527.976649 -7.020339 52.266038 5.015710 7.715215 -4.500084 -2.881101 -3.866565 -20.999674 -20.049405 357.702383 -64.673180 716.111413 14.041542 52.343274 31.128887 -20.491190 -7.360523 -40.032956
0.358118 0.015006 0.503162 -4.077509 51.543217 23.471597 -0.000000 -0.000000 0.000000 -0.000000 -0.000000 0.000000 -0.000000 -0.000000 0.000000 -3.636770 -41.642917 -18.487446 0.000000 0.000000 0.000000 -85.368219 -13.756402 -26.743267 -8.924804 -3.036291 8.754542 7.398364 -27.561886 41.473198 38.402764 -40.321056 -89.363513 86.487460 -61.453405 14.663219 -12.123619 -10.994604 -13.276573 -11.760890 -9.916254 -9.661882 -20.919446 -15.370816 72.326736 -4.507199 -0.172830 -23.541855 154.218998 -83.769451 510.701392 -1.603959 54.418409 4.532889 2.658822 -8.889755 -5.429940 -3.616652 -21.433681 -20.638290 357.474793 -64.337550 715.593712 15.862229 52.374564 30.402593 -21.715965 -6.421829 -40.163752
0.357723 0.013968 0.501310 -4.891208 51.325250 24.708370 -0.000000 0.000000 -0.000000 -0.000000 0.000000 -0.000000 -0.000000 0.000000 -0.000000 -3.611449 -41.543645 -19.292727 -0.000000 0.000000 0.000000 -85.184757 -14.187801 -25.309561 -5.820592 -7.324509 13.991970 3.762441 -22.179443 33.870778 37.113132 -39.041066 -89.422517 87.826098 -61.122960 16.167091 -8.832924 -8.752636 -10.257666 -8.482594 -8.224751 -9.163456 -28.914799 -19.247596 66.663804 -5.864581 -2.214113 -24.777114 97.383920 -86.524557 451.871833 3.823700 56.924856 5.171847 -2.649060 -13.557691 -9.975322 -3.322288 -21.498321 -21.285494 357.476529 -64.316631 715.130784 16.929719 51.100806 30.302957 -21.822291 -4.584639 -39.944755
0.357414 0.013117 0.499534 -5.713822 50.966471 25.851716 0.000000 -0.000000 0.000000 0.000000 -0.000000 0.000000 0.000000 -0.000000 0.000000 -3.473666 -41.286165 -19.998353 0.000000 -0.000000 0.000000 -85.021770 -14.411616 -23.966024 -1.539831 -11.460759 19.303812 1.785938 -17.391156 28.023944 34.333272 -37.025113 -90.258820 89.105786 -60.566089 17.606066 -6.163119 -6.346529 -7.027797 -4.426831 -5.845661 -7.596599 -38.434633 -22.058141 58.423669 -6.681134 -3.640649 -25.762022 46.083417 -84.200304 399.632523 8.093886 58.838719 6.446662 -7.241101 -17.210826 -15.078697 -2.908180 -21.139726 -21.851450 357.603818 -64.788146 714.732737 17.366827 48.953261 30.690032 -20.992765 -2.106414 -39.529644
0.357237 0.012515 0.497925 -6.493753 50.536898 26.763337 -0.000000 0.000000 0.000000 -0.000000 0.000000 0.000000 -0.000000 0.000000 0.000000 -3.306868 -40.705974 -20.580986 0.000000 0.000000 -0.000000 -84.941007 -14.735842 -22.532444 2.524451 -14.554376 23.650301 2.216080 -15.092932 25.096955 29.589822 -34.110771 -92.215705 90.239335 -59.708779 19.007736 -4.253834 -4.088782 -4.049331 -0.549281 -3.100007 -5.178163 -48.018148 -22.856037 48.819957 -6.957197 -4.786921 -26.336457 31.519824 -81.019754 385.081296 10.988784 59.251995 7.506935 -10.409359 -18.922334 -19.087070 -2.315637 -20.432870 -22.190267 357.730820 -65.877353 714.341016 17.195161 46.718778 31.461438 -19.540873 0.434541 -39.153837
0.357226 0.012218 0.496554 -7.225197 50.137733 27.381526 0.000000 0.000000 -0.000000 0.000000 0.000000 -0.000000 0.000000 0.000000 -0.000000 -3.235276 -39.802451 -21.062370 -0.000000 -0.000000 -0.000000 -84.988195 -15.386472 -20.933361 5.631524 -16.677702 26.849631 4.584370 -15.278377 24.461318 23.753162 -30.214248 -94.418825 91.170013 -58.548343 20.416756 -2.827561 -2.139330 -1.620676 2.001521 -0.925825 -2.980102 -55.568566 -21.924122 40.368498 -6.784105 -5.934904 -26.453097 24.808643 -78.285651 379.221746 13.274569 58.070656 7.323894 -12.111696 -18.937578 -21.199891 -1.553808 -19.481559 -22.233360 357.795052 -67.629657 713.911675 16.380159 45.135273 32.496799 -17.767550 2.410164 -38.940449
0.357387 0.012253 0.495452 -7.920792 49.839096 27.723569 0.000000 0.000000 -0.000000 0.000000 0.000000 -0.000000 0.000000 0.000000 -0.000000 -3.333075 -38.783613 -21.459230 -0.000000 0.000000 -0.000000 -85.189054 -16.291170 -19.341911 8.253026 -18.465803 29.654398 7.608897 -16.594333 24.720901 18.128459 -25.661917 -96.097532 91.874733 -57.144124 21.854607 -1.557887 -0.552450 0.122698 2.949370 -0.155342 -2.094455 -60.224568 -20.643023 34.866247 -6.277801 -7.183918 -26.162107 20.207574 -75.930849 376.191536 15.492575 56.067765 5.784996 -12.904129 -18.296247 -21.836526 -0.725616 -18.324202 -22.032446 357.877172 -70.007701 713.461166 15.024297 44.631016 33.636540 -15.996111 3.454363 -38.873480
0.357705 0.012598 0.494603 -8.592757 49.668037 27.853187 0.000000 0.000000 -0.000000 0.000000 0.000000 -0.000000 0.000000 0.000000 -0.000000 -3.581278 -37.963310 -21.757651 -0.000000 -0.000000 -0.000000 -85.559080 -17.166601 -18.078186 11.177933 -20.406716 32.866824 10.325952 -18.022017 24.939697 13.317608 -20.858305 -97.195448 92.373473 -55.597369 23.311438 -0.312882 0.612439 1.139594 2.843019 -0.742185 -2.694270 -62.656440 -19.996553 32.305676 -5.571975 -8.464323 -25.580832 16.644347 -73.922640 374.608715 17.481368 54.177569 3.724046 -13.261995 -17.845586 -21.860752 0.010197 -16.975125 -21.714684 358.181798 -72.868105 713.044936 13.269201 45.191541 34.836041 -14.446710 3.593475 -38.859015
0.358149 0.013182 0.493955 -9.236240 49.614121 27.844102 0.000000 -0.000000 -0.000000 0.000000 -0.000000 -0.000000 0.000000 -0.000000 -0.000000 -3.882293 -37.598022 -21.923814 0.000000 0.000000 -0.000000 -86.083227 -17.752780 -17.372887 14.563475 -22.494555 36.624114 12.820599 -19.536757 25.015008 9.252925 -15.848897 -97.887054 92.717350 -54.036982 24.731735 0.865460 1.304253 1.480009 2.347754 -2.044994 -4.193063 -63.869322 -20.097945 31.742356 -4.796118 -9.687344 -24.844683 13.872766 -72.301116 373.837275 18.918996 52.897075 1.946781 -13.338686 -17.856183 -21.822501 0.518015 -15.473757 -21.408213 358.952578 -76.005863 712.768449 11.247450 46.409131 36.067032 -13.142747 3.176909 -38.719850
0.358672 0.013901 0.493433 -9.812458 49.631671 27.756057 -0.000000 -0.000000 -0.000000 -0.000000 -0.000000 -0.000000 -0.000000 -0.000000 -0.000000 -4.116310 -37.763926 -21.935155 -0.000000 -0.000000 0.000000 -86.677000 -17.941047 -17.243781 17.799602 -24.400238 40.407885 15.538737 -21.482540 25.138297 5.876156 -10.794671 -98.294685 92.974560 -52.596321 26.014700 1.798296 1.506475 1.275207 1.986146 -3.421499 -5.902411 -64.558311 -20.700624 32.253147 -4.083028 -10.793118 -24.094809 11.782410 -71.029725 373.454472 19.699193 52.265690 0.747927 -13.176416 -18.233642 -21.834195 0.726776 -13.842120 -21.212510 360.519690 -79.223219 712.968224 9.191614 47.758230 37.143645 -12.016151 2.636205 -38.295492
0.359214 0.014649 0.492972 -10.282563 49.669533 27.645777 -0.000000 0.000000 -0.000000 -0.000000 0.000000 -0.000000 -0.000000 0.000000 -0.000000 -4.190932 -38.330153 -21.802393 0.000000 0.000000 -0.000000 -87.220730 -17.766094 -17.546202 20.120514 -25.861917 43.524010 17.997882 -23.505737 25.211512 3.547912 -6.806027 -98.502114 93.237308 -51.414807 27.040336 2.209616 1.228164 0.681991 2.176153 -4.381816 -7.276473 -65.100282 -21.534484 33.180521 -3.555213 -11.704522 -23.472268 10.379243 -70.056014 373.261031 19.985262 52.134750 0.048193 -12.901139 -18.801609 -21.848834 0.634704 -12.110115 -21.190180 363.638686 -82.255358 714.634032 7.475263 48.891095 37.826111 -11.071781 2.197014 -37.700611
0.359709 0.015350 0.492525 -10.670423 49.712342 27.592294 -0.000000 -0.000000 0.000000 -0.000000 -0.000000 0.000000 -0.000000 -0.000000 0.000000 -4.060205 -39.060433 -21.569094 -0.000000 0.000000 -0.000000 -87.651966 -17.359420 -18.068309 21.168260 -26.826597 45.500317 18.809303 -24.502038 24.890907 2.835468 -5.556542 -98.594805 93.606933 -50.658276 27.697292 1.911537 0.544608 -0.145780 3.123885 -4.597072 -7.953565 -65.610144 -22.374589 34.114845 -3.249578 -12.378845 -23.067216 9.642141 -69.377508 373.187417 19.966737 52.363835 -0.279444 -12.624307 -19.437145 -21.854824 0.316761 -10.429371 -21.346526 369.991296 -84.680691 719.835161 6.450595 49.681839 38.059384 -10.394266 1.819155 -37.360728
0.360093 0.015959 0.492070 -11.056027 49.781280 27.673490 -0.000000 0.000000 0.000000 -0.000000 0.000000 0.000000 -0.000000 0.000000 0.000000 -3.727183 -39.794034 -21.286216 0.000000 0.000000 0.000000 -87.998992 -16.877926 -18.619374 20.992874 -27.361049 46.201178 17.207597 -23.768446 24.023303 3.920970 -7.751131 -98.633570 94.145874 -50.457308 27.931631 0.977243 -0.375431 -1.051360 4.620417 -4.058135 -7.932243 -65.908696 -23.103214 34.998396 -3.088575 -12.881840 -22.873303 9.377983 -68.973019 373.184612 19.652627 52.848517 -0.269660 -12.298615 -20.095186 -21.856781 -0.093646 -9.054452 -21.625052 380.856792 -86.076720 730.158435 6.090562 50.151358 38.132300 -9.987187 1.298268 -37.698641
0.360318 0.016448 0.491582 -11.498077 49.898303 27.904907 0.000000 0.000000 0.000000 0.000000 0.000000 0.000000 0.000000 0.000000 0.000000 -3.237438 -40.515078 -20.980848 0.000000 0.000000 0.000000 -88.320192 -16.457094 -19.072678 19.661562 -27.496011 45.612060 13.752046 -21.573167 22.818533 6.490931 -12.765307 -98.620220 94.857990 -50.773241 27.812835 -0.387921 -1.401592 -1.953689 6.154482 -3.103565 -7.562161 -65.584597 -23.749099 36.150282 -2.966769 -13.329737 -22.813993 9.330148 -68.771817 373.198185 18.966724 53.527682 0.088014 -11.820174 -20.790749 -21.852636 -0.468655 -8.174164 -21.935894 391.223267 -86.340148 740.692213 5.958569 50.477363 38.520054 -9.768665 0.349838 -38.884620
0.360352 0.016801 0.491034 -11.978801 50.057724 28.214598 0.000000 0.000000 0.000000 0.000000 0.000000 0.000000 0.000000 0.000000 0.000000 -2.662103 -41.232273 -20.650177 -0.000000 -0.000000 -0.000000 -88.646482 -16.213903 -19.341597 17.109388 -27.121767 43.636386 9.290483 -18.462088 21.462810 10.364728 -19.749679 -98.500561 95.688127 -51.388378 27.498728 -2.065033 -2.554655 -2.931143 7.248584 -2.180334 -7.252879 -64.192922 -24.405764 38.047954 -2.843798 -13.772621 -22.803897 9.363580 -68.713511 373.186937 17.979116 54.419509 0.776253 -11.246355 -21.574634 -21.906381 -0.734503 -7.821952 -22.185610 393.993209 -85.733857 744.340333 5.607495 50.868679 39.399590 -9.666916 -1.271284 -40.743987
0.360190 0.017012 0.490411 -12.415666 50.227827 28.479360 -0.000000 -0.000000 0.000000 -0.000000 -0.000000 0.000000 -0.000000 -0.000000 0.000000 -2.087254 -41.860623 -20.289547 -0.000000 -0.000000 -0.000000 -88.982595 -16.225087 -19.370268 13.394403 -26.005903 40.219058 4.303023 -14.717792 19.899953 15.920219 -28.069517 -98.130583 96.493323 -52.082232 27.078442 -3.926180 -3.856349 -4.090672 7.551318 -1.682107 -7.300212 -61.428250 -25.093503 41.072706 -2.740273 -14.171801 -22.779087 9.464634 -68.772662 373.139277 16.912198 55.573055 1.715851 -10.775286 -22.496164 -22.129041 -0.872563 -7.922874 -22.298075 390.837927 -84.532251 742.713099 4.973620 51.320817 40.270543 -9.631273 -3.510890 -42.665553
0.359854 0.017092 0.489713 -12.697325 50.366248 28.573810 -0.000000 0.000000 -0.000000 -0.000000 0.000000 -0.000000 -0.000000 0.000000 -0.000000 -1.620861 -42.241575 -19.925586 -0.000000 0.000000 0.000000 -89.315822 -16.464416 -19.183680 8.967841 -23.967380 35.652943 -0.557367 -10.783448 18.102908 23.724800 -36.451845 -97.142338 97.051100 -52.767018 26.484237 -5.663580 -5.171986 -5.396896 6.821862 -1.883269 -7.846612 -57.290695 -25.686676 45.309060 -2.688665 -14.456135 -22.696509 9.625213 -68.925627 373.066671 15.972109 56.935463 2.752203 -10.543087 -23.529244 -22.541671 -0.914546 -8.346441 -22.237385 386.054359 -82.979150 739.860507 4.261299 51.739130 40.351683 -9.579423 -6.038311 -43.834976
0.359370 0.017068 0.488955 -12.710122 50.429796 28.391479 -0.000000 0.000000 -0.000000 -0.000000 0.000000 -0.000000 -0.000000 0.000000 -0.000000 -1.400015 -42.210658 -19.623822 0.000000 -0.000000 0.000000 -89.620324 -16.809104 -18.886362 4.577864 -21.071835 30.549076 -4.335697 -7.595828 16.361037 33.460678 -42.899855 -94.748629 97.175054 -53.424900 25.590666 -6.983109 -6.346048 -6.747493 5.124077 -2.748536 -8.785244 -52.242375 -25.979701 50.388279 -2.717762 -14.559419 -22.529501 9.811496 -69.137034 372.986831 15.251575 58.323163 3.697708 -10.529910 -24.553737 -23.029381 -0.940927 -8.932258 -22.014253 381.656105 -81.318993 737.433159 3.505430 52.176930 39.406668 -9.385895 -8.611202 -43.817238
0.358757 0.016978 0.488149 -12.386791 50.391747 27.869253 0.000000 0.000000 0.000000 0.000000 0.000000 0.000000 0.000000 0.000000 0.000000 -1.518460 -41.678120 -19.429983 0.000000 -0.000000 -0.000000 -89.881056 -17.168272 -18.556025 0.897869 -17.614712 25.439641 -6.619852 -5.910727 15.141988 43.292327 -46.334800 -90.095555 96.829912 -54.018736 24.348894 -7.901880 -7.380655 -8.122391 2.958356 -3.877097 -9.753041 -47.078634 -25.867727 55.594196 -2.853082 -14.443609 -22.265799 10.011799 -69.377096 372.914775 14.676378 59.557786 4.468645 -10.592458 -25.453132 -23.427636 -1.044143 -9.554998 -21.661434 378.008060 -79.646632 735.546188 2.630787 52.712770 37.899835 -9.016990 -11.122519 -42.893931
0.358028 0.016855 0.487305 -11.759963 50.269131 27.026460 0.000000 0.000000 0.000000 0.000000 0.000000 0.000000 0.000000 0.000000 0.000000 -1.931632 -40.739275 -19.302018 -0.000000 -0.000000 -0.000000 -90.099746 -17.587936 -18.179654 -1.778472 -13.908211 20.549545 -7.782055 -5.713830 14.736411 51.324190 -47.342989 -83.670943 96.106897 -54.536388 22.796858 -8.644066 -8.353379 -9.525812 1.022944 -4.779659 -10.349962 -42.552385 -25.455291 60.230073 -3.103537 -14.132195 -21.908055 10.253335 -69.639226 372.862054 14.052935 60.571306 5.142516 -10.567825 -26.186019 -23.627872 -1.280219 -10.186831 -21.212417 375.051773 -77.937652 734.014328 1.811165 53.257920 36.341450 -8.618709 -13.341961 -41.652810
0.357206 0.016722 0.486437 -10.929262 50.119281 25.950433 -0.000000 -0.000000 0.000000 -0.000000 -0.000000 0.000000 -0.000000 -0.000000 0.000000 -2.501437 -39.675815 -19.145558 0.000000 -0.000000 0.000000 -90.261553 -18.180667 -17.728658 -3.569165 -10.156182 15.937238 -8.234031 -6.716021 15.224599 56.769057 -47.037792 -77.532345 95.100266 -55.034135 20.997490 -9.282166 -9.247540 -10.876587 -0.155122 -5.182342 -10.433729 -39.159606 -25.032913 63.939325 -3.463064 -13.696945 -21.477554 10.582896 -69.951408 372.836039 13.264355 61.388013 5.828929 -10.400863 -26.751540 -23.623639 -1.672965 -10.845205 -20.710125 372.818022 -76.252067 732.722761 1.392418 53.609099 34.967783 -8.406042 -14.875044 -40.527340
0.356322 0.016602 0.485572 -9.977315 50.000351 24.735086 0.000000 0.000000 0.000000 0.000000 0.000000 0.000000 0.000000 0.000000 0.000000 -3.120492 -38.806787 -18.902464 0.000000 0.000000 0.000000 -90.328416 -18.957307 -17.267249 -4.733634 -6.597663 11.768256 -7.983475 -8.812841 16.674230 59.318169 -46.243688 -73.708358 93.858090 -55.566779 19.031253 -9.631549 -9.969029 -12.088255 -0.407394 -5.106827 -10.229241 -37.092435 -24.970050 66.848529 -3.925109 -13.208733 -21.010188 11.036598 -70.359430 372.831841 12.359740 62.076939 6.563709 -10.167799 -27.156105 -23.486866 -2.236843 -11.490018 -20.212002 371.369681 -74.760688 731.620964 1.679194 53.613656 33.956147 -8.602977 -15.383093 -39.899792
0.355401 0.016526 0.484738 -8.976434 49.955952 23.477097 0.000000 -0.000000 -0.000000 0.000000 -0.000000 -0.000000 0.000000 -0.000000 -0.000000 -3.714872 -38.386293 -18.561929 -0.000000 -0.000000 -0.000000 -90.299162 -19.780643 -16.948192 -5.427051 -3.639906 8.383571 -6.943808 -11.703492 19.015109 59.072375 -45.415648 -72.886750 92.464477 -56.134204 17.044246 -9.566090 -10.510200 -13.227941 0.185995 -4.708165 -10.129354 -36.192839 -25.521625 69.447685 -4.466268 -12.745110 -20.545633 11.598391 -70.872446 372.827487 11.424212 62.703950 7.355767 -9.967399 -27.424352 -23.309577 -2.945608 -12.042908 -19.767746 370.634819 -73.602178 730.720732 2.616049 53.253805 33.534971 -9.226667 -14.891774 -40.040280
0.354450 0.016530 0.483960 -8.037009 50.026049 22.298915 -0.000000 0.000000 -0.000000 -0.000000 0.000000 -0.000000 -0.000000 0.000000 -0.000000 -4.181608 -38.558506 -18.123113 -0.000000 -0.000000 0.000000 -90.242810 -20.472725 -16.920240 -5.698737 -1.686690 6.098755 -5.435557 -14.551009 21.712156 57.056599 -44.683448 -74.154739 91.089497 -56.722381 15.225405 -9.392504 -11.026362 -14.468379 1.574481 -4.017065 -10.404481 -36.013943 -26.669336 72.194999 -5.024849 -12.415171 -20.117894 12.183828 -71.431036 372.794170 10.486606 63.279499 8.222641 -9.832525 -27.587959 -23.160375 -3.698180 -12.474974 -19.396410 370.416372 -72.838279 730.068897 3.788780 52.707934 33.705796 -10.015256 -13.836702 -40.784570
0.353463 0.016629 0.483248 -7.252024 50.220971 21.294167 -0.000000 -0.000000 -0.000000 -0.000000 -0.000000 -0.000000 -0.000000 -0.000000 -0.000000 -4.444551 -39.232706 -17.603797 -0.000000 -0.000000 -0.000000 -90.246786 -20.898043 -17.257060 -5.566511 -0.877232 4.980270 -4.196341 -16.488393 23.933537 54.843917 -44.077843 -75.849577 89.874663 -57.354692 13.646659 -9.706282 -11.691284 -15.841614 3.717017 -2.876367 -10.992447 -36.060797 -28.087830 75.034406 -5.528011 -12.296926 -19.743295 12.675520 -71.945915 372.707061 9.533333 63.758783 9.157952 -9.719454 -27.663888 -23.049775 -4.366884 -12.803831 -19.084230 370.487037 -72.484928 729.653293 4.908649 52.261522 34.153721 -10.778120 -12.699232 -41.726387
0.352436 0.016811 0.482596 -6.625604 50.487583 20.473273 -0.000000 0.000000 -0.000000 -0.000000 0.000000 -0.000000 -0.000000 0.000000 -0.000000 -4.539842 -40.062540 -17.066953 0.000000 -0.000000 -0.000000 -90.363173 -20.935903 -17.968982 -5.026824 -1.132985 4.913540 -3.624410 -17.338802 25.268736 53.192461 -43.623116 -77.133136 88.778704 -58.116317 12.109791 -10.547802 -12.450650 -17.192715 6.113146 -1.236258 -11.342125 -36.067569 -29.299468 77.369422 -5.920176 -12.368609 -19.410311 12.958106 -72.360114 372.536193 8.517384 64.098464 10.123212 -9.533767 -27.666869 -22.912271 -4.875507 -13.057321 -18.802742 370.625565 -72.455217 729.373610 5.944434 52.092877 34.584432 -11.525001 -11.735994 -42.619562
0.351370 0.017041 0.481991 -6.131654 50.748889 19.814094 -0.000000 -0.000000 -0.000000 -0.000000 -0.000000 -0.000000 -0.000000 -0.000000 -0.000000 -4.538559 -40.715546 -16.577437 -0.000000 -0.000000 -0.000000 -90.601642 -20.471484 -19.053536 -4.055419 -2.382317 5.854731 -3.169253 -17.651703 26.078730 51.295308 -43.146266 -78.685556 87.569331 -59.155338 10.189695 -11.052419 -13.069946 -18.513054 7.918174 0.620322 -10.848952 -35.987493 -30.132086 79.015037 -6.143605 -12.558304 -19.085307 12.932119 -72.671630 372.238867 7.370791 64.294252 11.072658 -9.176195 -27.623264 -22.639266 -5.211700 -13.292454 -18.534679 370.641180 -72.526524 729.126317 6.930880 52.155794 34.852035 -12.272705 -11.015392 -43.392904
0.350290 0.017274 0.481429 -5.786078 50.969024 19.306444 -0.000000 -0.000000 -0.000000 -0.000000 -0.000000 -0.000000 -0.000000 -0.000000 -0.000000 -4.422661 -41.116036 -16.120337 0.000000 0.000000 0.000000 -90.919327 -19.532229 -20.450998 -2.662399 -4.524661 7.812766 -1.900027 -18.089753 26.943072 47.862183 -42.278321 -81.508168 85.927625 -60.599419 7.430477 -9.985989 -13.370510 -20.294864 8.438478 2.080427 -9.603902 -35.600864 -30.990227 81.070349 -6.135373 -12.823505 -18.720620 12.547195 -72.915316 371.785395 6.070463 64.374065 11.955444 -8.602297 -27.559597 -22.152283 -5.401847 -13.582079 -18.275225 370.471908 -72.482025 728.884192 7.866100 52.276436 34.872124 -12.958665 -10.519700 -43.987898
0.349232 0.017467 0.480919 -5.591291 51.148657 18.894538 -0.000000 0.000000 -0.000000 -0.000000 0.000000 -0.000000 -0.000000 0.000000 -0.000000 -4.132909 -41.360417 -15.606452 -0.000000 -0.000000 -0.000000 -91.231877 -18.449152 -21.905054 -1.044700 -7.119804 10.471266 0.521112 -18.879892 27.993594 42.869437 -40.690652 -85.188048 83.540171 -62.407883 3.514525 -6.619810 -13.409396 -23.469592 7.300115 2.417611 -8.170084 -34.227351 -32.332964 85.052233 -5.880681 -13.144262 -18.254944 11.831076 -73.123992 371.186771 4.687837 64.383596 12.716336 -7.858131 -27.497994 -21.463561 -5.496501 -13.946119 -17.998654 370.209714 -72.258150 728.669406 8.750414 52.336752 34.617845 -13.543302 -10.180872 -44.351691
0.348230 0.017600 0.480474 -5.481843 51.287968 18.450345 -0.000000 0.000000 -0.000000 -0.000000 0.000000 -0.000000 -0.000000 0.000000 -0.000000 -3.672776 -41.536371 -14.948908 0.000000 0.000000 -0.000000 -91.499014 -17.760925 -22.988062 0.291665 -9.357862 12.998981 3.829931 -19.997036 29.080210 37.498952 -38.401736 -88.425230 80.235525 -64.324910 -1.607898 -1.645886 -13.572852 -28.633048 4.840322 1.101139 -7.220930 -30.825040 -33.857247 90.816833 -5.445120 -13.483217 -17.631844 10.893603 -73.304520 370.502334 3.332910 64.382090 13.347183 -7.053708 -27.473290 -20.683169 -5.534874 -14.349257 -17.636408 369.944662 -71.916039 728.465235 9.574946 52.343481 34.201837 -14.057529 -9.925158 -44.529802
0.347292 0.017676 0.480098 -5.392625 51.392526 17.863472 0.000000 -0.000000 -0.000000 0.000000 -0.000000 -0.000000 0.000000 -0.000000 -0.000000 -3.069407 -41.716666 -14.091205 -0.000000 0.000000 -0.000000 -91.756332 -17.856207 -23.399525 0.808155 -10.614304 14.582596 7.706272 -21.446976 30.201012 32.709820 -35.750794 -90.680424 76.310268 -66.006021 -7.507528 3.328275 -14.338827 -35.604484 1.839898 -2.202724 -7.334229 -24.617870 -34.224943 95.940472 -4.928104 -13.803201 -16.831354 9.898139 -73.445919 369.826965 2.118786 64.426778 13.882459 -6.322730 -27.527878 -19.974704 -5.491346 -14.776837 -17.099079 369.630769 -71.531795 728.201788 10.252610 52.358998 33.823582 -14.513476 -9.741298 -44.621558
0.346411 0.017701 0.479778 -5.309916 51.485118 17.100684 -0.000000 -0.000000 0.000000 -0.000000 -0.000000 0.000000 -0.000000 -0.000000 0.000000 -2.324729 -41.968254 -13.005869 0.000000 -0.000000 -0.000000 -92.032371 -18.732907 -23.203959 0.510940 -10.951150 15.174589 11.621932 -22.990571 31.250285 28.894048 -33.174142 -92.095926 72.729396 -67.230982 -13.236174 6.727307 -16.010019 -43.863646 -1.363105 -8.245963 -9.145396 -15.636344 -30.900339 98.701159 -4.412592 -14.094522 -15.875049 9.005778 -73.532006 369.258723 1.215518 64.517464 14.260889 -5.779582 -27.650714 -19.445090 -5.283826 -15.251183 -16.313721 369.132778 -71.159937 727.816174 10.689497 52.410640 33.575223 -14.864843 -9.653933 -44.653398
0.345590 0.017675 0.479499 -5.216202 51.574749 16.161898 0.000000 -0.000000 0.000000 0.000000 -0.000000 0.000000 0.000000 -0.000000 0.000000 -1.520005 -42.223121 -11.756410 0.000000 -0.000000 -0.000000 -92.317706 -20.073198 -22.728093 0.033135 -10.986987 15.430270 14.611668 -24.080846 31.733134 26.245531 -31.113824 -92.895867 70.414168 -68.055188 -18.082912 6.603003 -18.756023 -53.315121 -6.204879 -19.601993 -12.814065 -5.514221 -18.080314 99.632040 -3.962154 -14.342528 -14.805913 8.323138 -73.552262 368.860329 0.789085 64.543171 14.262831 -5.418050 -27.722733 -19.004478 -4.866814 -15.756766 -15.259760 368.379591 -70.847498 727.307696 10.904943 52.466385 33.354556 -15.063638 -9.649435 -44.549255
0.344856 0.017609 0.479263 -5.053634 51.634850 15.049631 0.000000 -0.000000 0.000000 0.000000 -0.000000 0.000000 0.000000 -0.000000 0.000000 -0.881526 -42.269350 -10.531083 0.000000 0.000000 0.000000 -92.634809 -21.426862 -22.324937 0.095342 -11.324971 15.925890 16.125379 -24.422772 31.406636 24.621218 -29.700640 -93.292568 68.697021 -68.784072 -22.921646 -0.983359 -22.110479 -64.295289 -18.124923 -42.561134 -19.754584 2.919475 15.671281 99.841637 -3.614182 -14.500354 -13.671292 7.860383 -73.522835 368.625138 0.795851 64.329026 13.694579 -5.050390 -27.570069 -18.364754 -4.307925 -16.216184 -14.000084 367.450737 -70.608789 726.749321 11.007900 52.470067 32.982845 -15.103405 -9.683775 -44.218590
0.344234 0.017541 0.479089 -4.778189 51.643139 13.794076 0.000000 -0.000000 0.000000 0.000000 -0.000000 0.000000 0.000000 -0.000000 0.000000 -0.555386 -42.050255 -9.466082 0.000000 -0.000000 0.000000 -93.068133 -22.429781 -22.214964 1.138227 -12.219537 16.822856 16.547831 -24.171144 30.669452 23.463719 -28.595209 -93.512002 64.429433 -69.725909 -30.739509 -20.836692 -23.868596 -77.719406 -88.465440 -76.511281 -79.274451 37.919475 50.671281 98.370601 -3.353591 -14.543859 -12.505769 7.517532 -73.483748 368.472844 0.938431 63.779521 12.611912 -4.444453 -27.106005 -17.266823 -3.747618 -16.578898 -12.658465 366.512029 -70.388307 726.248659 11.102273 52.375638 32.361269 -15.018451 -9.730546 -43.653603
0.343736 0.017519 0.478995 -4.411009 51.623230 12.469919 -0.000000 0.000000 -0.000000 -0.000000 0.000000 -0.000000 -0.000000 0.000000 -0.000000 -0.351269 -41.869641 -8.450560 0.000000 0.000000 0.000000 -93.676454 -23.030034 -22.388299 3.266853 -13.601301 18.053408 16.302472 -23.495357 29.861509 22.378152 -27.501786 -93.684447 53.192397 -70.504518 -45.273785 -55.924582 -19.660379 -91.830059 -183.866069 -63.344068 -167.605886 72.919475 31.945372 63.370601 -3.125932 -14.527340 -11.332266 7.152633 -73.458051 368.302959 0.913493 62.973935 11.290964 -3.540806 -26.409148 -15.724241 -3.291407 -16.882916 -11.351651 365.693128 -70.095049 725.883737 11.259046 52.144958 31.503057 -14.863439 -9.767365 -42.931091
0.343348 0.017584 0.478983 -4.027751 51.623401 11.194617 0.000000 0.000000 0.000000 0.000000 0.000000 0.000000 0.000000 0.000000 0.000000 -0.014693 -42.027612 -7.355007 -0.000000 -0.000000 0.000000 -94.403986 -23.474058 -22.632060 6.035912 -15.028361 19.241175 15.472117 -22.461945 29.029696 21.520345 -26.560378 -93.766296 34.081042 -69.373790 -66.615661 -99.784091 -10.598734 -97.216611 -221.014724 -75.421567 -208.391740 99.862964 -2.486427 28.370601 -2.881226 -14.547488 -10.194663 6.679332 -73.429195 368.057043 0.639182 62.092758 10.013015 -2.478454 -25.640522 -13.995506 -2.963303 -17.197362 -10.167487 365.049469 -69.686895 725.671432 11.514016 51.738495 30.492588 -14.678771 -9.737017 -42.147012
0.343036 0.017770 0.479032 -3.719423 51.672879 10.114337 0.000000 -0.000000 0.000000 0.000000 -0.000000 0.000000 0.000000 -0.000000 0.000000 0.217120 -42.288847 -6.455748 -0.000000 -0.000000 -0.000000 -95.103767 -23.996036 -22.749862 8.424810 -15.869240 19.701613 14.442517 -21.394217 28.382796 21.183574 -26.022788 -93.660396 13.968581 -64.472185 -87.251365 -132.762247 -10.182985 -93.332276 -329.174438 -69.066835 -321.906404 99.813450 -13.409577 -2.794781 -2.593872 -14.672694 -9.174821 6.093937 -73.364879 367.729641 0.171580 61.284468 8.980660 -1.431687 -24.928492 -12.374045 -2.732243 -17.552595 -9.184541 364.580913 -69.195913 725.580585 11.874713 51.135592 29.449956 -14.488966 -9.559361 -41.392602
0.342757 0.018090 0.479100 -3.563658 51.778039 9.389264 -0.000000 0.000000 0.000000 -0.000000 0.000000 0.000000 -0.000000 0.000000 0.000000 -0.362404 -42.091873 -6.394913 0.000000 -0.000000 0.000000 -95.605367 -24.574328 -22.739139 9.566564 -15.837757 19.113677 13.708228 -20.679439 28.052748 21.486195 -25.981888 -93.309599 -0.923255 -56.093071 -100.292379 -144.012471 -19.354037 -88.105690 -346.559698 -47.693984 -341.650715 99.747979 -10.279708 -2.567033 -2.270658 -14.922138 -8.392058 5.458633 -73.250525 367.356376 -0.440993 60.636045 8.341546 -0.504774 -24.352024 -11.066254 -2.550649 -17.952690 -8.488806 364.238095 -68.676535 725.554648 12.367201 50.363109 28.478014 -14.343280 -9.174300 -40.761270
0.342491 0.018539 0.479143 -3.606416 51.943286 9.166254 -0.000000 0.000000 0.000000 -0.000000 0.000000 0.000000 -0.000000 0.000000 0.000000 -2.048532 -41.244793 -7.479571 -0.000000 -0.000000 -0.000000 -95.773865 -24.969859 -22.761708 9.419221 -15.191606 17.973579 13.069090 -20.202981 27.622691 22.596696 -26.561229 -92.638416 -10.765788 -46.685668 -105.500273 -141.785333 -31.288061 -80.382104 -352.053992 -30.763907 -348.144498 99.630088 -2.327055 -0.706220 -1.956408 -15.293181 -7.984782 4.870102 -73.092266 366.996449 -1.141480 60.183305 8.123587 0.260575 -23.945157 -10.147602 -2.393377 -18.403900 -8.175342 363.961473 -68.177995 725.534389 12.999529 49.498676 27.621024 -14.289163 -8.587450 -40.287268
0.342237 0.019094 0.479129 -3.841206 52.171006 9.490183 -0.000000 -0.000000 -0.000000 -0.000000 -0.000000 -0.000000 -0.000000 -0.000000 -0.000000 -4.191734 -40.324033 -9.237868 -0.000000 -0.000000 -0.000000 -95.573248 -24.901822 -23.042924 8.469892 -14.416978 17.060615 11.905674 -19.518359 26.498286 24.791379 -27.898244 -91.484792 -17.444069 -39.029749 -105.686551 -134.940353 -42.379590 -69.850061 -354.492257 -18.448997 -351.828947 99.387019 2.731928 1.032410 -1.710404 -15.782452 -8.025010 4.403820 -72.897710 366.698317 -1.867277 59.886593 8.183926 0.897800 -23.667302 -9.513672 -2.277357 -18.899259 -8.290444 363.738769 -67.759940 725.481307 13.636806 48.664629 26.883350 -14.284371 -7.917049 -39.877345
0.342007 0.019733 0.479046 -4.206266 52.451169 10.227617 -0.000000 0.000000 0.000000 -0.000000 0.000000 0.000000 -0.000000 0.000000 0.000000 -6.078979 -39.918131 -11.065620 0.000000 -0.000000 0.000000 -95.096131 -24.258555 -23.737866 7.174353 -13.829474 16.719113 10.156506 -18.459331 24.662536 28.028626 -29.766588 -89.692719 -22.189200 -34.055314 -103.631222 -126.015733 -51.723609 -57.421983 -355.857907 -10.735758 -354.437573 98.956862 3.347031 1.542690 -1.565063 -16.383119 -8.430758 4.073522 -72.664828 366.475341 -2.624663 59.669498 8.344733 1.510325 -23.444066 -8.963288 -2.225033 -19.416119 -8.748362 363.582673 -67.465747 725.386063 14.091570 48.005266 26.244553 -14.251126 -7.352083 -39.406388
0.341807 0.020432 0.478884 -4.633095 52.768720 11.175029 -0.000000 0.000000 -0.000000 -0.000000 0.000000 -0.000000 -0.000000 0.000000 -0.000000 -7.406892 -40.287987 -12.622421 0.000000 0.000000 0.000000 -94.499098 -23.255777 -24.727965 5.676460 -13.317823 16.594536 8.458627 -17.396951 22.853798 31.700210 -31.627544 -87.391830 -25.689136 -31.339020 -100.615156 -111.633557 -57.582891 -41.192347 -357.147478 -7.689705 -355.514815 98.289381 1.680573 0.913881 -1.515405 -17.083445 -9.041273 3.849300 -72.388331 366.316194 -3.434392 59.516389 8.539049 2.151656 -23.264033 -8.405446 -2.223128 -19.949272 -9.386054 363.469434 -67.276339 725.254415 14.382934 47.622345 25.671062 -14.234964 -6.997472 -38.896968
0.341632 0.021152 0.478625 -5.110264 53.105050 12.265390 0.000000 0.000000 -0.000000 0.000000 0.000000 -0.000000 0.000000 0.000000 -0.000000 -7.857075 -41.619701 -13.629073 0.000000 -0.000000 0.000000 -93.892892 -22.376325 -25.552562 3.730473 -12.328521 15.848476 7.261357 -16.864978 21.899091 35.249341 -33.269550 -85.003919 -28.354460 -30.283920 -97.053592 -91.782158 -57.422843 -22.124895 -358.948347 -9.000705 -354.245402 97.310204 -0.636362 -0.398533 -1.543203 -17.860012 -9.790538 3.704507 -72.075335 366.205178 -4.244641 59.476576 8.794323 2.757264 -23.175886 -7.913614 -2.248357 -20.502840 -10.134482 363.366271 -67.147675 725.087858 14.737205 47.533301 25.181238 -14.399016 -6.788729 -38.537432
0.341471 0.021848 0.478242 -5.682688 53.415965 13.608680 0.000000 0.000000 -0.000000 0.000000 0.000000 -0.000000 0.000000 0.000000 -0.000000 -7.315042 -43.711539 -14.040031 0.000000 -0.000000 -0.000000 -93.282122 -22.082386 -25.647290 0.956384 -10.147044 13.720489 6.281314 -16.992841 22.007524 38.962143 -35.004327 -82.598959 -30.444755 -30.147491 -93.520762 -73.708577 -51.652853 -7.389379 -361.167924 -12.794993 -350.985495 95.858373 -2.680908 -1.911528 -1.635516 -18.657053 -10.753057 3.626683 -71.751893 366.121499 -5.000084 59.577890 9.157145 3.246070 -23.200190 -7.576403 -2.316060 -21.032972 -11.083862 363.304101 -67.087209 724.879701 15.338344 47.715742 24.886169 -14.870951 -6.582619 -38.536370
0.341306 0.022490 0.477704 -6.384343 53.630193 15.329646 0.000000 -0.000000 -0.000000 0.000000 -0.000000 -0.000000 0.000000 -0.000000 -0.000000 -6.372295 -45.536468 -14.351281 0.000000 -0.000000 0.000000 -92.567189 -22.501642 -24.736484 -2.562732 -6.453814 10.218019 4.869953 -17.438943 22.677272 43.622018 -37.098279 -79.607131 -32.262399 -30.081010 -90.519574 -59.629688 -43.250905 1.281720 -363.474515 -16.414952 -347.183804 93.571571 -3.612788 -2.936137 -1.782056 -19.391110 -12.024528 3.595534 -71.453195 366.035324 -5.717189 59.797382 9.648138 3.613064 -23.302723 -7.387078 -2.466433 -21.446925 -12.361106 363.352131 -67.141728 724.624999 16.188318 48.167118 24.914897 -15.656755 -6.299134 -38.993112
0.341112 0.023059 0.476986 -7.186733 53.688744 17.411523 -0.000000 0.000000 0.000000 -0.000000 0.000000 0.000000 -0.000000 0.000000 0.000000 -5.747436 -46.250446 -15.133562 -0.000000 0.000000 -0.000000 -91.631482 -23.345163 -23.025149 -6.118937 -1.798057 6.238723 2.560698 -17.634677 23.045905 49.615641 -39.325861 -75.352904 -33.954080 -29.842017 -87.835916 -47.693425 -33.995348 6.123360 -366.389550 -18.705119 -343.958121 89.992872 -3.446966 -3.207245 -1.967384 -19.988923 -13.600020 3.580849 -71.216547 365.924756 -6.424900 60.123451 10.267825 3.877776 -23.458300 -7.313017 -2.705721 -21.672955 -13.976599 363.525157 -67.325150 724.330209 17.190116 48.884868 25.292577 -16.676976 -5.951972 -39.873130
0.340864 0.023540 0.476082 -8.013485 53.579261 19.694526 0.000000 -0.000000 -0.000000 0.000000 -0.000000 -0.000000 0.000000 -0.000000 -0.000000 -5.452091 -45.961805 -16.343379 0.000000 -0.000000 -0.000000 -90.484091 -24.106195 -21.047182 -9.000888 2.639556 2.856610 -0.643901 -17.047765 22.462731 56.624667 -41.156000 -69.745511 -35.332672 -29.784521 -85.080733 -37.903402 -25.609738 8.520388 -369.936450 -19.709291 -341.749981 85.200059 -3.261921 -3.452462 -2.168699 -20.414284 -15.364795 3.562420 -71.083939 365.789878 -7.136614 60.583998 11.053513 4.032998 -23.683832 -7.382627 -2.989401 -21.700668 -15.803172 363.768222 -67.609240 724.012213 18.212802 49.811086 25.930356 -17.795448 -5.594043 -41.030737
0.340550 0.023924 0.475011 -8.776010 53.333850 21.940362 0.000000 0.000000 -0.000000 0.000000 0.000000 -0.000000 0.000000 0.000000 -0.000000 -5.155265 -45.229340 -17.589237 -0.000000 0.000000 0.000000 -89.311066 -24.341929 -19.387256 -10.933992 5.802973 0.713265 -4.180951 -15.585936 21.030144 63.618868 -42.230580 -63.813348 -36.026021 -30.320268 -82.337378 -30.782522 -19.591170 9.805745 -373.133044 -19.693185 -340.312788 79.765217 -3.712525 -4.413296 -2.355379 -20.668499 -17.133642 3.533953 -71.091015 365.638615 -7.881410 61.203808 12.093103 4.059313 -24.005307 -7.665625 -3.261745 -21.554899 -17.640220 364.032153 -67.972394 723.694923 19.099229 50.812778 26.718117 -18.832765 -5.250566 -42.262471
0.340169 0.024208 0.473821 -9.386543 53.005949 23.877919 0.000000 0.000000 0.000000 0.000000 0.000000 0.000000 0.000000 0.000000 0.000000 -4.704895 -44.470718 -18.572198 -0.000000 -0.000000 0.000000 -88.351654 -23.914806 -18.401766 -11.965803 7.176324 0.018922 -7.125933 -13.861027 19.569680 68.882564 -42.757720 -59.439338 -35.870925 -31.493155 -79.927376 -25.945593 -15.945345 11.044287 -374.619216 -18.401863 -339.480656 73.315193 -4.173866 -5.604946 -2.497796 -20.778054 -18.688092 3.493477 -71.238907 365.469939 -8.598863 61.978658 13.411706 3.878971 -24.434506 -8.249842 -3.494141 -21.260908 -19.270664 364.324525 -68.411428 723.409732 19.854975 51.713062 27.551960 -19.702365 -4.830160 -43.441574
0.339742 0.024392 0.472571 -9.779884 52.646921 25.302098 -0.000000 -0.000000 0.000000 -0.000000 -0.000000 0.000000 -0.000000 -0.000000 0.000000 -4.223268 -43.720415 -19.242889 0.000000 0.000000 0.000000 -87.716240 -23.031040 -18.066115 -12.295971 6.816024 0.691926 -8.818765 -12.695732 18.844399 71.046416 -43.365837 -58.230122 -35.064255 -33.121139 -77.698227 -21.932702 -13.176162 12.048197 -374.063341 -15.784714 -339.418768 64.874711 -3.652621 -5.744454 -2.587587 -20.777744 -19.865355 3.441534 -71.481815 365.278779 -9.011474 62.881298 14.846826 3.310801 -24.960988 -9.239396 -3.694071 -20.839656 -20.541801 364.685604 -68.917926 723.182247 20.875954 52.409295 28.275515 -20.583649 -4.109614 -44.644918
0.339298 0.024486 0.471325 -9.959706 52.294473 26.208504 -0.000000 -0.000000 -0.000000 -0.000000 -0.000000 -0.000000 -0.000000 -0.000000 -0.000000 -3.879427 -42.862548 -19.716107 -0.000000 -0.000000 -0.000000 -87.321815 -22.109171 -18.016258 -12.267726 5.394603 2.277774 -9.376382 -12.224038 18.814826 70.481474 -44.278647 -59.874185 -33.804621 -35.075613 -75.325390 -17.405056 -10.103559 12.160753 -372.123535 -12.282007 -340.311319 54.127795 -2.035576 -3.982866 -2.641392 -20.704534 -20.661422 3.378297 -71.749802 365.063507 -8.781015 63.854467 16.101117 2.203753 -25.531228 -10.670363 -3.895895 -20.321480 -21.458989 365.152910 -69.477963 723.009200 22.658227 53.008209 28.742244 -21.796317 -2.945256 -46.062477
0.338863 0.024510 0.470141 -10.000748 51.976312 26.770115 0.000000 -0.000000 0.000000 0.000000 -0.000000 0.000000 0.000000 -0.000000 0.000000 -3.703967 -41.886306 -20.108796 0.000000 -0.000000 -0.000000 -87.001922 -21.548386 -17.816824 -12.270190 3.796047 4.158564 -9.506865 -11.856794 18.849170 68.941390 -45.250835 -62.522554 -32.162841 -37.263163 -72.768438 -12.126148 -6.748575 11.224264 -369.576150 -8.610416 -342.061202 41.727533 -0.200041 -0.524847 -2.679022 -20.604454 -21.199938 3.295217 -71.982596 364.822082 -7.806718 64.806045 16.935328 0.616920 -26.053358 -12.414600 -4.132539 -19.762174 -22.151087 365.734963 -70.073012 722.856837 25.185373 53.759140 28.962053 -23.425790 -1.503936 -47.736515
0.338453 0.024495 0.469068 -9.984945 51.712110 27.161737 -0.000000 0.000000 0.000000 -0.000000 0.000000 0.000000 -0.000000 0.000000 0.000000 -3.626483 -40.895009 -20.460285 -0.000000 0.000000 -0.000000 -86.658700 -21.454877 -17.317970 -12.422194 2.283350 6.162493 -9.713808 -11.073133 18.518356 67.486774 -46.170386 -65.080538 -30.170295 -39.602274 -70.095889 -7.016392 -3.821932 9.627578 -367.070837 -5.516635 -344.212066 29.567027 0.908221 3.440527 -2.711525 -20.524469 -21.600576 3.184794 -72.144903 364.557418 -6.283827 65.638138 17.290704 -1.200361 -26.443491 -14.229312 -4.398436 -19.241947 -22.724150 366.368511 -70.654654 722.682722 27.892051 54.805746 29.054263 -25.219258 -0.166024 -49.472266
0.338086 0.024467 0.468152 -9.955793 51.504259 27.470230 0.000000 -0.000000 -0.000000 0.000000 -0.000000 -0.000000 0.000000 -0.000000 -0.000000 -3.589794 -39.983186 -20.771838 0.000000 0.000000 -0.000000 -86.329602 -21.516129 -16.793990 -12.392010 0.306585 8.697992 -9.851464 -9.856693 17.867160 65.478442 -47.022023 -68.166655 -27.862543 -42.018829 -67.228783 -3.198326 -1.797976 7.717947 -365.120709 -3.467026 -345.752913 19.605371 1.101915 6.371247 -2.749325 -20.484994 -21.926522 3.063037 -72.229504 364.293338 -4.601294 66.276593 17.302758 -2.926988 -26.659748 -15.866709 -4.643853 -18.830409 -23.201429 366.916942 -71.153455 722.455312 30.228604 56.080738 29.085737 -26.875186 0.777521 -51.019827
0.337778 0.024444 0.467428 -9.931884 51.337462 27.740083 -0.000000 0.000000 0.000000 -0.000000 0.000000 0.000000 -0.000000 0.000000 0.000000 -3.583413 -39.176299 -21.063521 -0.000000 0.000000 -0.000000 -86.116809 -21.313774 -16.609325 -11.742812 -2.579163 12.032797 -9.567532 -8.562007 17.125279 61.985440 -47.639735 -72.620294 -25.304080 -44.376942 -64.217789 -1.211184 -0.733987 5.808589 -363.540935 -2.228542 -345.915278 12.296716 0.806382 7.475206 -2.804302 -20.467033 -22.220581 2.973034 -72.261845 364.072086 -3.248075 66.684872 17.252828 -4.251118 -26.710201 -17.123989 -4.813092 -18.547079 -23.582857 367.262395 -71.536338 722.169927 31.922296 57.419607 29.073695 -28.218913 1.228620 -52.223507
0.337542 0.024441 0.466916 -9.921674 51.194837 28.001878 0.000000 0.000000 -0.000000 0.000000 0.000000 -0.000000 0.000000 0.000000 -0.000000 -3.608119 -38.467988 -21.358951 0.000000 -0.000000 0.000000 -86.055677 -20.756391 -16.795710 -10.447297 -5.970404 15.785535 -8.809307 -7.594249 16.470774 57.234644 -47.797987 -77.967952 -22.706819 -46.459599 -61.426704 -0.914786 -0.408130 4.326073 -361.647696 -1.222974 -345.242859 6.850054 0.441754 7.370963 -2.887475 -20.428732 -22.519038 2.967897 -72.290953 363.929847 -2.630723 66.874056 17.428791 -4.972292 -26.644534 -17.887580 -4.885696 -18.363440 -23.885251 367.386785 -71.824841 721.856609 32.764164 58.653712 29.127676 -29.110126 1.189620 -53.010802
0.337382 0.024468 0.466620 -9.910343 51.068566 28.241782 -0.000000 -0.000000 -0.000000 -0.000000 -0.000000 -0.000000 -0.000000 -0.000000 -0.000000 -3.662997 -37.855863 -21.650223 0.000000 0.000000 0.000000 -86.110229 -20.073094 -17.088634 -8.912924 -9.078016 19.279962 -7.814558 -7.101349 15.965028 52.343745 -47.495078 -82.797490 -20.419084 -48.073816 -59.289700 -1.640498 -0.476405 3.423833 -359.327034 -0.212775 -345.115937 2.618089 0.173782 7.593826 -3.011129 -20.327946 -22.826998 3.090629 -72.362755 363.877625 -2.807384 66.900753 17.932030 -5.123030 -26.522155 -18.199863 -4.882994 -18.235669 -24.118916 367.348905 -72.049159 721.563870 32.670007 59.648015 29.392906 -29.478620 0.757207 -53.393437
0.337301 0.024520 0.466521 -9.868187 50.956211 28.413082 0.000000 0.000000 -0.000000 0.000000 0.000000 -0.000000 0.000000 0.000000 -0.000000 -3.752517 -37.340965 -21.910185 0.000000 0.000000 0.000000 -86.251151 -19.517099 -17.227035 -7.558455 -11.425993 22.027649 -6.981456 -6.797572 15.497505 48.532006 -47.030541 -86.092169 -18.775272 -49.115993 -58.011970 -2.670218 -0.675139 2.809393 -357.280586 0.577662 -345.888687 -0.209891 -0.016156 8.803013 -3.178023 -20.136765 -23.118079 3.352991 -72.506847 363.897255 -3.445892 66.848451 18.625997 -4.957905 -26.381688 -18.243315 -4.846634 -18.125819 -24.280719 367.230869 -72.218296 721.335272 31.917773 60.367425 29.837473 -29.453872 0.111930 -53.481658
0.337283 0.024591 0.466588 -9.792137 50.857963 28.503270 -0.000000 -0.000000 -0.000000 -0.000000 -0.000000 -0.000000 -0.000000 -0.000000 -0.000000 -3.868563 -36.939244 -22.122038 0.000000 -0.000000 0.000000 -86.470542 -19.205335 -17.092600 -6.585230 -12.897270 23.796590 -6.778655 -6.128103 14.876838 46.790428 -46.880576 -87.564909 -17.965389 -49.569136 -57.527154 -3.813511 -0.932863 2.286585 -356.224908 0.903759 -346.585946 -0.995598 -0.087543 10.049972 -3.364815 -19.854491 -23.368372 3.725556 -72.743288 363.948557 -4.105555 66.800129 19.295097 -4.780652 -26.238724 -18.222403 -4.811488 -18.008072 -24.383173 367.115272 -72.339675 721.196566 30.836954 60.890128 30.344606 -29.225218 -0.644599 -53.392330
0.337305 0.024669 0.466779 -9.717165 50.777914 28.556606 0.000000 0.000000 -0.000000 0.000000 0.000000 -0.000000 0.000000 0.000000 -0.000000 -3.978266 -36.691171 -22.285219 0.000000 -0.000000 -0.000000 -86.751397 -19.135492 -16.692695 -6.044864 -13.544637 24.549721 -7.447940 -4.750603 14.059131 47.511835 -47.357550 -87.344591 -17.986078 -49.495256 -57.730883 -5.549000 -1.371910 2.254530 -356.285276 0.676197 -346.611561 0.836840 0.074791 10.214148 -3.532262 -19.512300 -23.578241 4.153432 -73.076456 363.989855 -4.531870 66.805198 19.823478 -4.771225 -26.095638 -18.262597 -4.788712 -17.872669 -24.460348 367.060646 -72.435380 721.148210 29.405775 61.293990 30.954864 -28.821304 -1.543699 -53.151961
0.337347 0.024743 0.467052 -9.676537 50.718567 28.623649 0.000000 -0.000000 0.000000 0.000000 -0.000000 0.000000 0.000000 -0.000000 0.000000 -4.050869 -36.626210 -22.407493 0.000000 -0.000000 -0.000000 -87.054950 -19.228601 -16.129850 -5.895114 -13.562417 24.502858 -8.780174 -2.800017 13.163106 50.266002 -48.316744 -85.701102 -18.694869 -48.993054 -58.586037 -8.696355 -2.276314 3.272683 -356.975428 -0.063662 -346.376945 5.530243 0.439426 9.079235 -3.653870 -19.158221 -23.760653 4.578145 -73.475134 364.000068 -4.679048 66.869841 20.202340 -4.961038 -25.954196 -18.405184 -4.770533 -17.721937 -24.540606 367.077504 -72.526835 721.166383 27.514906 61.577758 31.767315 -28.191291 -2.581891 -52.747669
0.337397 0.024800 0.467364 -9.675476 50.674751 28.721654 0.000000 0.000000 -0.000000 0.000000 0.000000 -0.000000 0.000000 0.000000 -0.000000 -4.075812 -36.727899 -22.496051 0.000000 0.000000 -0.000000 -87.337276 -19.378418 -15.542149 -6.040142 -13.227050 24.036386 -10.333681 -0.649746 12.289264 54.174675 -49.367127 -82.973804 -19.904655 -48.141098 -59.993684 -13.613800 -3.919617 5.124795 -357.771730 -1.137788 -346.394686 12.797746 0.806327 7.180552 -3.724105 -18.836273 -23.922525 4.947754 -73.879861 363.981107 -4.562638 66.987525 20.426715 -5.316259 -25.831857 -18.646207 -4.747766 -17.562795 -24.632022 367.142779 -72.618065 721.220109 25.404329 61.730900 32.687030 -27.421552 -3.628317 -52.232714
0.337452 0.024823 0.467677 -9.710519 50.638660 28.848438 -0.000000 0.000000 0.000000 -0.000000 0.000000 0.000000 -0.000000 0.000000 0.000000 -4.037764 -36.955752 -22.544331 0.000000 0.000000 0.000000 -87.566796 -19.519345 -15.019095 -6.404874 -12.732221 23.431643 -11.760875 1.398884 11.457302 58.472809 -50.220004 -79.536373 -21.417094 -47.009590 -61.727194 -19.634931 -6.176190 6.698561 -358.937429 -2.492330 -346.449818 22.059905 1.001762 5.135962 -3.744617 -18.575228 -24.062702 5.229335 -74.239494 363.948008 -4.212225 67.155495 20.468219 -5.779000 -25.757331 -18.945357 -4.716740 -17.407918 -24.731572 367.233183 -72.699794 721.289865 23.498519 61.799643 33.494143 -26.701250 -4.545065 -51.712291
0.337518 0.024801 0.467965 -9.784342 50.606893 28.996725 -0.000000 0.000000 -0.000000 -0.000000 0.000000 -0.000000 -0.000000 0.000000 -0.000000 -3.901329 -37.284396 -22.524914 0.000000 0.000000 -0.000000 -87.728170 -19.641094 -14.589720 -6.950267 -12.123152 22.757520 -12.823603 3.032211 10.726995 62.464369 -50.739282 -75.968854 -23.002402 -45.718989 -63.530797 -26.165062 -8.704435 7.309131 -361.017935 -4.356468 -345.991766 33.050347 0.849240 2.861825 -3.717690 -18.382581 -24.175465 5.423811 -74.530961 363.924960 -3.710121 67.352515 20.323344 -6.258209 -25.742798 -19.229363 -4.674760 -17.274899 -24.829503 367.335251 -72.762154 721.369329 21.988062 61.814558 34.095324 -26.114219 -5.273220 -51.250324
0.337603 0.024732 0.468217 -9.888201 50.578006 29.138178 0.000000 0.000000 0.000000 0.000000 0.000000 0.000000 0.000000 0.000000 0.000000 -3.637950 -37.697703 -22.399786 0.000000 0.000000 0.000000 -87.823082 -19.734167 -14.286180 -7.601757 -11.410553 21.999223 -13.331092 3.860015 10.226152 65.353876 -50.901132 -73.137359 -24.400721 -44.462074 -65.208731 -33.811023 -11.564649 7.012529 -363.874667 -7.283001 -344.362761 46.055316 -0.275937 -0.649191 -3.651227 -18.244844 -24.245249 5.556176 -74.748288 363.936328 -3.167011 67.531621 20.032394 -6.658486 -25.769738 -19.433078 -4.619010 -17.173490 -24.901662 367.436631 -72.801701 721.455030 20.908657 61.721530 34.496006 -25.633056 -5.741665 -50.862678
0.337710 0.024633 0.468439 -9.995054 50.548610 29.222489 0.000000 -0.000000 0.000000 0.000000 -0.000000 0.000000 0.000000 -0.000000 0.000000 -3.243184 -38.144439 -22.137625 -0.000000 -0.000000 -0.000000 -87.865888 -19.755927 -14.176299 -8.204236 -10.684411 21.194346 -13.282143 3.795997 9.989637 66.817690 -50.753270 -71.440649 -25.377570 -43.462956 -66.619180 -43.813373 -15.140627 5.943802 -366.569209 -12.013921 -341.272378 61.082952 -3.684490 -6.240656 -3.556796 -18.142258 -24.245953 5.646332 -74.891741 363.988275 -2.670511 67.648361 19.664914 -6.926502 -25.802948 -19.536404 -4.546956 -17.099551 -24.912111 367.521875 -72.824224 721.537907 20.445570 61.451586 34.618867 -25.286566 -5.809124 -50.583095
0.337827 0.024536 0.468636 -10.083799 50.518666 29.218577 -0.000000 -0.000000 -0.000000 -0.000000 -0.000000 -0.000000 -0.000000 -0.000000 -0.000000 -2.730392 -38.510481 -21.738199 -0.000000 0.000000 -0.000000 -87.867810 -19.668994 -14.311827 -8.616588 -10.047938 20.395482 -12.926576 3.210366 9.918634 67.358583 -50.351739 -70.395383 -25.827492 -42.872547 -67.710560 -55.977718 -19.313205 4.063678 -368.098334 -18.625465 -337.444788 76.155495 -10.235289 -13.021657 -3.444159 -18.068539 -24.163284 5.696400 -74.966525 364.066047 -2.291610 67.680042 19.305828 -7.044190 -25.811540 -19.548035 -4.454639 -17.048542 -24.838462 367.572846 -72.844562 721.601176 20.835632 61.008576 34.353727 -25.178980 -5.368842 -50.468544
0.337936 0.024475 0.468810 -10.152867 50.499782 29.145651 0.000000 0.000000 -0.000000 0.000000 0.000000 -0.000000 0.000000 0.000000 -0.000000 -2.147323 -38.656253 -21.259836 -0.000000 0.000000 -0.000000 -87.826345 -19.498029 -14.658603 -8.856832 -9.465596 19.565662 -12.522285 2.429180 9.968667 67.598874 -49.784288 -69.456025 -25.874744 -42.640285 -68.609129 -69.481227 -24.021096 1.688925 -367.328628 -24.979301 -334.821161 86.614951 -18.514828 -18.926714 -3.328153 -18.036626 -24.019565 5.701081 -74.975064 364.150469 -2.087955 67.624778 19.022987 -7.006409 -25.786842 -19.474985 -4.343254 -17.030298 -24.695813 367.568980 -72.876243 721.624558 22.006319 60.457289 33.760601 -25.334388 -4.481063 -50.532061
0.338017 0.024472 0.468953 -10.199729 50.509485 29.034081 -0.000000 0.000000 -0.000000 -0.000000 0.000000 -0.000000 -0.000000 0.000000 -0.000000 -1.588238 -38.508081 -20.794987 -0.000000 0.000000 0.000000 -87.737876 -19.329112 -15.107864 -9.078966 -8.778576 18.597439 -12.125937 1.417573 10.229993 67.676445 -49.166521 -68.618773 -25.784002 -42.565759 -69.506759 -83.333056 -29.457526 -0.745730 -365.133616 -28.579595 -334.946384 91.904682 -26.176335 -22.901472 -3.232499 -18.063628 -23.850865 5.658124 -74.912323 364.226487 -2.074248 67.505866 18.834503 -6.830629 -25.754962 -19.320653 -4.226881 -17.063683 -24.514882 367.492567 -72.915471 721.594009 23.447648 59.895036 33.093969 -25.607837 -3.428212 -50.684273
0.338053 0.024530 0.469059 -10.198366 50.546611 28.842954 0.000000 0.000000 -0.000000 0.000000 0.000000 -0.000000 0.000000 0.000000 -0.000000 -1.135796 -38.142094 -20.369483 -0.000000 -0.000000 -0.000000 -87.616689 -19.247992 -15.570125 -9.343708 -7.949510 17.493814 -11.715546 0.159123 10.730491 67.552796 -48.567725 -68.004293 -25.607191 -42.606101 -70.324831 -96.456981 -35.297346 -3.292702 -363.442794 -28.859173 -337.729725 94.634723 -31.937523 -24.850498 -3.167665 -18.141730 -23.636904 5.573629 -74.781467 364.283069 -2.244990 67.370867 18.733797 -6.548384 -25.765772 -19.084408 -4.115961 -17.152832 -24.273968 367.335333 -72.940939 721.508844 24.445950 59.470458 32.602720 -25.773614 -2.669280 -50.736498
0.338038 0.024639 0.469133 -10.108004 50.575485 28.443405 -0.000000 0.000000 0.000000 -0.000000 0.000000 0.000000 -0.000000 0.000000 0.000000 -0.786603 -37.780141 -19.879412 0.000000 -0.000000 0.000000 -87.499667 -19.279413 -16.039685 -9.472000 -7.240321 16.493359 -11.359454 -1.031687 11.295879 67.325369 -47.988626 -67.514089 -24.946659 -43.082252 -70.607385 -107.659019 -40.161480 -6.203837 -363.203279 -26.730300 -341.637284 96.245187 -35.006753 -24.636304 -3.111445 -18.219082 -23.277259 5.475466 -74.611754 364.324328 -2.640104 67.263430 18.741402 -6.159529 -25.856837 -18.745766 -3.991641 -17.267657 -23.871506 367.102362 -72.937656 721.380725 24.455268 59.342449 32.376923 -25.662665 -2.633421 -50.486838
0.337991 0.024777 0.469195 -9.909473 50.552685 27.735893 -0.000000 -0.000000 0.000000 -0.000000 -0.000000 0.000000 -0.000000 -0.000000 0.000000 -0.468252 -37.667705 -19.188963 0.000000 -0.000000 0.000000 -87.437390 -19.365054 -16.567838 -9.193978 -7.044007 15.931134 -11.125896 -1.813025 11.708798 66.983907 -47.414087 -67.139232 -23.166810 -44.457373 -69.866756 -116.239079 -43.095615 -9.104480 -364.134151 -23.172218 -345.313128 97.225136 -34.937809 -22.505509 -3.034462 -18.224639 -22.688562 5.417168 -74.450574 364.375629 -3.316247 67.196227 18.889915 -5.636316 -26.027916 -18.276576 -3.821830 -17.358362 -23.219858 366.817025 -72.915705 721.228801 23.326436 59.548634 32.426814 -25.211962 -3.433442 -49.861237
0.337947 0.024926 0.469284 -9.633267 50.476669 26.789036 0.000000 0.000000 -0.000000 0.000000 0.000000 -0.000000 0.000000 0.000000 -0.000000 -0.149714 -37.957131 -18.307137 -0.000000 0.000000 0.000000 -87.468404 -19.391600 -17.201352 -8.400746 -7.532729 15.975446 -10.936786 -2.171472 11.904472 66.281709 -46.836772 -67.118189 -19.858673 -46.856128 -67.978586 -123.269427 -45.455374 -11.368928 -364.954494 -18.590595 -348.473843 97.649682 -32.995777 -20.182290 -2.942609 -18.127542 -21.925500 5.446399 -74.336508 364.465850 -4.250678 67.154239 19.161788 -4.977116 -26.248469 -17.674727 -3.613199 -17.401269 -22.374324 366.523035 -72.893562 721.077068 21.359724 59.955367 32.755910 -24.483661 -4.772242 -48.989156
0.337941 0.025076 0.469425 -9.350606 50.398572 25.833142 -0.000000 -0.000000 -0.000000 -0.000000 -0.000000 -0.000000 -0.000000 -0.000000 -0.000000 0.084554 -38.665766 -17.439567 0.000000 0.000000 0.000000 -87.585912 -19.254396 -17.951070 -7.231131 -8.528482 16.528178 -10.651624 -2.333021 11.955640 65.062800 -46.250816 -67.607822 -15.074453 -49.953847 -65.181440 -129.631940 -48.365033 -12.911245 -364.614970 -15.084098 -350.333734 97.515083 -32.061428 -19.923113 -2.873658 -17.967574 -21.173567 5.566114 -74.279867 364.610282 -5.330625 67.106884 19.471307 -4.209486 -26.474861 -16.961211 -3.422922 -17.427799 -21.534270 366.267829 -72.866829 720.950160 19.246860 60.350855 33.250488 -23.692429 -6.119515 -48.140529
0.337998 0.025219 0.469621 -9.142717 50.383666 25.135561 0.000000 0.000000 -0.000000 0.000000 0.000000 -0.000000 0.000000 0.000000 -0.000000 0.077164 -39.666681 -16.880953 -0.000000 -0.000000 -0.000000 -87.733072 -18.916494 -18.775798 -5.996254 -9.650255 17.306720 -10.222255 -2.571671 12.030087 63.437154 -45.701747 -68.573950 -9.112056 -53.356880 -61.784003 -134.288686 -50.723208 -13.882159 -363.088918 -15.206603 -349.801151 96.674420 -33.146703 -22.479038 -2.862880 -17.822488 -20.643292 5.744902 -74.265529 364.816745 -6.432055 67.014399 19.714599 -3.350339 -26.658838 -16.156608 -3.308796 -17.505368 -20.925415 366.068635 -72.806680 720.860571 17.738078 60.534691 33.694830 -23.083515 -6.979633 -47.578804
0.338132 0.025344 0.469859 -9.068520 50.478740 24.870407 -0.000000 -0.000000 -0.000000 -0.000000 -0.000000 -0.000000 -0.000000 -0.000000 -0.000000 -0.302470 -40.744314 -16.854241 0.000000 -0.000000 -0.000000 -87.846114 -18.473733 -19.546844 -5.082570 -10.460280 17.914619 -9.670515 -3.202090 12.413363 61.555196 -45.314786 -70.051507 -2.275695 -56.821785 -58.025592 -134.947954 -50.838467 -14.108999 -360.711210 -18.976265 -346.215046 94.664355 -34.173221 -26.588294 -2.931788 -17.758749 -20.469594 5.964226 -74.273327 365.091644 -7.469017 66.851206 19.837117 -2.420443 -26.764246 -15.297675 -3.289485 -17.694596 -20.681299 365.904329 -72.688556 720.802611 17.144760 60.363947 34.001625 -22.725570 -7.112570 -47.421064
0.338347 0.025444 0.470118 -9.133522 50.703341 25.027256 0.000000 0.000000 0.000000 0.000000 0.000000 0.000000 0.000000 0.000000 0.000000 -1.065722 -41.745837 -17.370262 0.000000 0.000000 -0.000000 -87.906173 -18.181354 -20.050456 -4.832272 -10.562659 17.924844 -9.006912 -4.452464 13.341042 59.528475 -45.179261 -72.069421 5.150433 -60.190192 -54.075437 -130.653228 -49.286644 -13.199650 -357.799048 -23.602480 -339.960055 90.736939 -33.198768 -30.297315 -3.091294 -17.806938 -20.644059 6.234708 -74.295462 365.429201 -8.382926 66.636160 19.856156 -1.491294 -26.791626 -14.463394 -3.354497 -18.016009 -20.780539 365.752534 -72.512946 720.768385 17.214953 59.835431 34.269004 -22.506402 -6.636476 -47.594225
0.338638 0.025514 0.470380 -9.273318 51.034354 25.385821 -0.000000 0.000000 0.000000 -0.000000 0.000000 0.000000 -0.000000 0.000000 0.000000 -2.056992 -42.653474 -18.176048 0.000000 -0.000000 -0.000000 -87.937777 -18.335883 -20.102520 -5.335716 -9.783596 17.127147 -8.271060 -6.195991 14.729096 57.606100 -45.246075 -74.290025 12.924388 -63.272192 -49.922002 -122.671180 -48.121830 -10.629226 -354.696740 -25.839326 -333.058761 83.920706 -29.966564 -32.524108 -3.329533 -17.947363 -20.993436 6.571029 -74.333398 365.807963 -9.146119 66.419618 19.831502 -0.655524 -26.774205 -13.738608 -3.479149 -18.430406 -21.042505 365.620470 -72.304655 720.762963 17.514151 59.114915 34.562855 -22.311212 -5.906790 -47.908584
0.338992 0.025551 0.470632 -9.381105 51.398256 25.619651 0.000000 -0.000000 -0.000000 0.000000 -0.000000 -0.000000 0.000000 -0.000000 -0.000000 -2.997079 -43.485571 -18.868487 -0.000000 -0.000000 -0.000000 -87.964369 -19.064604 -19.691360 -6.321755 -8.321703 15.726397 -7.576257 -8.006449 16.226207 56.091874 -45.394347 -76.180931 21.158039 -65.852567 -45.119281 -112.390466 -47.935839 -5.789133 -352.069466 -24.281234 -328.235365 73.829181 -24.730090 -32.525392 -3.604984 -18.108902 -21.260972 6.976977 -74.386344 366.205830 -9.788801 66.233249 19.831921 0.048827 -26.740184 -13.157719 -3.621442 -18.844794 -21.211666 365.534934 -72.105069 720.796954 17.786556 58.415683 34.808144 -22.114117 -5.245852 -48.178539
0.339394 0.025558 0.470867 -9.372755 51.709847 25.502290 0.000000 -0.000000 0.000000 0.000000 -0.000000 0.000000 0.000000 -0.000000 0.000000 -3.620881 -44.184994 -19.129974 -0.000000 0.000000 -0.000000 -87.992712 -20.242548 -18.973607 -7.366974 -6.632158 14.170446 -7.007382 -9.529677 17.524649 55.028055 -45.523196 -77.538634 30.196513 -67.722853 -39.075847 -101.755414 -48.026717 0.742442 -350.344692 -19.507743 -327.701016 62.611440 -18.173280 -29.468870 -3.871321 -18.209136 -21.271248 7.446836 -74.452141 366.605257 -10.384538 66.069784 19.925149 0.641820 -26.690705 -12.713086 -3.741515 -19.161631 -21.118774 365.522610 -71.956511 720.873895 17.989667 57.878526 34.902078 -21.947801 -4.793774 -48.311955
0.339818 0.025543 0.471071 -9.235315 51.927912 25.057021 -0.000000 0.000000 -0.000000 -0.000000 0.000000 -0.000000 -0.000000 0.000000 -0.000000 -3.856675 -44.649075 -18.938700 0.000000 -0.000000 -0.000000 -88.028921 -21.575616 -18.159235 -8.193716 -5.132022 12.828480 -6.551410 -10.651990 18.499122 54.226836 -45.575366 -78.498142 39.689429 -68.745843 -31.980191 -93.458867 -47.860912 6.859311 -349.453908 -14.262716 -330.577008 53.145027 -12.388873 -24.486987 -4.110041 -18.214250 -21.046731 7.946547 -74.527183 366.979640 -10.988439 65.913029 20.154489 1.147389 -26.622540 -12.392832 -3.842822 -19.340996 -20.800896 365.596061 -71.873596 720.987537 18.174221 57.553875 34.821083 -21.858160 -4.547398 -48.325314
0.340224 0.025519 0.471222 -9.010361 52.060513 24.499782 -0.000000 0.000000 0.000000 -0.000000 0.000000 0.000000 -0.000000 0.000000 0.000000 -3.897000 -44.815118 -18.576948 -0.000000 0.000000 -0.000000 -88.085734 -22.730058 -17.430529 -8.740164 -4.030674 11.864602 -6.191457 -11.371315 19.112895 53.619782 -45.548607 -79.138276 48.329851 -68.985449 -24.947468 -89.750214 -47.707757 10.337355 -349.722038 -11.400857 -333.205845 48.068689 -9.445461 -20.990799 -4.329595 -18.151996 -20.759640 8.393440 -74.590787 367.291419 -11.607722 65.763289 20.492798 1.588875 -26.556059 -12.164848 -3.969086 -19.409997 -20.451058 365.735674 -71.828167 721.121076 18.379663 57.408899 34.620339 -21.858908 -4.441565 -48.283120
0.340567 0.025490 0.471294 -8.740411 52.123040 24.038341 0.000000 0.000000 0.000000 0.000000 0.000000 0.000000 0.000000 0.000000 0.000000 -4.024694 -44.663090 -18.384760 -0.000000 0.000000 -0.000000 -88.176120 -23.476636 -16.883603 -9.073909 -3.315940 11.243734 -5.960269 -11.717029 19.361950 53.366510 -45.486603 -79.341397 55.374475 -68.654199 -18.552900 -90.987230 -47.383638 9.736726 -351.894102 -12.043916 -332.402837 48.860833 -9.668683 -21.093586 -4.538432 -18.064124 -20.572212 8.689705 -74.603647 367.513545 -12.203112 65.627878 20.821266 2.007262 -26.521361 -11.953283 -4.149851 -19.411618 -20.242806 365.886420 -71.773926 721.246722 18.582483 57.338902 34.387567 -21.899086 -4.395587 -48.223220
0.340822 0.025454 0.471278 -8.452083 52.118123 23.760152 -0.000000 -0.000000 0.000000 -0.000000 -0.000000 0.000000 -0.000000 -0.000000 0.000000 -4.374955 -44.205156 -18.514760 0.000000 0.000000 0.000000 -88.295968 -23.807043 -16.469204 -9.338942 -2.765160 10.750382 -5.865235 -11.801346 19.320055 53.648426 -45.438373 -78.968433 61.316981 -67.872183 -12.336896 -96.210512 -45.961428 4.634979 -355.748774 -16.411815 -327.606316 54.771267 -12.585980 -24.035119 -4.731455 -17.968154 -20.544953 8.788763 -74.537971 367.647684 -12.685817 65.507295 20.978734 2.426462 -26.524582 -11.685238 -4.370113 -19.367206 -20.229440 365.989133 -71.686266 721.335383 18.710516 57.232103 34.206349 -21.893938 -4.347509 -48.143386
0.340983 0.025409 0.471185 -8.174444 52.058037 23.666078 -0.000000 0.000000 0.000000 -0.000000 0.000000 0.000000 -0.000000 0.000000 0.000000 -4.894688 -43.530479 -18.914856 0.000000 0.000000 -0.000000 -88.416744 -23.905473 -16.037067 -9.702994 -2.060822 10.111579 -5.843771 -11.804312 19.129770 54.473452 -45.419759 -78.025765 66.478959 -66.711430 -6.221628 -103.408451 -42.730879 -3.578582 -359.535212 -24.109521 -320.543858 63.482130 -17.318930 -27.661844 -4.896615 -17.874849 -20.659826 8.710219 -74.396350 367.716091 -12.941329 65.402208 20.847050 2.815978 -26.549536 -11.350901 -4.593472 -19.290953 -20.377707 366.018475 -71.574467 721.373213 18.681541 57.040847 34.137963 -21.779857 -4.285531 -48.029207
0.341063 0.025353 0.471037 -7.936872 51.973036 23.714249 0.000000 -0.000000 0.000000 0.000000 -0.000000 0.000000 0.000000 -0.000000 0.000000 -5.454502 -42.795586 -19.441926 -0.000000 0.000000 -0.000000 -88.505289 -23.976943 -15.487797 -10.224517 -1.060508 9.234473 -5.811547 -11.855036 18.917365 55.609657 -45.406508 -76.737215 70.504137 -65.387492 -0.898390 -109.706356 -38.142781 -11.799834 -362.170112 -32.982333 -314.226410 72.517101 -22.049214 -29.748392 -5.024852 -17.805655 -20.862084 8.505927 -74.197508 367.745764 -12.900615 65.318361 20.402996 3.124536 -26.583826 -10.991004 -4.790428 -19.204288 -20.620835 365.986143 -71.464598 721.366772 18.437676 56.786965 34.206458 -21.535307 -4.244871 -47.869974
0.341085 0.025285 0.470857 -7.750871 51.884100 23.825528 -0.000000 0.000000 -0.000000 -0.000000 0.000000 -0.000000 -0.000000 0.000000 -0.000000 -5.927173 -42.121158 -19.937584 -0.000000 0.000000 -0.000000 -88.545770 -24.108669 -14.860857 -10.774069 0.026615 8.325216 -5.732923 -11.943398 18.730957 56.653437 -45.370893 -75.520918 73.028717 -64.219260 2.931805 -112.981401 -33.572256 -17.701739 -365.317700 -39.638904 -312.274576 80.105495 -24.057078 -28.247733 -5.113600 -17.766351 -21.076995 8.247493 -73.966869 367.766069 -12.598018 65.252415 19.724689 3.334979 -26.618220 -10.649257 -4.937837 -19.119964 -20.872136 365.916513 -71.381495 721.332299 17.990948 56.522136 34.382353 -21.183521 -4.262536 -47.663894
0.341075 0.025209 0.470666 -7.611858 51.788166 23.908833 0.000000 -0.000000 0.000000 0.000000 -0.000000 0.000000 0.000000 -0.000000 0.000000 -6.205596 -41.534829 -20.262870 0.000000 0.000000 -0.000000 -88.543270 -24.273473 -14.282720 -11.133624 0.770303 7.743435 -5.664630 -11.934293 18.538500 57.255447 -45.328349 -74.790972 74.138299 -63.446085 5.028717 -112.323920 -30.380696 -20.409281 -371.112800 -40.992943 -317.137972 84.523284 -20.970037 -22.507773 -5.163632 -17.729848 -21.231332 8.020709 -73.742770 367.802592 -12.152203 65.187035 18.967759 3.460868 -26.632444 -10.364572 -5.013727 -19.033910 -21.044203 365.829063 -71.339953 721.282793 17.430865 56.295245 34.597988 -20.784421 -4.342505 -47.423558
0.341052 0.025137 0.470478 -7.510096 51.677898 23.905435 0.000000 -0.000000 0.000000 0.000000 -0.000000 0.000000 0.000000 -0.000000 0.000000 -6.239638 -41.023360 -20.345947 -0.000000 0.000000 -0.000000 -88.516907 -24.410948 -13.865746 -11.149249 0.830183 7.749919 -5.735476 -11.656871 18.266811 57.336608 -45.329008 -74.701103 74.190552 -63.187230 5.438384 -107.783964 -29.490464 -19.354712 -376.413543 -35.209415 -326.028676 83.618041 -13.065792 -14.324023 -5.177316 -17.667004 -21.282424 7.883696 -73.565243 367.861345 -11.687398 65.114395 18.299409 3.509462 -26.613100 -10.181149 -5.012022 -18.941888 -21.088107 365.737943 -71.339186 721.224594 16.855673 56.138410 34.800434 -20.401501 -4.468441 -47.173157
0.341023 0.025079 0.470300 -7.432556 51.560629 23.806874 0.000000 0.000000 -0.000000 0.000000 0.000000 -0.000000 0.000000 0.000000 -0.000000 -6.073336 -40.590113 -20.213502 0.000000 0.000000 0.000000 -88.492707 -24.483874 -13.651270 -10.795129 0.163409 8.365377 -6.056215 -11.005777 17.855996 57.096860 -45.407527 -75.072865 73.492955 -63.463933 4.307202 -100.151546 -30.840014 -14.050509 -376.127003 -24.316838 -334.203525 74.549711 -4.461974 -5.856619 -5.162869 -17.576117 -21.231178 7.837959 -73.452887 367.929876 -11.275806 65.050877 17.814471 3.481194 -26.575635 -10.121924 -4.955909 -18.850941 -21.012971 365.656967 -71.363672 721.162468 16.314616 56.063344 34.983029 -20.073203 -4.627372 -46.941457
0.340995 0.025046 0.470139 -7.366749 51.452520 23.642945 -0.000000 0.000000 -0.000000 -0.000000 0.000000 -0.000000 -0.000000 0.000000 -0.000000 -5.813459 -40.250783 -19.960440 0.000000 -0.000000 0.000000 -88.490136 -24.499330 -13.597367 -10.178115 -0.965412 9.373089 -6.629464 -10.012320 17.304865 56.862522 -45.558710 -75.533541 72.179786 -64.169234 1.911676 -90.809228 -33.123503 -5.221383 -371.112144 -13.644637 -340.983903 59.280148 0.592472 1.041223 -5.136021 -17.472507 -21.113114 7.855851 -73.401255 367.995424 -10.943839 65.015183 17.508975 3.397021 -26.544195 -10.155589 -4.885204 -18.772085 -20.868518 365.600796 -71.393704 721.103264 15.838061 56.064151 35.159432 -19.822380 -4.801208 -46.760754
0.340973 0.025039 0.470006 -7.307533 51.365024 23.458374 -0.000000 -0.000000 -0.000000 -0.000000 -0.000000 -0.000000 -0.000000 -0.000000 -0.000000 -5.555356 -40.015849 -19.683643 0.000000 -0.000000 -0.000000 -88.507171 -24.507565 -13.603086 -9.510081 -2.131858 10.425330 -7.330205 -8.864377 16.690803 56.880053 -45.748910 -75.762581 70.410743 -65.088590 -1.269293 -81.520813 -35.017418 5.074285 -365.316404 -6.765078 -346.368651 45.261794 1.894436 4.542215 -5.114289 -17.368480 -20.976113 7.917139 -73.396176 368.054445 -10.680168 65.004806 17.314571 3.287711 -26.520823 -10.222695 -4.831682 -18.710795 -20.711155 365.579776 -71.418431 721.051766 15.468897 56.124918 35.333663 -19.668239 -4.956945 -46.659884
0.340959 0.025054 0.469903 -7.253205 51.300615 23.290871 0.000000 -0.000000 0.000000 0.000000 -0.000000 0.000000 0.000000 -0.000000 0.000000 -5.346020 -39.892707 -19.441898 0.000000 0.000000 0.000000 -88.526778 -24.551614 -13.583930 -8.999841 -3.000592 11.233961 -7.969995 -7.838154 16.144384 57.149670 -45.933765 -75.703027 68.553761 -65.991101 -4.571384 -73.965824 -36.255014 14.716032 -360.910941 -3.531961 -349.467956 35.529088 1.374508 4.288414 -5.111794 -17.269680 -20.860544 8.011580 -73.420526 368.108665 -10.413238 65.006871 17.138767 3.147476 -26.491908 -10.299396 -4.807994 -18.664713 -20.580713 365.591066 -71.440070 721.005736 15.217669 56.228379 35.510245 -19.606938 -5.073045 -46.644934
0.340952 0.025084 0.469830 -7.194968 51.253286 23.158790 -0.000000 0.000000 -0.000000 -0.000000 0.000000 -0.000000 -0.000000 0.000000 -0.000000 -5.199234 -39.876056 -19.259959 0.000000 0.000000 0.000000 -88.538894 -24.607164 -13.537349 -8.724983 -3.498341 11.724821 -8.413017 -7.142571 15.774521 57.476606 -46.082487 -75.533110 67.148045 -66.666595 -7.164199 -69.308095 -37.213777 21.985367 -358.587498 -2.563532 -350.109474 30.581390 0.401522 1.468579 -5.138881 -17.174428 -20.791527 8.129886 -73.459696 368.161088 -10.034312 65.019110 16.901434 2.929898 -26.450667 -10.412720 -4.813392 -18.623295 -20.496314 365.617672 -71.464523 720.961364 15.038480 56.349796 35.698573 -19.598654 -5.155082 -46.690039
0.340946 0.025115 0.469779 -7.114146 51.209052 23.056918 -0.000000 -0.000000 -0.000000 -0.000000 -0.000000 -0.000000 -0.000000 -0.000000 -0.000000 -5.118956 -39.923868 -19.143917 0.000000 -0.000000 0.000000 -88.548234 -24.608884 -13.508040 -8.639665 -3.739657 11.990494 -8.660240 -6.795640 15.596808 57.746588 -46.201909 -75.388848 66.816853 -66.908802 -8.098177 -68.369787 -38.151250 25.018632 -359.060875 -3.011610 -348.841864 30.945233 -0.524573 -1.894907 -5.201074 -17.069300 -20.775658 8.264918 -73.509846 368.214913 -9.486816 65.047534 16.575889 2.603364 -26.399322 -10.593697 -4.843810 -18.567767 -20.459319 365.641631 -71.489518 720.923554 14.902786 56.430375 35.880710 -19.591016 -5.191293 -46.753329
0.340939 0.025134 0.469748 -6.990658 51.151983 22.963028 0.000000 0.000000 0.000000 0.000000 0.000000 0.000000 0.000000 0.000000 0.000000 -5.107249 -39.968728 -19.088701 0.000000 0.000000 0.000000 -88.562578 -24.534178 -13.502037 -8.700584 -3.808865 12.103779 -8.818550 -6.670333 15.541742 58.097361 -46.328591 -75.165119 68.021253 -66.547642 -6.695703 -71.531736 -38.835698 22.500050 -363.033821 -4.992627 -345.985321 37.136030 -1.529792 -4.551968 -5.296612 -16.935225 -20.801546 8.411561 -73.576927 368.269699 -8.801314 65.094854 16.190383 2.181057 -26.340569 -10.842698 -4.899147 -18.477602 -20.459552 365.659894 -71.504511 720.906320 14.876998 56.375271 35.990993 -19.556656 -5.108171 -46.804584
0.340932 0.025142 0.469741 -6.816902 51.076693 22.862266 0.000000 0.000000 0.000000 0.000000 0.000000 0.000000 0.000000 0.000000 0.000000 -5.168501 -39.969428 -19.091187 0.000000 -0.000000 0.000000 -88.584529 -24.418475 -13.476546 -8.927007 -3.671155 12.035994 -8.987372 -6.649174 15.532880 58.765275 -46.491371 -74.639557 70.528958 -65.535539 -3.201381 -78.229594 -38.636536 15.103222 -370.299856 -9.644877 -341.495231 48.732901 -3.276624 -7.226911 -5.417528 -16.765899 -20.854791 8.558996 -73.666466 368.317697 -8.032191 65.160020 15.780452 1.691052 -26.275953 -11.142414 -4.986347 -18.345080 -20.491499 365.685748 -71.497109 720.923919 15.089204 56.108927 35.946594 -19.512271 -4.811898 -46.838568
0.340925 0.025148 0.469762 -6.608247 50.995955 22.769436 -0.000000 0.000000 -0.000000 -0.000000 0.000000 -0.000000 -0.000000 0.000000 -0.000000 -5.312141 -39.938268 -19.163685 -0.000000 -0.000000 0.000000 -88.615444 -24.295816 -13.405141 -9.332268 -3.283248 11.752213 -9.180960 -6.699114 15.537203 59.810495 -46.677906 -73.734815 73.284669 -64.066152 1.121312 -87.111529 -37.034616 4.838861 -378.667886 -18.187576 -335.776438 63.636545 -6.842331 -11.006844 -5.552737 -16.578809 -20.934644 8.690264 -73.778070 368.348894 -7.229425 65.239740 15.370525 1.164440 -26.207667 -11.469077 -5.113425 -18.187729 -20.565244 365.733254 -71.454287 720.983210 15.613272 55.631569 35.704562 -19.500671 -4.277843 -46.863651
0.340919 0.025163 0.469806 -6.399626 50.933379 22.715208 -0.000000 -0.000000 -0.000000 -0.000000 -0.000000 -0.000000 -0.000000 -0.000000 -0.000000 -5.539954 -39.909013 -19.319301 -0.000000 -0.000000 0.000000 -88.657261 -24.174721 -13.307501 -9.854275 -2.705942 11.309188 -9.329548 -6.840156 15.556935 61.002307 -46.837554 -72.645063 75.231736 -62.548601 4.917037 -96.360490 -33.943995 -5.986448 -384.208119 -29.279986 -330.182893 77.393115 -12.071117 -14.996892 -5.688124 -16.406352 -21.044903 8.793420 -73.907100 368.360495 -6.481884 65.325539 15.000407 0.661901 -26.139078 -11.779287 -5.273519 -18.046001 -20.687700 365.796502 -71.364146 721.077419 16.389322 55.011930 35.298090 -19.545162 -3.580661 -46.883047
0.340905 0.025195 0.469856 -6.226412 50.905550 22.705698 0.000000 -0.000000 0.000000 0.000000 -0.000000 0.000000 0.000000 -0.000000 0.000000 -5.821763 -39.891195 -19.534419 -0.000000 -0.000000 -0.000000 -88.704487 -24.079268 -13.207171 -10.389281 -2.068630 10.822522 -9.313972 -7.122479 15.621722 61.912276 -46.918972 -71.769754 75.865453 -61.413552 7.364617 -103.814502 -30.068101 -14.922554 -384.778145 -38.992384 -325.353003 85.217074 -16.888887 -17.853497 -5.806054 -16.277239 -21.167253 8.867017 -74.043401 368.357300 -5.892084 65.404312 14.712342 0.256549 -26.072889 -12.020019 -5.434960 -17.962372 -20.831259 365.843805 -71.227067 721.182995 17.261544 54.347646 34.814879 -19.631485 -2.845372 -46.892140
0.340874 0.025246 0.469889 -6.106151 50.909896 22.706062 -0.000000 -0.000000 0.000000 -0.000000 -0.000000 0.000000 -0.000000 -0.000000 0.000000 -6.087115 -39.867854 -19.734925 0.000000 0.000000 0.000000 -88.740190 -24.060452 -13.105374 -10.855339 -1.489920 10.396242 -9.034556 -7.599685 15.779199 62.149737 -46.905015 -71.497259 75.051547 -60.982026 7.988923 -108.012399 -27.010284 -20.192908 -381.743483 -44.719113 -320.962260 87.922761 -20.052414 -19.822574 -5.888559 -16.204065 -21.255707 8.913192 -74.169447 368.343873 -5.478497 65.463470 14.500885 -0.027837 -26.006905 -12.170277 -5.553002 -17.954239 -20.934589 365.839570 -71.067680 721.270001 18.076518 53.751448 34.335029 -19.738074 -2.197600 -46.884395
0.340819 0.025313 0.469878 -6.038935 50.931166 22.670089 -0.000000 -0.000000 -0.000000 -0.000000 -0.000000 -0.000000 -0.000000 -0.000000 -0.000000 -6.257318 -39.831968 -19.835798 -0.000000 -0.000000 -0.000000 -88.752123 -24.133018 -13.024018 -11.187059 -1.090125 10.126566 -8.513420 -8.226152 16.033743 61.623847 -46.811799 -71.940634 72.935352 -61.345676 6.606503 -109.020395 -26.241256 -21.340234 -377.558695 -45.805744 -317.498574 87.484186 -21.546435 -21.546047 -5.923469 -16.182181 -21.264883 8.936297 -74.271421 368.322734 -5.177094 65.498629 14.327792 -0.225308 -25.937004 -12.254310 -5.595676 -18.005526 -20.942426 365.776254 -70.930844 721.320424 18.714652 53.337554 33.904752 -19.848699 -1.750758 -46.846233
0.340738 0.025386 0.469810 -6.018032 50.958608 22.578008 -0.000000 -0.000000 -0.000000 -0.000000 -0.000000 -0.000000 -0.000000 -0.000000 -0.000000 -6.302060 -39.808841 -19.802444 0.000000 0.000000 0.000000 -88.753917 -24.231458 -13.036898 -11.308448 -1.014151 10.114861 -7.905121 -8.814132 16.295812 60.581255 -46.659977 -72.871006 70.093987 -62.258278 3.640873 -107.491306 -28.204934 -18.516939 -374.334805 -42.264681 -316.687872 84.342258 -21.214588 -22.860932 -5.910671 -16.196741 -21.181462 8.950090 -74.354690 368.298553 -4.947550 65.520984 14.190122 -0.373823 -25.868821 -12.307857 -5.562830 -18.086040 -20.842921 365.681882 -70.857935 721.334203 19.076382 53.171136 33.561540 -19.931596 -1.578400 -46.758741
0.340638 0.025459 0.469686 -6.031357 50.990580 22.438869 0.000000 -0.000000 0.000000 0.000000 -0.000000 0.000000 0.000000 -0.000000 0.000000 -6.256280 -39.828719 -19.665338 0.000000 -0.000000 -0.000000 -88.777547 -24.261426 -13.215637 -11.164108 -1.350759 10.412173 -7.344629 -9.193766 16.451507 59.320955 -46.448637 -73.972940 67.331213 -63.334037 0.006333 -103.664249 -32.225983 -12.047026 -372.482214 -35.167040 -319.090753 78.193180 -19.201667 -23.431545 -5.862761 -16.231240 -21.025351 8.970973 -74.437535 368.275121 -4.809258 65.551156 14.125452 -0.485211 -25.817289 -12.348483 -5.482977 -18.174241 -20.665436 365.594917 -70.861040 721.320182 19.132914 53.228094 33.338737 -19.954255 -1.659863 -46.623109
0.340527 0.025528 0.469519 -6.058001 51.022445 22.266748 0.000000 -0.000000 0.000000 0.000000 -0.000000 0.000000 0.000000 -0.000000 0.000000 -6.170578 -39.881435 -19.473484 0.000000 0.000000 0.000000 -88.841458 -24.178129 -13.558590 -10.769369 -2.048259 10.970120 -6.829769 -9.371395 16.473824 57.953507 -46.156298 -75.100404 65.155133 -64.332892 -3.527211 -97.763068 -36.801845 -2.881522 -370.856858 -26.965047 -323.222303 69.643945 -16.493644 -23.540132 -5.797061 -16.270243 -20.826279 9.001615 -74.529134 368.248967 -4.774591 65.599987 14.152723 -0.564714 -25.789214 -12.381314 -5.390921 -18.259253 -20.449233 365.535494 -70.918161 721.286946 18.979233 53.419178 33.233794 -19.924586 -1.880508 -46.473205
0.340415 0.025584 0.469321 -6.077095 51.043409 22.072175 -0.000000 -0.000000 -0.000000 -0.000000 -0.000000 -0.000000 -0.000000 -0.000000 -0.000000 -6.067091 -39.921262 -19.256444 0.000000 -0.000000 -0.000000 -88.935313 -24.004711 -13.992590 -10.206719 -2.946694 11.670168 -6.320649 -9.443940 16.407814 56.529293 -45.782576 -76.197467 63.760602 -65.140745 -6.460210 -91.087278 -40.517946 6.976417 -368.812553 -19.795100 -327.880277 61.089073 -13.819003 -23.209869 -5.727082 -16.301628 -20.608931 9.031623 -74.623176 368.212986 -4.814935 65.660003 14.251562 -0.624927 -25.775016 -12.412747 -5.308383 -18.336102 -20.223085 365.499300 -70.989371 721.241117 18.751185 53.643957 33.209803 -19.871189 -2.117555 -46.341469
0.340308 0.025608 0.469100 -6.083398 51.053389 21.878802 0.000000 0.000000 -0.000000 0.000000 0.000000 -0.000000 0.000000 0.000000 -0.000000 -5.961974 -39.925697 -19.044138 0.000000 -0.000000 0.000000 -89.031924 -23.808678 -14.418222 -9.601399 -3.840389 12.362531 -5.867183 -9.443625 16.283465 55.249495 -45.381311 -77.108125 63.405188 -65.644989 -8.182095 -85.806456 -42.723606 14.637841 -366.659745 -14.429537 -332.831109 54.460953 -11.139775 -21.461283 -5.661658 -16.328810 -20.400121 9.046136 -74.706525 368.163849 -4.897879 65.715196 14.390800 -0.669943 -25.761045 -12.444750 -5.243705 -18.412812 -20.012943 365.468594 -71.036134 721.189153 18.493793 53.821751 33.234638 -19.786089 -2.319647 -46.217569
0.340206 0.025581 0.468858 -6.090108 51.070545 21.734136 0.000000 0.000000 -0.000000 0.000000 0.000000 -0.000000 0.000000 0.000000 -0.000000 -5.893454 -39.927341 -18.891025 0.000000 -0.000000 -0.000000 -89.099999 -23.678150 -14.734151 -9.132786 -4.478434 12.853989 -5.546805 -9.375445 16.114054 54.404262 -45.033399 -77.607103 64.309630 -65.731420 -8.080180 -84.134630 -43.469987 17.193524 -365.265664 -11.339908 -337.051136 51.393597 -8.782865 -18.134949 -5.606479 -16.376796 -20.237193 9.023766 -74.762118 368.101626 -5.003225 65.751983 14.536245 -0.688474 -25.742352 -12.467403 -5.199810 -18.509426 -19.854317 365.425081 -71.035841 721.138373 18.177253 53.900491 33.290951 -19.633477 -2.491832 -46.064863
0.340114 0.025493 0.468608 -6.116617 51.110031 21.693008 -0.000000 0.000000 0.000000 -0.000000 0.000000 0.000000 -0.000000 0.000000 0.000000 -5.891626 -39.971355 -18.850072 -0.000000 0.000000 -0.000000 -89.107372 -23.684274 -14.854845 -9.015868 -4.598042 12.930352 -5.370355 -9.309506 15.941507 54.219422 -44.804961 -77.519313 66.209979 -65.350879 -6.129398 -87.297969 -42.913547 13.147568 -365.780794 -11.499465 -338.033609 53.538043 -7.759199 -15.313007 -5.563005 -16.468240 -20.159868 8.944169 -74.773654 368.027656 -5.095571 65.766417 14.643722 -0.679519 -25.723599 -12.475534 -5.177602 -18.632440 -19.787094 365.364044 -70.989606 721.096765 17.827595 53.855751 33.360859 -19.414796 -2.616363 -45.884576
0.340037 0.025339 0.468362 -6.177219 51.166248 21.792858 -0.000000 0.000000 0.000000 -0.000000 0.000000 0.000000 -0.000000 0.000000 0.000000 -5.952696 -40.060175 -18.943968 0.000000 -0.000000 0.000000 -89.029920 -23.829268 -14.754762 -9.375679 -4.062885 12.482045 -5.327425 -9.322754 15.819966 54.810671 -44.734903 -76.759650 68.364845 -64.583732 -3.045769 -94.644972 -40.810027 3.768386 -368.530590 -15.956706 -334.804258 61.507579 -8.961815 -15.005609 -5.528956 -16.595978 -20.195496 8.810680 -74.741514 367.946517 -5.128545 65.767855 14.685775 -0.670026 -25.713177 -12.487173 -5.178629 -18.760922 -19.841558 365.303419 -70.916138 721.072359 17.569089 53.677980 33.432523 -19.186545 -2.614572 -45.743396
0.339979 0.025130 0.468133 -6.278233 51.225221 22.041588 0.000000 -0.000000 -0.000000 0.000000 -0.000000 -0.000000 0.000000 -0.000000 -0.000000 -6.075819 -40.153456 -19.181167 -0.000000 -0.000000 0.000000 -88.870297 -24.033081 -14.501426 -10.123305 -2.980689 11.607944 -5.407752 -9.449723 15.800888 56.056829 -44.809238 -75.449409 69.940298 -63.681539 0.080017 -103.744434 -36.897263 -7.536310 -371.488737 -24.307763 -329.534134 72.889171 -12.329408 -16.640010 -5.500353 -16.733679 -20.349065 8.648562 -74.685479 367.865478 -5.097887 65.764918 14.680847 -0.680451 -25.711669 -12.521726 -5.205864 -18.871646 -20.026750 365.269037 -70.833764 721.072064 17.539780 53.363209 33.507879 -19.013730 -2.393449 -45.727966
0.339943 0.024886 0.467927 -6.414960 51.279761 22.410183 -0.000000 0.000000 0.000000 -0.000000 0.000000 0.000000 -0.000000 0.000000 0.000000 -6.288774 -40.198016 -19.565615 0.000000 -0.000000 -0.000000 -88.663844 -24.187955 -14.219718 -11.000517 -1.657778 10.555163 -5.499152 -9.790491 15.995234 57.400609 -44.950923 -74.126757 70.352960 -62.996656 2.249978 -111.969583 -31.818432 -17.471574 -371.962132 -33.406301 -324.759010 82.577182 -16.315590 -18.279339 -5.471210 -16.864393 -20.594891 8.474757 -74.622136 367.790525 -5.074158 65.743977 14.678414 -0.675039 -25.704097 -12.558724 -5.254879 -18.963091 -20.317280 365.264497 -70.750553 721.098153 17.803155 52.936281 33.581913 -18.934169 -1.929168 -45.880656
0.339925 0.024633 0.467743 -6.564300 51.321981 22.821338 0.000000 0.000000 0.000000 0.000000 0.000000 0.000000 0.000000 0.000000 0.000000 -6.597171 -40.139641 -20.054042 0.000000 -0.000000 0.000000 -88.457007 -24.238215 -14.007326 -11.747752 -0.431607 9.569805 -5.392720 -10.528384 16.574581 58.032550 -45.091929 -73.608894 69.446117 -62.769806 2.905507 -117.901046 -27.010574 -24.422675 -369.726630 -40.162603 -321.135211 87.862183 -19.380019 -19.188471 -5.434191 -16.981823 -20.870138 8.289056 -74.549287 367.726356 -5.164134 65.678674 14.725886 -0.577095 -25.674028 -12.544586 -5.304787 -19.039381 -20.642375 365.265502 -70.676666 721.143064 18.302521 52.498243 33.631202 -18.960096 -1.330632 -46.169154
0.339919 0.024392 0.467571 -6.685415 51.335136 23.151177 0.000000 -0.000000 -0.000000 0.000000 -0.000000 -0.000000 0.000000 -0.000000 -0.000000 -6.933447 -39.933492 -20.521256 -0.000000 -0.000000 -0.000000 -88.282532 -24.217809 -13.887151 -12.210963 0.450103 8.824943 -4.980227 -11.689473 17.593925 57.491831 -45.208099 -74.367268 67.416988 -63.014553 1.914154 -120.731442 -23.998175 -27.965337 -366.701378 -42.870144 -319.216554 89.713746 -20.394943 -19.165364 -5.383027 -17.074098 -21.079520 8.096366 -74.458483 367.679140 -5.430589 65.564022 14.848067 -0.342042 -25.625606 -12.446113 -5.323654 -19.086158 -20.892947 365.247228 -70.638825 721.189729 18.861879 52.223057 33.635799 -19.082277 -0.823171 -46.500840
0.339913 0.024181 0.467402 -6.739626 51.306409 23.271154 -0.000000 0.000000 -0.000000 -0.000000 0.000000 -0.000000 -0.000000 0.000000 -0.000000 -7.194341 -39.577886 -20.809782 0.000000 -0.000000 0.000000 -88.158989 -24.211011 -13.840519 -12.325674 0.826769 8.446368 -4.371460 -12.980888 18.840374 55.962300 -45.265511 -76.157751 64.610517 -63.611870 -0.653551 -119.628075 -24.070591 -27.798321 -365.318704 -40.247299 -320.567268 88.725092 -18.158736 -17.559364 -5.312506 -17.128002 -21.123911 7.914762 -74.350445 367.654721 -5.852794 65.423561 15.036698 0.008250 -25.580004 -12.274155 -5.284840 -19.083999 -20.958810 365.203800 -70.664534 721.220065 19.266221 52.259601 33.598998 -19.265868 -0.628166 -46.770879
0.339900 0.024014 0.467228 -6.716233 51.241614 23.119544 -0.000000 -0.000000 0.000000 -0.000000 -0.000000 0.000000 -0.000000 -0.000000 0.000000 -7.319254 -39.135596 -20.829130 -0.000000 0.000000 -0.000000 -88.100260 -24.271035 -13.864170 -12.077624 0.609372 8.524026 -3.785134 -13.979577 19.931733 53.978950 -45.213315 -78.315178 61.423712 -64.405603 -4.533274 -114.578391 -27.477936 -23.598584 -364.995952 -32.210795 -325.227506 83.716173 -12.946903 -14.163450 -5.219424 -17.145865 -20.951319 7.759700 -74.233697 367.653710 -6.355559 65.286034 15.254098 0.416616 -25.554439 -12.058983 -5.181386 -19.037610 -20.786025 365.140859 -70.751592 721.223591 19.377080 52.632977 33.545538 -19.461366 -0.835082 -46.914970
0.339876 0.023894 0.467054 -6.637322 51.157822 22.734640 -0.000000 0.000000 0.000000 -0.000000 0.000000 0.000000 -0.000000 0.000000 0.000000 -7.306415 -38.691210 -20.594118 -0.000000 0.000000 -0.000000 -88.109452 -24.386499 -13.971253 -11.516600 -0.156752 9.052380 -3.387846 -14.422575 20.559000 52.068222 -45.037035 -80.220840 58.333722 -65.213403 -9.093589 -106.374483 -32.881761 -15.336576 -363.124671 -21.284554 -331.762570 72.652554 -7.150500 -9.712953 -5.105601 -17.140674 -20.586343 7.638954 -74.120846 367.670199 -6.848630 65.173081 15.456322 0.816508 -25.554268 -11.836697 -5.028115 -18.972112 -20.405491 365.068491 -70.868483 721.199667 19.189235 53.240819 33.515154 -19.627720 -1.365976 -46.936739
0.339844 0.023818 0.466890 -6.537855 51.065335 22.211476 -0.000000 0.000000 -0.000000 -0.000000 0.000000 -0.000000 -0.000000 0.000000 -0.000000 -7.175360 -38.274419 -20.177984 -0.000000 0.000000 -0.000000 -88.170188 -24.523270 -14.149864 -10.767166 -1.260520 9.887751 -3.254196 -14.296693 20.635423 50.626007 -44.798303 -81.516401 55.855573 -65.863094 -13.414003 -95.802610 -38.034374 -3.726307 -359.404963 -11.309411 -339.510788 58.260808 -2.835141 -5.085086 -4.975339 -17.117660 -20.100890 7.557550 -74.028276 367.692675 -7.249897 65.094823 15.616558 1.140312 -25.570182 -11.651368 -4.850125 -18.906089 -19.899513 365.003718 -70.981316 721.155547 18.807378 53.918113 33.544721 -19.744937 -2.032051 -46.890593
0.339807 0.023777 0.466746 -6.449352 50.970224 21.652782 0.000000 -0.000000 0.000000 0.000000 -0.000000 0.000000 0.000000 -0.000000 0.000000 -6.965696 -37.865069 -19.677984 0.000000 0.000000 -0.000000 -88.260056 -24.656801 -14.360643 -9.976291 -2.427316 10.808383 -3.404028 -13.741187 20.273008 49.878360 -44.607092 -82.103295 54.413549 -66.260614 -16.628783 -84.740146 -41.039863 8.628376 -355.125661 -4.570415 -347.598972 44.996228 -0.248167 -0.599181 -4.831778 -17.081894 -19.574451 7.506621 -73.965048 367.705727 -7.512785 65.032086 15.721117 1.354495 -25.568684 -11.528934 -4.671093 -18.848804 -19.358531 364.961969 -71.068401 721.103964 18.371038 54.524207 33.625705 -19.815398 -2.656929 -46.822688
0.339770 0.023756 0.466635 -6.402111 50.895653 21.177441 0.000000 -0.000000 -0.000000 0.000000 -0.000000 -0.000000 0.000000 -0.000000 -0.000000 -6.770956 -37.496185 -19.236299 0.000000 0.000000 0.000000 -88.368479 -24.752098 -14.575295 -9.269030 -3.428998 11.606678 -3.805465 -12.944434 19.675371 49.857294 -44.546348 -82.054253 54.266214 -66.402959 -18.122282 -76.609164 -41.811925 17.583939 -351.986566 -1.267548 -353.932471 35.835642 1.026606 3.174330 -4.683480 -17.065229 -19.101177 7.451440 -73.917409 367.696775 -7.637243 64.937644 15.748472 1.487060 -25.504872 -11.451200 -4.513726 -18.819475 -18.884866 364.943330 -71.122320 721.058292 17.973768 55.020801 33.688687 -19.863600 -3.192246 -46.728646
0.339738 0.023740 0.466571 -6.425297 50.879085 20.922318 -0.000000 -0.000000 -0.000000 -0.000000 -0.000000 -0.000000 -0.000000 -0.000000 -0.000000 -6.711018 -37.279809 -19.021611 0.000000 0.000000 0.000000 -88.486978 -24.762003 -14.778762 -8.781881 -4.078030 12.111241 -4.341361 -12.131921 19.056010 50.440911 -44.630168 -81.517067 55.377960 -66.330354 -17.649592 -73.769396 -41.521866 20.195240 -351.407669 -0.395818 -356.211141 32.743139 1.538060 5.232144 -4.549431 -17.118357 -18.795253 7.349257 -73.854999 367.664053 -7.641467 64.778172 15.671798 1.588692 -25.363289 -11.384314 -4.401729 -18.841304 -18.596051 364.938193 -71.155645 721.025000 17.636601 55.470491 33.664729 -19.926738 -3.703316 -46.583503
0.339719 0.023711 0.466563 -6.530172 50.933066 20.973761 0.000000 0.000000 0.000000 0.000000 0.000000 0.000000 0.000000 0.000000 0.000000 -6.840218 -37.269385 -19.129460 -0.000000 0.000000 -0.000000 -88.589674 -24.664806 -14.941506 -8.671526 -4.218468 12.195700 -4.831543 -11.551944 18.589211 51.439208 -44.822989 -80.652909 57.257902 -66.079443 -15.552061 -76.172148 -40.585079 15.849716 -354.231688 -1.581470 -353.275215 36.433103 1.636633 4.970224 -4.446749 -17.260189 -18.735370 7.181486 -73.757186 367.616535 -7.543583 64.565904 15.490483 1.681400 -25.175074 -11.319876 -4.349411 -18.906459 -18.570260 364.944703 -71.196594 721.002054 17.351640 55.945639 33.554072 -20.034590 -4.244094 -46.400871
0.339716 0.023660 0.466612 -6.698143 51.024492 21.306189 0.000000 -0.000000 -0.000000 0.000000 -0.000000 -0.000000 0.000000 -0.000000 -0.000000 -7.107935 -37.364161 -19.517817 0.000000 0.000000 0.000000 -88.642274 -24.470881 -15.036466 -9.007818 -3.819307 11.855418 -5.138312 -11.360776 18.354915 52.671541 -45.076202 -79.600514 59.084927 -65.713734 -12.761457 -81.885001 -38.419571 6.312988 -360.748659 -6.302805 -345.857434 46.860146 0.968691 2.235064 -4.375554 -17.453482 -18.909286 6.959956 -73.626305 367.566983 -7.378297 64.340904 15.243581 1.766034 -24.990418 -11.267240 -4.350217 -18.968024 -18.792677 364.970345 -71.267297 720.986528 17.129781 56.448442 33.416342 -20.193709 -4.780647 -46.239556
0.339734 0.023588 0.466714 -6.894212 51.106206 21.814741 0.000000 0.000000 0.000000 0.000000 0.000000 0.000000 0.000000 0.000000 0.000000 -7.418296 -37.412479 -20.061564 0.000000 0.000000 0.000000 -88.628376 -24.199029 -15.072823 -9.694082 -3.027551 11.237010 -5.227575 -11.540793 18.326944 53.971791 -45.339358 -78.483458 60.133135 -65.363707 -10.347843 -88.189018 -34.834360 -4.868857 -369.389148 -16.406590 -336.918274 62.372765 -1.575965 -2.603340 -4.322577 -17.641743 -19.236379 6.708924 -73.476317 367.527248 -7.201894 64.137017 14.986773 1.852145 -24.847489 -11.228065 -4.382334 -18.979702 -19.178403 365.019165 -71.368871 720.979861 16.988247 56.913653 33.317171 -20.380518 -5.228868 -46.154942
0.339775 0.023501 0.466864 -7.090895 51.153497 22.392228 -0.000000 -0.000000 -0.000000 -0.000000 -0.000000 -0.000000 -0.000000 -0.000000 -0.000000 -7.700301 -37.348607 -20.643967 0.000000 -0.000000 0.000000 -88.554813 -23.879543 -15.074645 -10.545077 -2.059747 10.525080 -5.119504 -11.983727 18.445846 55.147377 -45.562467 -77.455755 60.145402 -65.165605 -8.960723 -93.231568 -30.642893 -14.625170 -376.562914 -29.957146 -329.763263 77.930290 -6.293833 -7.751144 -4.275496 -17.789014 -19.630357 6.456170 -73.323635 367.506285 -7.068158 63.972066 14.772151 1.952101 -24.764410 -11.201076 -4.423927 -18.928976 -19.635072 365.087726 -71.488182 720.984658 16.911904 57.261658 33.304916 -20.546565 -5.522253 -46.163392
0.339839 0.023409 0.467051 -7.275807 51.164527 22.958849 -0.000000 0.000000 -0.000000 -0.000000 0.000000 -0.000000 -0.000000 0.000000 -0.000000 -7.909710 -37.196591 -21.178333 -0.000000 0.000000 -0.000000 -88.441425 -23.559726 -15.052410 -11.389036 -1.092944 9.845504 -4.856434 -12.581316 18.675084 56.022065 -45.719954 -76.682131 59.485712 -65.146025 -8.532574 -96.161514 -26.893980 -21.542648 -379.928955 -40.543060 -326.000228 86.451927 -10.027045 -10.294750 -4.228296 -17.879333 -20.025110 6.237212 -73.191607 367.507217 -7.013720 63.854853 14.646722 2.063893 -24.741263 -11.191689 -4.459843 -18.828271 -20.089702 365.174056 -71.612780 721.002363 16.853391 57.440072 33.412372 -20.639238 -5.636359 -46.249667
0.339923 0.023326 0.467261 -7.441638 51.147977 23.447301 0.000000 0.000000 0.000000 0.000000 0.000000 0.000000 0.000000 0.000000 0.000000 -8.009924 -37.018977 -21.588535 -0.000000 0.000000 -0.000000 -88.320570 -23.277383 -15.024043 -12.070842 -0.300216 9.305104 -4.530218 -13.200311 18.969378 56.507021 -45.822422 -76.273961 58.870878 -65.233692 -8.534475 -96.720145 -24.421495 -25.285242 -380.485408 -42.987203 -326.491213 88.362873 -8.779924 -8.573541 -4.178808 -17.908493 -20.364348 6.086558 -73.105218 367.526992 -7.060781 63.787625 14.640371 2.180272 -24.765023 -11.198209 -4.481046 -18.695749 -20.480395 365.281485 -71.737512 721.034695 16.767637 57.446993 33.641481 -20.630948 -5.592823 -46.383631
0.340022 0.023262 0.467479 -7.575562 51.117755 23.790871 0.000000 -0.000000 0.000000 0.000000 -0.000000 0.000000 0.000000 -0.000000 0.000000 -7.981660 -36.886555 -21.809967 -0.000000 0.000000 0.000000 -88.232240 -23.054197 -15.022740 -12.451654 0.126402 9.025274 -4.225702 -13.708599 19.269354 56.517024 -45.879771 -76.337072 58.713405 -65.382308 -8.658207 -95.154474 -23.729077 -25.831905 -378.463653 -37.150826 -329.753459 84.977120 -3.084602 -3.281867 -4.127685 -17.886499 -20.593656 6.019463 -73.072912 367.561573 -7.209979 63.764660 14.745055 2.300908 -24.819637 -11.204733 -4.484361 -18.550847 -20.749635 365.410669 -71.858923 721.082379 16.640440 57.336632 33.943475 -20.537874 -5.458778 -46.526414
0.340133 0.023224 0.467694 -7.656937 51.081561 23.925007 -0.000000 -0.000000 -0.000000 -0.000000 -0.000000 -0.000000 -0.000000 -0.000000 -0.000000 -7.822407 -36.823734 -21.794706 0.000000 0.000000 0.000000 -88.200530 -22.924244 -15.058089 -12.467630 0.080140 9.076035 -3.909092 -14.086506 19.562287 55.880182 -45.858540 -77.018808 58.837674 -65.592129 -9.073099 -91.874675 -24.793161 -23.233893 -373.884469 -27.339352 -333.327608 75.316010 2.495600 3.230173 -4.076250 -17.825032 -20.663145 6.032647 -73.085446 367.609293 -7.432604 63.775365 14.922211 2.422894 -24.891867 -11.198410 -4.468681 -18.408730 -20.845675 365.552163 -71.966262 721.142633 16.496771 57.178874 34.237068 -20.405827 -5.306271 -46.642197
0.340252 0.023213 0.467898 -7.664732 51.030703 23.803365 0.000000 -0.000000 0.000000 0.000000 -0.000000 0.000000 0.000000 -0.000000 0.000000 -7.531006 -36.769141 -21.515390 0.000000 0.000000 0.000000 -88.221858 -22.925373 -15.107969 -12.152217 -0.407273 9.442090 -3.487371 -14.391641 19.859126 54.517229 -45.701214 -78.334433 58.916213 -65.828500 -9.969603 -87.314172 -27.032504 -17.808453 -368.985448 -18.038634 -337.156918 62.592026 5.245869 8.619034 -4.023136 -17.720271 -20.539556 6.117609 -73.132858 367.667320 -7.692093 63.808253 15.134621 2.536755 -24.968134 -11.176469 -4.431008 -18.270573 -20.733747 365.690440 -72.044068 721.211581 16.391815 56.994160 34.459306 -20.270905 -5.146970 -46.720003
0.340374 0.023226 0.468085 -7.595243 50.954732 23.438734 0.000000 0.000000 -0.000000 0.000000 0.000000 -0.000000 0.000000 0.000000 -0.000000 -7.127252 -36.652478 -21.000124 -0.000000 0.000000 -0.000000 -88.280647 -23.049161 -15.159686 -11.591272 -1.237385 10.073776 -3.005608 -14.594683 20.099293 52.700736 -45.411198 -79.983490 58.854261 -66.018055 -11.225664 -82.210898 -29.558473 -10.613825 -364.864523 -10.980115 -341.451451 51.347054 5.829631 12.092796 -3.966555 -17.569966 -20.234471 6.255407 -73.206193 367.727409 -7.966604 63.848832 15.355112 2.641538 -25.032654 -11.132696 -4.373175 -18.130811 -20.427721 365.815189 -72.086401 721.287436 16.376413 56.755549 34.597430 -20.141412 -4.937135 -46.777855
0.340493 0.023251 0.468252 -7.479390 50.867096 22.945017 0.000000 0.000000 -0.000000 0.000000 0.000000 -0.000000 0.000000 0.000000 -0.000000 -6.686354 -36.517032 -20.374157 -0.000000 0.000000 0.000000 -88.360266 -23.232861 -15.217682 -10.915064 -2.252941 10.883160 -2.676666 -14.584134 20.181399 50.993430 -45.115262 -81.494877 58.685448 -66.139707 -12.582349 -77.674567 -31.691922 -3.462754 -361.514359 -6.407285 -345.429791 42.938583 5.454562 13.812210 -3.910790 -17.406772 -19.834052 6.402735 -73.281905 367.777942 -8.221129 63.877494 15.540637 2.740141 -25.072546 -11.063005 -4.311248 -17.999973 -20.022252 365.923994 -72.101720 721.367302 16.459046 56.456735 34.676413 -20.017769 -4.653683 -46.841134
0.340603 0.023272 0.468393 -7.378806 50.805899 22.525014 0.000000 -0.000000 0.000000 0.000000 -0.000000 0.000000 0.000000 -0.000000 0.000000 -6.327066 -36.517751 -19.844176 -0.000000 -0.000000 -0.000000 -88.436244 -23.399703 -15.269472 -10.339436 -3.171828 11.672070 -2.677061 -14.352342 20.107438 49.915138 -45.005289 -82.529988 58.604413 -66.228805 -13.635075 -74.902611 -33.210617 1.631720 -359.245236 -4.132340 -347.910423 38.147364 4.891090 14.082900 -3.868306 -17.293602 -19.492705 6.504834 -73.323339 367.809952 -8.368594 63.878294 15.622565 2.808339 -25.084429 -10.992896 -4.271040 -17.912667 -19.681297 366.012286 -72.099458 721.442750 16.621639 56.129897 34.722853 -19.912352 -4.316819 -46.926062
0.340702 0.023274 0.468508 -7.353427 50.806416 22.377996 0.000000 0.000000 -0.000000 0.000000 0.000000 -0.000000 0.000000 0.000000 -0.000000 -6.155075 -36.783492 -19.608129 0.000000 0.000000 0.000000 -88.480345 -23.482443 -15.289625 -10.113393 -3.668367 12.174597 -2.981749 -14.083756 20.032944 49.671578 -45.203010 -83.016562 59.129061 -66.295926 -13.695104 -74.901306 -34.083747 2.961263 -358.585900 -3.823665 -348.085405 37.503634 4.556761 13.368485 -3.854254 -17.279957 -19.366535 6.528502 -73.306612 367.820709 -8.307210 63.851286 15.546168 2.795283 -25.075428 -10.973518 -4.273949 -17.903216 -19.565163 366.070787 -72.081038 721.503636 16.868445 55.793969 34.743391 -19.843082 -3.934849 -47.042351
0.340787 0.023246 0.468596 -7.424569 50.872112 22.584505 0.000000 0.000000 0.000000 0.000000 0.000000 0.000000 0.000000 0.000000 0.000000 -6.198868 -37.300930 -19.741114 0.000000 0.000000 0.000000 -88.479967 -23.428032 -15.279462 -10.346262 -3.596502 12.246904 -3.416219 -14.029372 20.151055 50.096787 -45.685734 -83.114420 60.635833 -66.305696 -12.308743 -77.825581 -34.102001 -0.080273 -360.054463 -5.514878 -345.853116 41.266824 4.548262 12.040899 -3.876781 -17.365278 -19.523263 6.479100 -73.239114 367.813850 -8.006563 63.811330 15.315651 2.669370 -25.056520 -11.038539 -4.326686 -17.969097 -19.740627 366.100101 -72.050791 721.545736 17.213917 55.454449 34.738281 -19.824313 -3.502145 -47.196772
0.340859 0.023187 0.468666 -7.567407 50.966713 23.070315 0.000000 -0.000000 -0.000000 0.000000 -0.000000 -0.000000 0.000000 -0.000000 -0.000000 -6.372151 -37.925151 -20.144308 0.000000 -0.000000 0.000000 -88.444757 -23.216219 -15.265071 -10.911832 -3.115786 12.005462 -3.814839 -14.278557 20.502773 50.812947 -46.323253 -83.080178 62.764751 -66.232112 -9.897958 -82.452688 -33.001193 -6.222191 -363.900911 -9.743305 -341.947881 49.218263 4.590783 10.002802 -3.929133 -17.496684 -19.909083 6.392731 -73.152063 367.798357 -7.529533 63.777528 14.992829 2.442760 -25.036602 -11.183860 -4.416249 -18.060015 -20.150225 366.118612 -72.026223 721.570719 17.614801 55.171299 34.733343 -19.870784 -3.073619 -47.393251
0.340923 0.023102 0.468727 -7.735607 51.033925 23.673517 -0.000000 0.000000 -0.000000 -0.000000 0.000000 -0.000000 -0.000000 0.000000 -0.000000 -6.505853 -38.465137 -20.606863 0.000000 -0.000000 -0.000000 -88.396511 -22.871686 -15.262223 -11.547336 -2.617306 11.782769 -4.117994 -14.621653 20.862152 51.500818 -46.959361 -83.073511 64.793822 -66.096880 -7.371866 -86.948084 -30.976788 -13.111912 -369.384785 -16.623283 -337.757455 59.890047 4.102312 7.115070 -3.989807 -17.598300 -20.396957 6.316332 -73.081112 367.784696 -6.979525 63.769202 14.664133 2.148296 -25.026085 -11.390199 -4.511650 -18.106833 -20.661185 366.149290 -72.029251 721.580806 17.960580 55.053690 34.793417 -19.990501 -2.764688 -47.641076
0.340977 0.023001 0.468791 -7.891619 51.032538 24.245534 -0.000000 -0.000000 -0.000000 -0.000000 -0.000000 -0.000000 -0.000000 -0.000000 -0.000000 -6.451525 -38.764279 -20.939187 -0.000000 -0.000000 0.000000 -88.359583 -22.435495 -15.278976 -12.005737 -2.534829 11.955131 -4.386810 -14.643241 20.840695 52.071937 -47.482272 -83.061869 66.320394 -65.947665 -5.363986 -90.056713 -28.668305 -18.967776 -374.559601 -24.341793 -334.632364 69.927088 3.021808 4.320393 -4.033568 -17.614672 -20.865224 6.284189 -73.050655 367.778340 -6.457717 63.804364 14.409654 1.821855 -25.041036 -11.636444 -4.579679 -18.062894 -21.146683 366.206328 -72.074374 721.578134 18.143422 55.162148 34.998386 -20.164826 -2.649968 -47.957365
0.341016 0.022893 0.468862 -8.023527 50.959789 24.719872 0.000000 -0.000000 -0.000000 0.000000 -0.000000 -0.000000 0.000000 -0.000000 -0.000000 -6.171669 -38.764295 -21.075991 0.000000 0.000000 0.000000 -88.352905 -21.924296 -15.342254 -12.119460 -3.149699 12.753986 -4.778411 -13.962443 20.150019 52.668855 -47.875417 -82.882411 67.251330 -65.862066 -4.160418 -91.334546 -26.779515 -22.932848 -377.784216 -29.739569 -333.248985 75.904722 2.498380 3.198447 -4.046994 -17.539682 -21.254682 6.303420 -73.065507 367.778031 -6.056225 63.889662 14.281312 1.512319 -25.095437 -11.885985 -4.604510 -17.922516 -21.546181 366.295167 -72.170241 721.566318 18.101610 55.474189 35.402765 -20.351958 -2.725892 -48.347044
0.341032 0.022786 0.468942 -8.145707 50.844519 25.124122 -0.000000 0.000000 0.000000 -0.000000 0.000000 0.000000 -0.000000 0.000000 0.000000 -5.733970 -38.527510 -21.077877 -0.000000 0.000000 0.000000 -88.381944 -21.338141 -15.471626 -11.824124 -4.450989 14.150324 -5.452240 -12.418080 18.776132 53.561342 -48.208003 -82.335554 67.551214 -65.950107 -3.900049 -91.015562 -25.713014 -24.916871 -378.849446 -31.342084 -333.355014 77.204404 3.345729 4.179380 -4.034628 -17.409092 -21.582059 6.359999 -73.113426 367.780268 -5.839841 64.014458 14.292881 1.272635 -25.191102 -12.093525 -4.590142 -17.711350 -21.877085 366.413197 -72.321897 721.548437 17.805675 55.953364 36.004216 -20.521158 -2.982521 -48.779994
0.341016 0.022685 0.469030 -8.283545 50.720592 25.532135 0.000000 -0.000000 -0.000000 0.000000 -0.000000 -0.000000 0.000000 -0.000000 -0.000000 -5.234019 -38.174151 -21.050433 0.000000 0.000000 0.000000 -88.444981 -20.716295 -15.609888 -11.199183 -6.112694 15.851840 -6.411197 -10.152350 16.967336 54.936715 -48.545379 -81.294178 67.256250 -66.271052 -4.524480 -89.784684 -25.402106 -25.436563 -378.395385 -30.191208 -334.197089 75.488190 4.998920 6.447583 -4.007797 -17.268295 -21.902490 6.431044 -73.177054 367.779681 -5.809696 64.161668 14.426554 1.119752 -25.319390 -12.243550 -4.546313 -17.464553 -22.194744 366.547072 -72.522468 721.527010 17.268722 56.572395 36.728291 -20.671783 -3.425542 -49.192163
0.340962 0.022592 0.469131 -8.452297 50.606764 25.996401 -0.000000 -0.000000 -0.000000 -0.000000 -0.000000 -0.000000 -0.000000 -0.000000 -0.000000 -4.741376 -37.799465 -21.069017 0.000000 -0.000000 0.000000 -88.550413 -20.158222 -15.616124 -10.442946 -7.671312 17.439918 -7.450724 -7.593070 15.101919 56.649744 -48.878344 -79.886512 66.492939 -66.780121 -5.779644 -88.461784 -25.554044 -25.175522 -377.265674 -27.974429 -335.282178 72.670159 6.602877 8.967635 -3.969023 -17.147006 -22.253508 6.487194 -73.242793 367.764406 -5.895605 64.317825 14.643240 1.017521 -25.466926 -12.365975 -4.480081 -17.206751 -22.540074 366.682242 -72.749997 721.509830 16.581215 57.257639 37.440535 -20.811579 -4.011529 -49.507406
0.340868 0.022508 0.469248 -8.651120 50.505047 26.525467 0.000000 0.000000 0.000000 0.000000 0.000000 0.000000 0.000000 0.000000 0.000000 -4.294148 -37.469028 -21.160859 0.000000 -0.000000 0.000000 -88.714511 -19.756800 -15.364470 -9.738853 -8.810819 18.602437 -8.321095 -5.262355 13.518943 58.227836 -49.170891 -78.564643 65.329919 -67.388612 -7.444252 -87.762958 -25.949144 -24.626703 -375.990108 -25.769583 -336.347160 70.276313 7.692679 10.913426 -3.909427 -17.054822 -22.636652 6.495913 -73.301939 367.718613 -5.989365 64.469636 14.884157 0.905823 -25.615260 -12.505942 -4.399522 -16.944894 -22.924857 366.819813 -72.979518 721.511100 15.873003 57.892599 38.011348 -20.930590 -4.641019 -49.669885
0.340738 0.022434 0.469384 -8.876863 50.407790 27.116777 -0.000000 0.000000 0.000000 -0.000000 0.000000 0.000000 -0.000000 0.000000 0.000000 -3.900576 -37.243973 -21.325681 0.000000 0.000000 0.000000 -88.937430 -19.511542 -14.845540 -9.153023 -9.495077 19.279654 -8.914971 -3.481511 12.379960 59.257419 -49.431728 -77.784506 63.719262 -68.030485 -9.454621 -88.012497 -26.479715 -24.025878 -374.762088 -24.171219 -337.009561 69.140440 8.016007 11.611897 -3.817274 -16.986615 -23.045391 6.436584 -73.352630 367.632598 -5.991057 64.603676 15.082367 0.736179 -25.743361 -12.691202 -4.314276 -16.677363 -23.354643 366.973676 -73.191916 721.541940 15.216226 58.403851 38.405001 -21.011452 -5.238971 -49.679677
0.340578 0.022370 0.469544 -9.132946 50.303415 27.782635 0.000000 -0.000000 0.000000 0.000000 -0.000000 0.000000 0.000000 -0.000000 0.000000 -3.545966 -37.145387 -21.560889 -0.000000 -0.000000 -0.000000 -89.191198 -19.328052 -14.161307 -8.673158 -9.865241 19.601944 -9.281612 -2.231603 11.624734 59.743321 -49.688856 -77.577965 61.607042 -68.671083 -11.820861 -89.020773 -27.068639 -23.428810 -373.669797 -23.474402 -336.921751 69.352631 7.466997 10.776662 -3.686109 -16.928756 -23.488527 6.310463 -73.401212 367.506897 -5.846692 64.713649 15.194698 0.485860 -25.836598 -12.928176 -4.228860 -16.406020 -23.843173 367.148020 -73.370435 721.601320 14.622302 58.795295 38.687871 -21.061968 -5.779985 -49.608536
0.340402 0.022325 0.469732 -9.416109 50.182742 28.523712 0.000000 -0.000000 -0.000000 0.000000 -0.000000 -0.000000 0.000000 -0.000000 -0.000000 -3.219214 -37.111753 -21.866086 0.000000 -0.000000 0.000000 -89.429545 -19.100945 -13.451257 -8.293603 -10.065406 19.725620 -9.533371 -1.300603 11.084034 60.038653 -49.949007 -77.577151 58.962631 -69.293882 -14.598230 -90.322625 -27.685775 -22.751316 -372.772534 -23.583118 -336.135862 70.468928 6.168181 8.724340 -3.520171 -16.867965 -23.972917 6.134169 -73.454197 367.349471 -5.563731 64.798566 15.219264 0.163071 -25.889781 -13.206293 -4.141013 -16.136620 -24.391842 367.327823 -73.504683 721.676594 14.155200 59.098443 38.930417 -21.134030 -6.220639 -49.574440
0.340225 0.022308 0.469954 -9.703625 50.045063 29.295965 0.000000 -0.000000 0.000000 0.000000 -0.000000 0.000000 0.000000 -0.000000 0.000000 -2.927423 -37.037719 -22.227112 0.000000 -0.000000 -0.000000 -89.605874 -18.773734 -12.846365 -8.029613 -10.163821 19.735640 -9.778758 -0.522821 10.656179 60.517206 -50.206857 -77.380340 55.690588 -69.880173 -17.938971 -91.432367 -28.370777 -21.825122 -372.170337 -24.148999 -335.066800 71.949435 4.429522 6.099342 -3.337349 -16.797946 -24.478696 5.933763 -73.510480 367.175876 -5.202112 64.856705 15.182886 -0.191246 -25.904241 -13.495264 -4.046926 -15.871866 -24.967492 367.492690 -73.604831 721.749766 13.989866 59.333021 39.115698 -21.311781 -6.462752 -49.682600
0.340064 0.022328 0.470215 -9.966258 49.898110 30.031240 -0.000000 0.000000 0.000000 -0.000000 0.000000 0.000000 -0.000000 0.000000 0.000000 -2.679905 -36.855795 -22.610334 -0.000000 -0.000000 0.000000 -89.692645 -18.330936 -12.450903 -7.880037 -10.184405 19.659421 -10.091876 0.156078 10.333913 61.380036 -50.446693 -76.758289 51.700029 -70.385416 -21.971587 -91.899686 -29.117909 -20.566715 -372.006064 -24.827011 -334.171932 73.382472 2.667340 3.578195 -3.163649 -16.716965 -24.969704 5.746755 -73.568510 367.008724 -4.857089 64.890690 15.132147 -0.516541 -25.889056 -13.751196 -3.943680 -15.612814 -25.517170 367.628376 -73.696475 721.805827 14.307088 59.501178 39.149628 -21.656446 -6.412499 -49.961664
0.339937 0.022393 0.470514 -10.189236 49.756347 30.680515 0.000000 -0.000000 -0.000000 0.000000 -0.000000 -0.000000 0.000000 -0.000000 -0.000000 -2.479968 -36.583345 -22.979867 -0.000000 0.000000 0.000000 -89.691713 -17.799058 -12.298817 -7.817886 -10.145499 19.514741 -10.486248 0.782564 10.079643 62.669755 -50.621833 -75.611082 47.137145 -70.749510 -26.556711 -91.401324 -29.783406 -19.097751 -372.349175 -25.375701 -333.741105 74.484636 1.331828 1.750798 -3.021230 -16.625771 -25.417939 5.614131 -73.635184 366.869529 -4.635609 64.912583 15.129366 -0.755402 -25.862580 -13.934001 -3.830670 -15.372193 -25.998770 367.722524 -73.790831 721.841849 15.124562 59.569295 38.945984 -22.131096 -6.059162 -50.331934
0.339855 0.022506 0.470846 -10.371050 49.641585 31.216479 0.000000 -0.000000 0.000000 0.000000 -0.000000 0.000000 0.000000 -0.000000 0.000000 -2.341355 -36.315568 -23.309800 0.000000 0.000000 -0.000000 -89.627215 -17.274626 -12.323573 -7.818126 -10.046614 19.314175 -10.908061 1.437684 9.781474 64.301573 -50.657155 -73.939129 42.421165 -70.941158 -31.276081 -89.968033 -30.211785 -17.649426 -373.074001 -25.742853 -333.736931 75.159371 0.625824 0.812480 -2.921726 -16.532663 -25.801762 5.558952 -73.718749 366.770387 -4.603259 64.940152 15.217178 -0.879057 -25.849652 -14.024267 -3.715420 -15.181630 -26.385841 367.760299 -73.867906 721.868114 16.247809 59.469986 38.494153 -22.597651 -5.493212 -50.641706
0.339828 0.022655 0.471195 -10.506319 49.573726 31.610512 -0.000000 -0.000000 -0.000000 -0.000000 -0.000000 -0.000000 -0.000000 -0.000000 -0.000000 -2.288336 -36.163976 -23.577952 -0.000000 -0.000000 0.000000 -89.530481 -16.881301 -12.417036 -7.869214 -9.859711 19.044627 -11.275111 2.137868 9.369860 66.063296 -50.495654 -71.904091 38.016854 -70.974629 -35.672959 -88.039599 -30.405785 -16.396436 -373.853876 -26.120072 -333.732562 75.515316 0.269121 0.347081 -2.867246 -16.449097 -26.093747 5.576706 -73.821299 366.711209 -4.712993 65.000108 15.374055 -0.924960 -25.878143 -14.047123 -3.616006 -15.072860 -26.657295 367.733788 -73.893129 721.898446 17.368466 59.165801 37.870194 -22.908371 -4.872811 -50.755327
0.339853 0.022828 0.471542 -10.580912 49.553046 31.835128 0.000000 -0.000000 0.000000 0.000000 -0.000000 0.000000 0.000000 -0.000000 0.000000 -2.324832 -36.170672 -23.762256 0.000000 -0.000000 -0.000000 -89.427379 -16.670102 -12.519638 -7.963997 -9.544519 18.654985 -11.539779 2.767813 8.908237 67.724265 -50.140229 -69.764732 34.314056 -70.888511 -39.360076 -86.099590 -30.449353 -15.423310 -374.386547 -26.694282 -333.316437 75.668557 -0.114120 -0.146759 -2.851524 -16.373822 -26.269996 5.647771 -73.946788 366.678759 -4.792289 65.132359 15.522039 -1.015366 -25.969410 -14.088872 -3.551194 -15.050852 -26.801736 367.650404 -73.840008 721.941416 18.193888 58.701508 37.208479 -22.985002 -4.373376 -50.621800
0.339925 0.023014 0.471867 -10.589345 49.562169 31.888579 0.000000 -0.000000 -0.000000 0.000000 -0.000000 -0.000000 0.000000 -0.000000 -0.000000 -2.416433 -36.283063 -23.848164 0.000000 -0.000000 0.000000 -89.330995 -16.611165 -12.625326 -8.106201 -9.040001 18.051663 -11.711426 3.153740 8.536402 69.182156 -49.636090 -67.689922 31.633584 -70.735932 -42.005247 -84.112707 -30.283341 -14.756117 -374.699131 -27.236928 -332.730846 75.419889 -0.282225 -0.364629 -2.860748 -16.296979 -26.326428 5.752169 -74.103966 366.652104 -4.651857 65.366132 15.585420 -1.287494 -26.121444 -14.251857 -3.526212 -15.098663 -26.825929 367.524566 -73.697043 721.998243 18.562279 58.179255 36.640849 -22.835167 -4.119140 -50.287854
0.340031 0.023200 0.472157 -10.553439 49.589470 31.806943 0.000000 -0.000000 0.000000 0.000000 -0.000000 0.000000 0.000000 -0.000000 0.000000 -2.514679 -36.414911 -23.838805 -0.000000 0.000000 0.000000 -89.240268 -16.670144 -12.733912 -8.306707 -8.277828 17.144995 -11.819755 3.147603 8.390859 70.393537 -49.046107 -65.789521 30.071693 -70.572275 -43.492006 -81.366011 -29.663932 -14.336141 -375.202384 -27.143283 -332.873662 74.219654 0.631317 0.834021 -2.878287 -16.226088 -26.279519 5.871368 -74.290474 366.616441 -4.237757 65.686283 15.544237 -1.773923 -26.306010 -14.568727 -3.529971 -15.203051 -26.751896 367.371914 -73.474786 722.062826 18.524765 57.701676 36.228348 -22.545858 -4.118152 -49.867837
0.340160 0.023364 0.472398 -10.514533 49.637004 31.652634 -0.000000 0.000000 -0.000000 -0.000000 0.000000 -0.000000 -0.000000 0.000000 -0.000000 -2.595168 -36.512268 -23.763469 -0.000000 -0.000000 -0.000000 -89.143988 -16.816956 -12.856679 -8.545202 -7.275954 15.957694 -11.882233 2.634896 8.604293 71.200274 -48.479698 -64.331377 29.363486 -70.424468 -44.064356 -76.947317 -28.359949 -13.999457 -376.294734 -25.894738 -334.588588 71.313101 3.282133 4.573638 -2.891249 -16.188515 -26.160559 5.986997 -74.484555 366.570458 -3.674526 66.038176 15.452129 -2.372953 -26.488812 -14.980755 -3.545803 -15.354713 -26.613495 367.219109 -73.215720 722.124028 18.295562 57.336565 35.952828 -22.246358 -4.267413 -49.484984
0.340297 0.023480 0.472571 -10.505556 49.706055 31.489407 0.000000 0.000000 0.000000 0.000000 0.000000 0.000000 0.000000 0.000000 0.000000 -2.671495 -36.571160 -23.673961 -0.000000 0.000000 -0.000000 -89.027628 -16.984276 -13.040767 -8.769199 -6.194292 14.672342 -11.896351 1.570241 9.272605 71.384983 -48.085713 -63.681342 29.069134 -70.289119 -44.150222 -70.504177 -26.360174 -13.571641 -377.750562 -23.169411 -338.263066 65.780231 7.455227 11.505857 -2.894221 -16.202894 -26.009925 6.086154 -74.660211 366.520781 -3.182762 66.362557 15.416802 -2.926265 -26.648226 -15.390881 -3.561274 -15.537321 -26.451550 367.092850 -72.973895 722.169577 18.079667 57.095765 35.771401 -22.027675 -4.434402 -49.212172
0.340424 0.023524 0.472652 -10.540352 49.793123 31.360908 0.000000 0.000000 -0.000000 0.000000 0.000000 -0.000000 0.000000 0.000000 -0.000000 -2.771848 -36.633518 -23.616040 -0.000000 0.000000 -0.000000 -88.878486 -17.106208 -13.329726 -8.962045 -5.232203 13.529548 -11.819704 0.055905 10.341585 70.868529 -47.943130 -63.999764 28.883776 -70.163848 -44.065736 -62.378936 -23.822155 -13.009440 -378.551907 -18.922505 -343.733722 56.655153 11.882362 21.853035 -2.886309 -16.268301 -25.861698 6.163914 -74.801399 366.475645 -2.976303 66.617247 15.548113 -3.292185 -26.778463 -15.705701 -3.565778 -15.749415 -26.294991 366.979660 -72.766290 722.187287 17.950676 56.927122 35.655982 -21.886871 -4.536862 -49.049857
0.340517 0.023482 0.472623 -10.622453 49.898626 31.278472 -0.000000 0.000000 -0.000000 -0.000000 0.000000 -0.000000 -0.000000 0.000000 -0.000000 -2.899118 -36.764464 -23.592777 -0.000000 0.000000 -0.000000 -88.693756 -17.191982 -13.706721 -9.172809 -4.487741 12.682630 -11.581707 -1.659242 11.579898 69.786487 -47.988562 -65.092795 28.786549 -70.067479 -43.877356 -53.201823 -20.932565 -12.433067 -377.484246 -13.819235 -350.079698 43.683241 14.313572 34.788439 -2.863591 -16.380461 -25.722835 6.214234 -74.898269 366.441386 -3.197877 66.779931 15.905987 -3.372541 -26.888754 -15.847167 -3.546566 -16.023275 -26.141976 366.821634 -72.557884 722.166592 17.866136 56.746316 35.582641 -21.752134 -4.566294 -48.940580
0.340558 0.023357 0.472474 -10.733724 50.019904 31.202550 -0.000000 0.000000 -0.000000 -0.000000 0.000000 -0.000000 -0.000000 0.000000 -0.000000 -3.015248 -36.994223 -23.549624 0.000000 0.000000 0.000000 -88.496054 -17.308768 -14.101509 -9.442578 -3.954282 12.151622 -11.173665 -3.265323 12.699957 68.462479 -48.082728 -66.500757 29.114762 -70.032129 -43.318819 -43.720062 -17.917219 -12.047144 -374.282588 -9.113870 -355.885230 28.667851 12.864221 47.612931 -2.820027 -16.529717 -25.562378 6.224169 -74.941007 366.418492 -3.864313 66.851452 16.470389 -3.142066 -27.000721 -15.778611 -3.494523 -16.386050 -25.955828 366.565792 -72.305522 722.101614 17.764666 56.505162 35.498145 -21.563455 -4.566133 -48.800005
0.340531 0.023174 0.472213 -10.807535 50.136543 31.025025 0.000000 0.000000 0.000000 0.000000 0.000000 0.000000 0.000000 0.000000 0.000000 -3.060857 -37.273569 -23.386278 0.000000 0.000000 -0.000000 -88.337550 -17.515454 -14.435756 -9.728801 -3.606301 11.873356 -10.706006 -4.483654 13.483850 67.310551 -48.113854 -67.684608 30.574317 -70.073193 -41.748969 -34.705603 -15.064699 -11.989577 -369.928528 -5.601771 -360.155319 14.370538 7.906277 57.459188 -2.763138 -16.677406 -25.318470 6.192593 -74.924475 366.407076 -4.838027 66.857493 17.137781 -2.671662 -27.137169 -15.528056 -3.407136 -16.814018 -25.667211 366.188141 -71.998811 721.986587 17.631338 56.234276 35.319675 -21.325940 -4.602655 -48.554626
0.340421 0.022962 0.471855 -10.753061 50.220985 30.611709 0.000000 -0.000000 0.000000 0.000000 -0.000000 0.000000 0.000000 -0.000000 0.000000 -2.981593 -37.511873 -22.995686 -0.000000 -0.000000 0.000000 -88.273663 -17.845347 -14.653818 -9.935901 -3.430174 11.761408 -10.319589 -5.160815 13.837798 66.625091 -48.030626 -68.271396 33.964369 -70.145859 -38.399893 -26.613797 -12.595647 -12.153057 -365.616363 -3.230671 -362.830148 1.985951 1.230509 63.562117 -2.718949 -16.765563 -24.928273 6.148142 -74.854702 366.416363 -5.908929 66.833436 17.774604 -2.082936 -27.308652 -15.160638 -3.277847 -17.259145 -25.193753 365.665379 -71.647940 721.806275 17.475555 56.006498 34.995970 -21.083346 -4.735950 -48.177645
0.340209 0.022745 0.471415 -10.537979 50.265991 29.913240 -0.000000 0.000000 -0.000000 -0.000000 0.000000 -0.000000 -0.000000 0.000000 -0.000000 -2.747673 -37.671786 -22.330649 -0.000000 0.000000 0.000000 -88.328625 -18.299672 -14.751982 -9.993332 -3.410549 11.746721 -10.055349 -5.338494 13.806260 66.388301 -47.825555 -68.254610 39.691638 -70.121172 -32.875831 -19.466603 -10.516834 -12.129417 -362.088774 -1.732518 -364.402143 -8.700279 -5.707569 66.473835 -2.706024 -16.768768 -24.373385 6.125315 -74.747428 366.454694 -6.936969 66.798906 18.305307 -1.464875 -27.505912 -14.730031 -3.088419 -17.708941 -24.495423 364.972176 -71.260001 721.541097 17.290192 55.865566 34.563286 -20.861805 -4.982069 -47.700811
0.339867 0.022528 0.470901 -10.224288 50.289343 29.022888 0.000000 0.000000 0.000000 0.000000 0.000000 0.000000 0.000000 0.000000 0.000000 -2.372440 -37.809864 -21.449137 0.000000 0.000000 0.000000 -88.489315 -18.804002 -14.808433 -9.865031 -3.560949 11.816955 -9.861455 -5.212285 13.548261 66.318734 -47.533498 -67.958566 47.471498 -69.823243 -25.479897 -13.517810 -8.762402 -11.487889 -359.506680 -0.909389 -365.445287 -17.982409 -11.939983 66.922670 -2.711296 -16.720712 -23.701262 6.120511 -74.618321 366.507552 -7.871980 66.748645 18.724346 -0.859123 -27.699346 -14.273992 -2.820001 -18.184239 -23.618508 364.122613 -70.852813 721.183088 17.053728 55.812554 34.126219 -20.659273 -5.301927 -47.190590
0.339371 0.022308 0.470315 -9.891013 50.308344 28.094658 0.000000 0.000000 -0.000000 0.000000 0.000000 -0.000000 0.000000 0.000000 -0.000000 -1.917912 -38.003633 -20.483213 0.000000 -0.000000 0.000000 -88.717375 -19.206927 -14.954613 -9.530298 -3.946975 12.029402 -9.694601 -5.004328 13.265732 66.109558 -47.229072 -67.787100 56.417719 -69.104846 -17.101335 -9.324911 -7.342209 -10.133943 -357.682177 -0.648025 -366.489174 -25.731751 -16.845432 65.910006 -2.710998 -16.674450 -22.999259 6.086241 -74.472819 366.536815 -8.645258 66.671970 19.018355 -0.316947 -27.852115 -13.842596 -2.477496 -18.685317 -22.671575 363.173264 -70.466116 720.734123 16.749138 55.830327 33.802419 -20.466347 -5.625420 -46.715438
0.338693 0.022085 0.469652 -9.544210 50.321435 27.228860 -0.000000 -0.000000 -0.000000 -0.000000 -0.000000 -0.000000 -0.000000 -0.000000 -0.000000 -1.474659 -38.249839 -19.567924 0.000000 -0.000000 -0.000000 -88.946488 -19.377930 -15.281960 -9.035024 -4.598275 12.451060 -9.547120 -4.885492 13.124681 65.604132 -46.984025 -67.990361 65.438309 -67.905278 -8.763758 -7.062654 -6.305928 -8.348609 -356.428161 -0.933261 -367.881244 -31.715661 -20.362642 64.604423 -2.709334 -16.654439 -22.352893 5.961552 -74.308976 366.497842 -9.159322 66.579945 19.157781 0.085357 -27.947907 -13.498907 -2.109679 -19.173626 -21.770078 362.184724 -70.131152 720.194191 16.365672 55.873209 33.688666 -20.266759 -5.869706 -46.321838
0.337801 0.021872 0.468899 -9.145564 50.326932 26.471149 -0.000000 0.000000 0.000000 -0.000000 0.000000 0.000000 -0.000000 0.000000 0.000000 -1.131715 -38.461178 -18.811430 0.000000 0.000000 -0.000000 -89.083738 -19.297534 -15.794106 -8.531586 -5.415102 13.078401 -9.411992 -4.963551 13.213333 64.815403 -46.828265 -68.599380 73.668805 -66.276096 -1.195904 -6.228595 -5.620755 -6.545402 -355.762584 -1.741066 -369.544612 -36.040696 -22.827331 63.646136 -2.727643 -16.677673 -21.824526 5.682906 -74.125599 366.342526 -9.419808 66.502923 19.195493 0.305824 -28.001023 -13.289018 -1.796651 -19.611845 -21.013471 361.214753 -69.854918 719.564859 15.890524 55.870823 33.842410 -20.033389 -5.960676 -46.018216
0.336651 0.021689 0.468027 -8.712926 50.351484 25.891848 0.000000 0.000000 0.000000 0.000000 0.000000 0.000000 0.000000 0.000000 0.000000 -0.958660 -38.553319 -18.312926 -0.000000 0.000000 0.000000 -89.048274 -19.023833 -16.461650 -8.186303 -6.232580 13.836335 -9.297503 -5.251517 13.533614 63.881176 -46.757176 -69.476085 80.675962 -64.386059 5.293786 -6.060957 -5.153695 -5.021550 -355.717213 -2.856178 -371.030724 -39.229424 -24.578108 62.871173 -2.753967 -16.816365 -21.452988 5.161067 -73.904730 366.013411 -9.549659 66.451062 19.257919 0.373681 -28.024951 -13.221906 -1.597892 -20.007105 -20.485738 360.319667 -69.648009 718.855083 15.321370 55.796560 34.260423 -19.757290 -5.877648 -45.784055
0.335199 0.021563 0.466999 -8.334782 50.436808 25.601769 -0.000000 0.000000 0.000000 -0.000000 0.000000 0.000000 -0.000000 0.000000 0.000000 -0.985589 -38.508970 -18.156057 -0.000000 0.000000 -0.000000 -88.810773 -18.596307 -17.277570 -8.063382 -6.945066 14.637935 -9.253782 -5.643319 14.001846 63.025597 -46.747014 -70.361235 86.408498 -62.477051 10.710200 -6.059570 -4.798561 -3.891633 -356.048486 -3.908420 -371.940847 -41.925164 -25.841315 61.826535 -2.733654 -17.196456 -21.259281 4.283339 -73.583654 365.462369 -9.631517 66.392988 19.385628 0.355592 -28.007690 -13.264048 -1.511293 -20.404694 -20.243540 359.514567 -69.528473 718.077110 14.696807 55.698472 34.874151 -19.474718 -5.665543 -45.603386
0.333420 0.021512 0.465791 -8.082682 50.590019 25.685243 0.000000 -0.000000 0.000000 0.000000 -0.000000 0.000000 0.000000 -0.000000 0.000000 -1.168971 -38.381501 -18.356915 0.000000 0.000000 0.000000 -88.391895 -17.997455 -18.229723 -8.141170 -7.527983 15.422895 -9.317970 -5.971564 14.455166 62.495420 -46.746281 -70.922607 91.042021 -60.752178 15.230520 -6.111247 -4.573584 -3.186231 -356.415447 -4.638335 -372.214458 -44.469713 -26.757505 60.381810 -2.629323 -17.884199 -21.263015 3.022162 -73.119024 364.689187 -9.731077 66.302925 19.566453 0.325780 -27.933127 -13.334964 -1.502383 -20.824449 -20.313878 358.773985 -69.498215 717.248480 14.095731 55.648187 35.584912 -19.252945 -5.390662 -45.482321
0.331334 0.021537 0.464406 -7.961412 50.764797 26.162144 0.000000 0.000000 -0.000000 0.000000 0.000000 -0.000000 0.000000 0.000000 -0.000000 -1.386044 -38.289247 -18.841266 -0.000000 -0.000000 0.000000 -87.848311 -17.176440 -19.257057 -8.376834 -8.011358 16.175854 -9.435252 -6.104453 14.696813 62.416018 -46.680534 -70.921882 94.808760 -59.304744 19.070380 -6.334041 -4.589358 -2.924145 -356.728124 -5.019268 -372.010589 -46.732240 -27.349027 58.772276 -2.487083 -18.741725 -21.517921 1.594445 -72.680136 363.725577 -10.181615 66.222095 20.086157 0.353385 -27.779696 -13.351186 -1.574250 -21.209233 -20.724654 358.120020 -69.554604 716.397062 13.572516 55.708738 36.334649 -19.154567 -5.107635 -45.436032
0.329011 0.021632 0.462883 -7.945296 50.901678 27.015949 -0.000000 -0.000000 0.000000 -0.000000 -0.000000 0.000000 -0.000000 -0.000000 0.000000 -1.494066 -38.404825 -19.493206 -0.000000 0.000000 0.000000 -87.269875 -16.090166 -20.255901 -8.702238 -8.465587 16.926975 -9.480392 -5.996272 14.592992 62.672680 -46.499539 -70.414117 97.886998 -58.178836 22.380109 -6.837263 -4.907958 -3.067728 -357.177785 -5.219647 -371.576559 -48.299026 -27.576881 57.388242 -2.431576 -19.401206 -22.129587 0.427274 -72.750885 362.532142 -11.509668 66.229572 21.609843 0.385220 -27.446593 -13.371748 -1.783008 -21.475912 -21.518813 357.652399 -69.687001 715.562115 13.093701 55.924435 37.129619 -19.201003 -4.871382 -45.457226
0.326557 0.021798 0.461297 -8.010252 50.973273 28.212309 -0.000000 -0.000000 -0.000000 -0.000000 -0.000000 -0.000000 -0.000000 -0.000000 -0.000000 -1.408537 -38.896654 -20.213837 -0.000000 0.000000 -0.000000 -86.756853 -14.750116 -21.109969 -9.025529 -8.936532 17.686568 -9.367753 -5.680340 14.147212 63.015091 -46.216335 -69.684547 100.407070 -57.427855 25.249928 -7.528545 -5.431464 -3.483873 -357.932722 -5.496358 -371.232804 -48.954054 -27.530131 56.571607 -2.560439 -19.461418 -23.184662 -0.155411 -73.857112 360.969485 -13.670997 66.343671 24.486054 0.074055 -26.724282 -13.688065 -2.174049 -21.617468 -22.706525 357.435576 -69.818685 714.800456 12.549481 56.277305 37.973990 -19.344424 -4.762062 -45.490989
0.324074 0.022049 0.459734 -8.136901 50.992774 29.689688 0.000000 -0.000000 -0.000000 0.000000 -0.000000 -0.000000 0.000000 -0.000000 -0.000000 -1.145611 -39.833952 -20.950413 -0.000000 0.000000 0.000000 -86.368643 -13.247006 -21.731005 -9.297430 -9.370703 18.376558 -9.099196 -5.259646 13.490866 63.250964 -45.883293 -69.004276 102.496936 -57.076721 27.769819 -8.125494 -5.954106 -3.996845 -358.879593 -5.987185 -371.213048 -49.036507 -27.457530 56.349461 -2.824022 -18.798435 -24.633636 -0.236631 -76.088553 358.928301 -15.525345 66.508931 27.967978 -1.083259 -25.394213 -14.614361 -2.716380 -21.713091 -24.212146 357.397578 -69.831392 714.164830 11.827243 56.704488 38.811239 -19.499402 -4.886220 -45.450934
0.321635 0.022402 0.458257 -8.343986 51.004780 31.390157 -0.000000 -0.000000 0.000000 -0.000000 -0.000000 0.000000 -0.000000 -0.000000 0.000000 -0.818551 -41.139326 -21.723101 0.000000 -0.000000 0.000000 -86.097159 -11.717928 -22.106970 -9.543728 -9.658773 18.884773 -8.702775 -4.929955 12.854676 63.206178 -45.575445 -68.650149 104.281671 -57.137530 30.021089 -8.337025 -6.281040 -4.436382 -359.774688 -6.610654 -371.464529 -49.129260 -27.531601 56.380848 -3.067525 -17.661830 -26.311511 -0.287425 -79.011500 356.331385 -15.630819 66.671045 30.746182 -3.329901 -23.333166 -16.247577 -3.307104 -21.840378 -25.903589 357.391861 -69.717874 713.647152 10.840569 57.213955 39.566035 -19.612043 -5.355563 -45.249876
0.319293 0.022866 0.456914 -8.710862 51.063030 33.316507 -0.000000 0.000000 -0.000000 -0.000000 0.000000 -0.000000 -0.000000 0.000000 -0.000000 -0.571091 -42.668325 -22.619455 0.000000 0.000000 -0.000000 -85.897658 -10.264466 -22.299176 -9.798452 -9.771571 19.205812 -8.201072 -4.942300 12.532419 62.595381 -45.428397 -69.097855 105.868118 -57.726869 32.018521 -8.003431 -6.264330 -4.623812 -360.543171 -7.192204 -371.715450 -49.480060 -27.666885 56.238839 -3.235594 -16.352811 -28.130500 -0.760172 -82.107650 352.985176 -13.829461 66.864929 32.709453 -6.510121 -20.682759 -18.651400 -3.840749 -22.011279 -27.687393 357.336433 -69.639504 713.175735 9.511889 57.921325 40.233677 -19.683302 -6.242754 -44.833225
0.317105 0.023437 0.455753 -9.312189 51.182188 35.522912 -0.000000 -0.000000 0.000000 -0.000000 -0.000000 0.000000 -0.000000 -0.000000 0.000000 -0.467326 -44.349105 -23.711938 0.000000 -0.000000 -0.000000 -85.728863 -8.876033 -22.382306 -10.032516 -9.837899 19.509754 -7.638395 -5.397196 12.693078 61.174500 -45.572797 -70.801159 107.369696 -59.048277 33.734430 -7.174347 -5.830451 -4.410714 -361.221502 -7.585477 -371.739544 -49.952100 -27.652569 55.700469 -3.452309 -14.854133 -30.189167 -1.547527 -85.108324 348.826695 -12.098308 67.392064 35.948238 -10.226549 -18.139952 -22.142940 -4.278688 -22.162497 -29.569494 357.267285 -69.790510 712.690038 7.866734 58.963967 40.915349 -19.799504 -7.507853 -44.288061
0.315144 0.024106 0.454833 -10.134940 51.307424 38.040744 0.000000 -0.000000 -0.000000 0.000000 -0.000000 -0.000000 0.000000 -0.000000 -0.000000 -0.466834 -46.185508 -25.000530 0.000000 0.000000 0.000000 -85.542362 -7.435026 -22.416849 -10.194699 -10.055334 20.031230 -7.060507 -6.095316 13.169709 59.036465 -45.956884 -73.642186 108.914328 -61.198721 35.188558 -6.102796 -5.035682 -3.776494 -361.760244 -7.706174 -371.491494 -50.349002 -27.378154 54.787722 -3.830781 -12.974581 -32.621693 -0.792584 -87.801667 345.603616 -13.359248 68.568815 43.062145 -14.029850 -16.688643 -26.903888 -4.655586 -22.166037 -31.626258 357.301787 -70.265789 712.192120 6.070704 60.416440 41.815203 -20.139433 -8.989565 -43.901270
0.313471 0.024862 0.454197 -11.087070 51.352006 40.842641 -0.000000 -0.000000 -0.000000 -0.000000 -0.000000 -0.000000 -0.000000 -0.000000 -0.000000 -0.547207 -48.115156 -26.490786 0.000000 0.000000 0.000000 -85.255981 -5.830754 -22.449705 -10.333229 -10.498240 20.875483 -6.492393 -6.707724 13.583317 56.646536 -46.385051 -76.842495 110.619527 -64.078322 36.497761 -5.070832 -4.048600 -2.850713 -362.235633 -7.605726 -371.042123 -50.399916 -26.805057 53.712777 -4.323689 -10.723951 -35.429213 61.542246 -89.688077 403.709541 -19.930472 69.997159 55.474718 -17.575092 -16.771747 -32.554111 -5.022937 -21.893143 -33.930080 357.561166 -71.046420 711.718640 4.239538 62.230867 43.213197 -20.858713 -10.490397 -44.000641
0.312130 0.025698 0.453860 -12.072273 51.257473 43.893721 0.000000 0.000000 0.000000 0.000000 0.000000 0.000000 0.000000 0.000000 0.000000 -0.821004 -49.967585 -28.306655 0.000000 -0.000000 0.000000 -84.788477 -4.070307 -22.453762 -10.641934 -10.995970 21.903540 -5.981377 -7.040458 13.680581 54.591847 -46.764028 -79.569319 112.685015 -67.454055 37.953307 -4.355548 -3.138606 -1.875875 -363.071611 -7.480410 -370.476851 -49.512201 -25.820979 52.862516 -4.804590 -8.320985 -38.533407 139.126090 -88.700780 477.434584 -32.025599 70.868781 70.506957 -20.783405 -18.140550 -38.707877 -5.399147 -21.305861 -36.519043 358.091085 -72.025977 711.307848 2.304622 64.246284 45.423411 -22.008182 -11.853229 -44.813392
0.311134 0.026606 0.453804 -13.059274 51.006918 47.245031 0.000000 -0.000000 0.000000 0.000000 -0.000000 0.000000 0.000000 -0.000000 0.000000 -1.533944 -51.595593 -30.720103 -0.000000 -0.000000 0.000000 -84.127692 -2.221228 -22.291155 -11.340912 -11.166126 22.718375 -5.633081 -7.088733 13.480838 53.372870 -47.177236 -81.365652 115.760266 -70.971424 40.322876 -4.488077 -2.743940 -1.151796 -364.627501 -7.477339 -369.843713 -47.020496 -24.277833 52.618880 -5.113729 -6.072897 -41.876083 121.779107 -87.954657 457.348219 -44.517138 70.807206 77.308217 -23.738410 -19.972907 -45.095396 -5.773100 -20.524877 -39.436744 358.794069 -73.020469 710.968667 -0.359879 66.282430 49.098804 -23.469127 -13.108582 -46.475808
0.310462 0.027577 0.453969 -14.122201 50.599880 51.104798 0.000000 0.000000 0.000000 0.000000 0.000000 0.000000 0.000000 0.000000 0.000000 -3.020718 -52.958468 -34.143350 -0.000000 -0.000000 -0.000000 -83.325739 -0.209861 -21.852910 -12.473076 -10.633018 22.852006 -5.566369 -6.940719 13.174544 53.305645 -47.738050 -82.075266 121.432115 -74.191291 45.285572 -6.168600 -3.316439 -0.902882 -366.611006 -7.532487 -369.173917 -42.935311 -22.193987 53.015460 -5.050958 -4.307862 -45.482633 93.962071 -87.130646 428.577231 -50.040796 70.336895 78.748631 -26.368933 -21.090143 -51.060725 -6.157379 -19.791104 -42.812791 359.461804 -73.840648 710.626607 -5.467307 68.149782 55.698116 -24.911274 -14.563788 -48.991779
0.310081 0.028582 0.454262 -15.396542 50.025259 55.784776 -0.000000 0.000000 -0.000000 -0.000000 0.000000 -0.000000 -0.000000 0.000000 -0.000000 -5.645612 -54.068483 -39.058581 0.000000 -0.000000 0.000000 -82.420933 2.251833 -21.221579 -13.807650 -9.317455 22.130189 -5.824560 -6.689550 12.946080 54.352941 -48.448274 -81.788867 132.188996 -76.773684 55.373010 -9.568311 -4.871698 -1.153074 -368.238057 -7.466948 -368.535138 -38.191716 -19.874944 53.685330 -4.467925 -3.221779 -49.506141 71.538437 -85.793795 407.020843 -46.988328 70.176912 78.792482 -28.456027 -20.867923 -55.804049 -6.631192 -19.281455 -46.888267 359.969146 -74.408583 710.167214 -14.795175 69.557805 66.021488 -26.084192 -16.440731 -52.171925
0.309977 0.029575 0.454597 -16.927924 49.243647 61.479295 -0.000000 0.000000 0.000000 -0.000000 0.000000 0.000000 -0.000000 0.000000 0.000000 -9.658306 -54.895589 -45.793079 -0.000000 -0.000000 -0.000000 -81.405862 5.494874 -20.607391 -14.963575 -7.536556 20.825683 -6.365991 -6.332466 12.824250 56.129772 -49.216416 -80.818543 150.511561 -78.483951 73.045678 -13.962090 -6.874052 -1.713845 -369.015338 -7.171901 -367.970697 -33.880187 -17.712841 54.185458 -3.410906 -2.718530 -54.179379 58.946411 -84.288309 396.283166 -38.774759 70.199819 78.149580 -29.884400 -19.684062 -59.186549 -7.250497 -18.939562 -51.868317 360.361732 -74.800432 709.555734 -27.952219 70.166333 74.868498 -26.984561 -18.581803 -55.688530
0.310162 0.030508 0.454924 -18.540638 48.217994 67.923707 0.000000 -0.000000 -0.000000 0.000000 -0.000000 -0.000000 0.000000 -0.000000 -0.000000 -14.833848 -55.304889 -54.035112 -0.000000 0.000000 -0.000000 -80.284655 9.589642 -20.175506 -15.639094 -5.823964 19.423996 -7.141591 -5.686960 12.641551 58.320314 -49.956743 -79.390877 175.947650 -78.781714 97.768861 -18.253861 -8.676512 -2.239711 -369.102002 -6.689450 -367.406173 -30.496381 -15.886921 54.213180 -2.020155 -2.643486 -59.442518 52.830378 -83.160875 392.072737 -30.483124 70.035096 77.030562 -30.662657 -18.331133 -61.561649 -7.977119 -18.424263 -57.657667 361.026975 -75.165617 709.043865 -41.553757 69.840824 78.431565 -27.685183 -20.660450 -59.192023
0.310624 0.031349 0.455208 -19.981574 46.948611 74.589889 -0.000000 -0.000000 0.000000 -0.000000 -0.000000 0.000000 -0.000000 -0.000000 0.000000 -20.497311 -55.140243 -62.951127 -0.000000 0.000000 -0.000000 -79.057143 14.402817 -20.062662 -15.743563 -4.656254 18.328881 -8.113553 -4.492855 12.158577 60.956706 -50.596410 -77.381966 201.915810 -77.113550 122.827898 -21.479843 -9.848254 -2.349235 -369.058049 -6.211245 -366.755728 -28.037786 -14.392521 53.651730 -0.344787 -2.973207 -64.930223 50.548352 -82.753952 391.356323 -25.685869 69.780560 76.152213 -30.910070 -17.533025 -63.116397 -8.688061 -17.384635 -63.930760 362.521581 -75.542682 709.092827 -52.037149 68.847570 79.406227 -28.247283 -22.412144 -62.327748
0.311321 0.032085 0.455414 -21.168753 45.447378 81.287478 -0.000000 0.000000 -0.000000 -0.000000 0.000000 -0.000000 -0.000000 0.000000 -0.000000 -26.224669 -54.353298 -72.071071 0.000000 0.000000 0.000000 -77.606036 19.897907 -20.491385 -15.423171 -4.225325 17.730690 -9.161807 -2.710743 11.283574 64.096012 -51.050688 -74.632995 222.467691 -73.528600 142.139335 -22.901924 -10.167244 -1.819436 -369.418297 -5.961940 -366.018461 -26.475065 -13.256009 52.575291 1.600744 -3.626865 -70.530719 52.009557 -83.138803 393.861436 -24.665416 69.704562 75.953809 -30.800895 -17.523202 -63.752212 -9.203151 -15.875888 -70.485198 364.822581 -75.822613 709.845380 -58.588513 67.768619 79.685597 -28.775991 -23.670265 -64.789871
0.312197 0.032717 0.455516 -22.180255 43.719660 88.219451 0.000000 -0.000000 0.000000 0.000000 -0.000000 0.000000 0.000000 -0.000000 0.000000 -32.185881 -52.947794 -81.559847 0.000000 -0.000000 0.000000 -75.681630 26.096298 -21.717258 -14.989554 -4.368602 17.602840 -10.070761 -0.642628 10.142166 67.484815 -51.286248 -71.404420 236.803986 -68.292749 154.884558 -22.313829 -9.639089 -0.809518 -370.304986 -5.994730 -365.191765 -25.943293 -12.586131 51.165494 3.747568 -4.152788 -76.626734 61.554554 -84.068699 403.295529 -25.509005 69.777979 76.126968 -30.326223 -17.629385 -63.477581 -9.392265 -14.451742 -77.311939 366.944510 -75.835536 710.800315 -61.956926 67.060436 79.780646 -29.362537 -24.370645 -66.527542
0.313200 0.033258 0.455499 -23.046676 41.816357 95.384847 0.000000 0.000000 0.000000 0.000000 0.000000 0.000000 0.000000 0.000000 0.000000 -38.451898 -50.885387 -91.317708 -0.000000 -0.000000 -0.000000 -73.071034 32.729134 -23.849253 -14.724237 -4.753661 17.776136 -10.694904 1.340166 8.931850 70.801945 -51.367000 -68.171122 245.755871 -61.973373 162.100962 -20.335260 -8.573667 0.170359 -371.380625 -6.162720 -364.284714 -26.562863 -12.466057 49.659456 5.926567 -4.021371 -83.517556 85.619176 -84.688896 425.121009 -26.682855 69.800208 76.456405 -29.371255 -16.817994 -62.552917 -9.060564 -13.545075 -84.238496 368.225583 -75.578125 711.722718 -62.633183 66.883448 79.807765 -30.148365 -24.430416 -67.889531
0.314266 0.033736 0.455349 -23.715594 39.856752 102.384296 0.000000 -0.000000 -0.000000 0.000000 -0.000000 -0.000000 0.000000 -0.000000 -0.000000 -44.550712 -48.166091 -100.594052 -0.000000 -0.000000 -0.000000 -69.734124 39.243452 -26.802677 -14.711218 -5.123665 18.046323 -11.072569 3.124507 7.753808 74.008062 -51.350718 -65.042216 250.635319 -55.493478 165.446633 -17.870267 -7.390886 0.716506 -372.293075 -6.355430 -363.508147 -28.236411 -12.890623 48.373863 8.673533 -2.927391 -90.889384 122.591677 -83.561309 456.960906 -28.721900 69.742361 77.181196 -28.086763 -14.579228 -61.383620 -8.805059 -13.354610 -91.027702 368.467327 -74.174552 712.758473 -59.792373 67.307049 79.780506 -31.447449 -23.626411 -69.489253
0.315329 0.034183 0.455057 -24.178180 37.980378 108.829245 -0.000000 0.000000 -0.000000 -0.000000 0.000000 -0.000000 -0.000000 0.000000 -0.000000 -49.983357 -44.921367 -108.688616 -0.000000 -0.000000 -0.000000 -65.767800 45.150265 -30.404071 -14.852559 -5.368015 18.258399 -11.348144 4.889863 6.572393 77.247981 -51.187444 -61.753232 252.911723 -49.530030 166.631603 -15.383923 -6.288282 0.849426 -373.041758 -6.645920 -363.206276 -30.606989 -13.756271 47.578572 12.545928 -0.974206 -98.316231 149.788554 -79.880722 475.991420 -32.724115 69.663906 78.235859 -26.804215 -11.222149 -60.340185 -9.703203 -14.058265 -97.452644 366.831225 -70.439425 713.574428 -51.646437 67.988704 79.646164 -33.381949 -21.733522 -71.810801
0.316331 0.034622 0.454638 -24.491456 36.344839 114.379581 0.000000 -0.000000 -0.000000 0.000000 -0.000000 -0.000000 0.000000 -0.000000 -0.000000 -54.495417 -41.484680 -115.181319 -0.000000 0.000000 -0.000000 -61.502822 50.020828 -34.286733 -15.002521 -5.456662 18.333509 -11.661015 6.905337 5.312715 80.578867 -50.769505 -58.065422 253.781282 -44.439986 166.859677 -12.995776 -5.267920 0.815072 -373.902017 -7.168766 -363.476034 -33.013543 -14.795667 47.320157 16.819773 0.793979 -105.068950 163.765584 -75.695238 480.814451 -38.379419 69.399170 79.072840 -25.631962 -7.912696 -59.730249 -11.481598 -14.780041 -103.224268 364.866114 -65.034697 714.495297 -39.244006 68.034121 79.284305 -35.643872 -18.513430 -74.883889
0.317230 0.035073 0.454136 -24.696354 35.086793 118.628158 -0.000000 -0.000000 0.000000 -0.000000 -0.000000 0.000000 -0.000000 -0.000000 0.000000 -57.862477 -38.368394 -119.789868 0.000000 -0.000000 0.000000 -57.646788 53.496202 -37.705328 -15.062011 -5.405219 18.268282 -12.105523 9.285142 4.000439 83.809134 -50.057281 -54.058335 254.020472 -40.524635 166.733248 -10.966698 -4.422456 0.742559 -375.204413 -7.974942 -364.082087 -34.503753 -15.588346 47.573140 19.569457 0.990415 -109.880021 169.911253 -73.429211 481.249879 -43.497071 68.841879 79.472818 -24.677948 -6.240651 -59.988942 -11.618093 -13.848636 -107.785151 366.112738 -60.976147 715.409396 -28.476999 67.019765 78.906065 -37.701965 -13.693197 -78.240143
0.317997 0.035557 0.453608 -24.793001 34.261053 121.225234 0.000000 0.000000 -0.000000 0.000000 0.000000 -0.000000 0.000000 0.000000 -0.000000 -59.856807 -36.112871 -122.434376 -0.000000 0.000000 -0.000000 -55.074738 55.453764 -39.759565 -14.989345 -5.288237 18.122669 -12.710550 11.790346 2.846817 86.533542 -49.208060 -50.276863 254.003103 -38.046533 166.410213 -9.649325 -3.923829 0.632345 -377.117703 -9.025660 -364.790708 -34.346142 -15.810266 48.389561 19.289218 -1.228364 -111.649042 169.931319 -74.001048 482.947670 -45.512498 68.262129 79.570969 -24.119414 -7.093362 -61.216499 -8.403988 -10.607852 -110.815001 372.909863 -60.676014 715.631448 -25.102995 65.664080 79.180571 -38.851962 -7.569693 -81.135786
0.318639 0.036076 0.453117 -24.798311 33.820649 122.255213 -0.000000 0.000000 0.000000 -0.000000 0.000000 0.000000 -0.000000 0.000000 0.000000 -60.595786 -34.909292 -123.456127 0.000000 0.000000 0.000000 -54.123371 56.151146 -40.157031 -14.784841 -5.213913 17.986336 -13.435097 13.830189 2.202349 88.373062 -48.630866 -47.600218 253.917775 -36.903078 165.922944 -9.105525 -3.788283 0.516435 -379.415165 -10.169608 -365.469484 -32.689112 -15.446553 49.635945 16.095310 -5.363780 -110.884946 164.176654 -77.347005 485.672049 -44.089981 67.929308 79.474994 -24.037516 -10.061333 -62.894815 -2.732354 -5.782777 -112.750769 385.248526 -63.377261 716.195155 -28.329294 64.277155 79.641682 -38.525211 -1.426685 -83.033506
0.319199 0.036607 0.452713 -24.775627 33.673747 122.201967 0.000000 -0.000000 -0.000000 0.000000 -0.000000 -0.000000 0.000000 -0.000000 -0.000000 -60.569492 -34.554151 -123.449991 0.000000 0.000000 -0.000000 -54.393203 56.035151 -39.418494 -14.490863 -5.272702 17.951114 -14.179542 14.811627 2.329961 89.192596 -48.765164 -46.741789 253.850259 -36.680079 165.350581 -9.118830 -3.916127 0.399572 -381.586707 -11.175212 -365.934282 -30.351268 -14.720450 50.930415 11.426583 -10.150036 -109.074726 149.813908 -82.563723 482.635053 -40.577780 67.831784 79.173323 -24.390186 -13.947677 -64.504415 4.079426 -0.162225 -114.326512 402.721544 -66.916319 719.500567 -34.169377 62.355578 79.858903 -36.905544 3.436334 -83.843007
0.319713 0.037116 0.452423 -24.780526 33.726573 121.539036 0.000000 -0.000000 -0.000000 0.000000 -0.000000 -0.000000 0.000000 -0.000000 -0.000000 -60.161929 -34.794984 -122.887258 0.000000 0.000000 0.000000 -55.277749 55.460679 -38.258195 -14.190375 -5.499622 18.086107 -14.786726 14.593076 3.145447 89.068370 -49.670340 -47.773633 253.729839 -37.051281 164.783299 -9.435283 -4.251162 0.163936 -383.257422 -11.904948 -366.020384 -28.102231 -13.908040 51.963884 6.984450 -14.185180 -107.307088 98.995169 -86.814895 441.698800 -37.246128 67.900750 78.726109 -25.110902 -17.461862 -65.886265 9.970117 4.792439 -115.636894 420.640417 -69.099143 724.970203 -38.440652 60.204352 79.927145 -34.892872 6.766080 -83.863173
0.320180 0.037566 0.452250 -24.806550 33.890298 120.495271 0.000000 -0.000000 -0.000000 0.000000 -0.000000 -0.000000 0.000000 -0.000000 -0.000000 -59.364207 -35.513753 -121.939726 0.000000 0.000000 -0.000000 -56.386201 54.592303 -37.060763 -13.976723 -5.835223 18.377254 -15.126970 13.609416 4.226814 88.257426 -50.912825 -49.987549 253.442901 -37.913477 164.270647 -9.804716 -4.709627 -0.274398 -384.337318 -12.360461 -365.748775 -26.425196 -13.243106 52.619508 3.969383 -16.669744 -105.775479 31.642926 -85.716205 380.444786 -35.412024 68.049004 78.370476 -25.845716 -19.690767 -66.842274 13.159383 7.899476 -116.029586 431.504316 -69.590698 728.381630 -39.414054 58.533203 79.944072 -33.145620 8.808258 -83.595729
0.320572 0.037928 0.452178 -24.825805 34.088665 119.235540 -0.000000 -0.000000 -0.000000 -0.000000 -0.000000 -0.000000 -0.000000 -0.000000 -0.000000 -58.145807 -36.567895 -120.705812 -0.000000 0.000000 0.000000 -57.505978 53.541860 -35.941147 -13.897987 -6.134851 18.696730 -15.239422 12.636529 5.071335 87.333214 -51.886371 -52.064849 253.001753 -39.130023 163.841551 -10.003572 -5.121614 -0.813623 -384.823562 -12.557380 -365.283053 -25.617975 -12.899075 52.873308 3.305488 -17.143523 -104.400045 22.796188 -84.994343 372.871441 -36.051853 68.118003 78.428595 -26.135436 -20.324523 -67.230903 12.956667 8.711349 -115.028236 431.198089 -68.723456 727.530357 -36.035873 57.444105 79.931673 -31.794176 9.604989 -83.631536
0.320867 0.038173 0.452195 -24.848557 34.270060 118.028050 -0.000000 0.000000 -0.000000 -0.000000 0.000000 -0.000000 -0.000000 0.000000 -0.000000 -56.822448 -37.692918 -119.452078 -0.000000 -0.000000 0.000000 -58.475461 52.484163 -34.972254 -13.924213 -6.266041 18.885488 -15.297971 12.378361 5.334870 87.043243 -52.190283 -52.712176 252.441172 -40.413851 163.479103 -10.069908 -5.433756 -1.322516 -384.605290 -12.446061 -364.754700 -25.781688 -12.957332 52.779978 4.592392 -15.850714 -103.338981 38.803531 -86.225760 386.316634 -38.767628 67.914413 78.808251 -25.879573 -19.806391 -67.359189 10.447514 7.513413 -113.057725 423.024861 -66.699652 724.576040 -29.584458 56.170384 79.884157 -30.691168 9.189365 -84.430272
0.321061 0.038287 0.452305 -24.889632 34.392230 117.152239 -0.000000 -0.000000 0.000000 -0.000000 -0.000000 0.000000 -0.000000 -0.000000 0.000000 -55.800835 -38.595879 -118.511921 -0.000000 0.000000 0.000000 -59.153375 51.622561 -34.243291 -13.983353 -6.179701 18.852979 -15.383132 13.010178 4.964203 87.589820 -51.761137 -51.634379 251.700300 -41.475144 163.103090 -10.366708 -5.823104 -1.826205 -383.499152 -11.957858 -364.210801 -26.795533 -13.400011 52.503714 6.149577 -14.071331 -102.783915 74.100841 -86.998009 417.990260 -42.023025 67.331799 79.173012 -25.398900 -19.001743 -67.779348 7.475693 4.984010 -110.954603 413.355164 -64.638320 722.257279 -24.296958 54.203131 79.812935 -29.566410 7.669800 -85.913405
0.321161 0.038277 0.452519 -24.923234 34.430901 116.671047 0.000000 -0.000000 0.000000 0.000000 -0.000000 0.000000 0.000000 -0.000000 0.000000 -55.134687 -39.142176 -117.967481 -0.000000 0.000000 0.000000 -59.516007 51.029172 -33.741743 -14.043949 -5.855180 18.558994 -15.382375 14.053949 4.181281 88.421142 -50.801624 -49.678174 250.715423 -42.234852 162.641905 -11.167933 -6.446433 -2.408060 -381.481674 -11.091527 -363.696873 -28.470970 -14.167844 52.194997 6.966237 -12.847721 -102.613673 93.081634 -86.776257 434.306701 -44.903949 66.489280 79.419841 -25.224306 -18.538508 -68.841249 5.799752 2.083478 -109.235908 406.680450 -64.417146 721.959681 -22.913556 52.102992 79.768644 -28.159940 5.016083 -87.557897
0.321172 0.038175 0.452820 -24.921339 34.386275 116.542435 -0.000000 0.000000 -0.000000 -0.000000 0.000000 -0.000000 -0.000000 0.000000 -0.000000 -54.640079 -39.350725 -117.731960 0.000000 -0.000000 -0.000000 -59.567318 50.694225 -33.477223 -14.148739 -5.216034 17.935300 -15.182684 14.885302 3.269759 89.039437 -49.550733 -47.693345 249.555488 -42.709115 162.134874 -12.293320 -7.180193 -3.005653 -378.808553 -9.925803 -363.258404 -30.762557 -15.202596 51.757146 7.090023 -12.149572 -102.776045 87.931310 -86.471855 427.473687 -46.964846 65.692381 79.572463 -25.770343 -18.216888 -70.462303 5.874690 -0.718881 -107.903767 403.796946 -66.922423 723.716301 -25.044435 50.534309 79.774436 -26.447243 1.448030 -88.930341
0.321082 0.038020 0.453162 -24.918806 34.286254 116.840416 -0.000000 0.000000 -0.000000 -0.000000 0.000000 -0.000000 -0.000000 0.000000 -0.000000 -54.346560 -39.295364 -117.863812 0.000000 0.000000 -0.000000 -59.221129 50.657490 -33.654237 -14.338078 -4.198119 16.928881 -14.841685 15.341641 2.351087 89.451984 -48.036491 -45.717637 248.394030 -42.807265 161.717220 -13.330908 -7.742330 -3.405623 -375.810924 -8.524015 -362.802207 -33.759873 -16.396793 50.796722 6.977845 -11.215490 -103.545905 74.780222 -85.740051 412.282611 -48.175818 65.312107 79.672894 -27.203434 -17.330561 -72.249816 6.755951 -3.677298 -106.863532 403.156853 -71.200195 726.870409 -28.602491 49.870680 79.804862 -24.808328 -2.070746 -89.913544
0.320857 0.037869 0.453493 -25.004770 34.191716 117.693833 -0.000000 -0.000000 0.000000 -0.000000 -0.000000 0.000000 -0.000000 -0.000000 0.000000 -54.632196 -39.077784 -118.578606 -0.000000 -0.000000 -0.000000 -58.375525 50.974511 -34.574354 -14.559081 -2.925554 15.648593 -14.491466 15.652963 1.405088 89.801808 -46.201940 -43.528779 247.427083 -42.383466 161.538005 -13.996100 -7.914962 -3.376068 -372.797435 -6.944921 -362.184077 -37.388147 -17.516374 48.960372 7.021292 -9.305835 -105.241846 68.365292 -84.369249 402.029985 -49.280964 65.635797 79.758505 -29.554549 -15.322055 -73.773269 7.490254 -6.926074 -106.210974 403.457154 -75.765958 730.617231 -31.884963 50.504636 79.838243 -23.950333 -4.287541 -90.560181
0.320465 0.037789 0.453779 -25.253681 34.171391 119.111000 -0.000000 -0.000000 -0.000000 -0.000000 -0.000000 -0.000000 -0.000000 -0.000000 -0.000000 -55.933891 -38.814806 -120.017341 -0.000000 -0.000000 -0.000000 -57.030936 51.638573 -36.412394 -14.708193 -1.708778 14.364025 -14.148680 15.955803 0.417968 90.017458 -44.170785 -41.336405 246.817028 -41.405206 161.703603 -14.084706 -7.551559 -2.761152 -370.232659 -5.448475 -361.528605 -41.183821 -18.293062 46.393768 7.381405 -6.214383 -107.917409 69.506060 -82.594783 396.893703 -51.550826 66.713474 79.845630 -32.796809 -11.996724 -74.777666 7.551812 -10.088854 -106.164382 403.698630 -79.414467 733.793278 -34.342191 52.530476 79.866535 -24.410255 -4.737342 -90.929694
0.319909 0.037834 0.454008 -25.672293 34.248861 120.981188 0.000000 -0.000000 0.000000 0.000000 -0.000000 0.000000 0.000000 -0.000000 0.000000 -58.372847 -38.553589 -122.115568 0.000000 0.000000 -0.000000 -55.254558 52.612587 -39.148765 -14.749618 -0.798293 13.302607 -13.704036 16.160262 -0.585193 89.959482 -42.173994 -39.511725 246.602487 -39.974438 162.227632 -13.362034 -6.540637 -1.541849 -368.704218 -4.517853 -361.244540 -44.515877 -18.652166 43.727007 8.106411 -2.080881 -111.466284 73.125039 -80.403890 392.023854 -56.080499 68.276345 79.921764 -36.856627 -7.446510 -75.295785 6.529381 -12.790461 -106.879546 400.585224 -81.353554 733.266981 -36.024571 55.551864 79.885541 -26.218709 -3.979457 -91.037000
0.319247 0.038021 0.454201 -26.200319 34.390234 123.140606 0.000000 -0.000000 -0.000000 0.000000 -0.000000 -0.000000 0.000000 -0.000000 -0.000000 -61.634618 -38.238199 -124.617408 0.000000 -0.000000 -0.000000 -53.108664 53.837246 -42.618386 -14.738625 -0.243534 12.543199 -13.087387 16.190308 -1.572884 89.646274 -40.355807 -38.132150 246.624542 -38.275275 162.998058 -11.962655 -5.006468 0.053368 -368.544810 -4.467396 -361.610277 -46.820835 -18.680192 41.602529 9.176264 2.768219 -115.720603 75.772378 -77.636190 384.724307 -63.771319 69.783674 79.971233 -41.591040 -2.030069 -75.542237 4.345845 -14.975229 -108.296379 391.667564 -81.345577 727.154311 -37.440841 58.971514 79.896241 -29.190007 -3.124992 -90.957811
0.318561 0.038337 0.454398 -26.749289 34.547430 125.345858 -0.000000 0.000000 0.000000 -0.000000 0.000000 0.000000 -0.000000 0.000000 0.000000 -65.133155 -37.830463 -127.135544 0.000000 -0.000000 0.000000 -50.720842 55.148810 -46.493850 -14.769051 0.001960 12.116561 -12.374339 16.099920 -2.475162 89.234435 -38.826558 -37.101462 246.652307 -36.578291 163.854173 -10.892136 -3.645380 1.465846 -369.427191 -5.034433 -362.405419 -47.469550 -18.391971 40.426874 10.357876 7.614901 -120.221108 76.526676 -74.399427 375.385692 -72.356478 70.598859 79.992313 -46.647695 3.478019 -75.617491 1.614314 -16.634355 -110.096621 382.257772 -80.017087 720.852514 -39.807338 62.247813 79.906702 -33.006225 -3.178069 -90.809405
0.317923 0.038765 0.454625 -27.236849 34.692151 127.264406 0.000000 -0.000000 0.000000 0.000000 -0.000000 0.000000 0.000000 -0.000000 0.000000 -68.213878 -37.464266 -129.262875 -0.000000 -0.000000 -0.000000 -48.403961 56.269554 -50.227861 -14.930077 0.003055 12.049729 -11.726434 15.972001 -3.172053 88.890956 -37.736498 -36.393738 246.658763 -35.193303 164.717424 -11.446854 -3.456797 2.044098 -370.414349 -5.505229 -362.948270 -46.024148 -17.705513 40.277171 11.324346 11.668092 -124.222911 76.045362 -71.089060 366.170583 -77.006725 70.393563 79.997903 -51.440176 8.021161 -75.460812 -0.840198 -17.777903 -111.793699 376.111857 -78.641740 717.714307 -44.181417 64.989258 79.923893 -36.963425 -4.470032 -90.675558
0.317396 0.039275 0.454884 -27.594644 34.811709 128.608364 0.000000 -0.000000 0.000000 0.000000 -0.000000 0.000000 0.000000 -0.000000 0.000000 -70.314763 -37.398216 -130.727514 0.000000 -0.000000 0.000000 -46.572646 56.958538 -53.193668 -15.266982 -0.129959 12.287101 -11.297785 15.868683 -3.569321 88.733775 -37.162831 -35.989714 246.905308 -34.290017 165.600944 -13.887612 -4.666076 1.595873 -370.722211 -5.377777 -362.650825 -42.900753 -16.585080 40.704970 11.846332 14.587544 -127.134187 75.000624 -68.049303 358.814699 -78.436405 69.618182 79.999083 -55.242915 10.989979 -75.069645 -2.591123 -18.580318 -112.970761 372.394807 -77.988941 716.643151 -49.903739 66.940898 79.943333 -40.171715 -6.464428 -90.649334
0.317047 0.039806 0.455188 -27.775194 34.902345 129.277840 -0.000000 0.000000 0.000000 -0.000000 0.000000 0.000000 -0.000000 0.000000 0.000000 -71.163083 -37.781030 -131.459830 0.000000 0.000000 -0.000000 -45.459425 57.164171 -55.060501 -15.734981 -0.326741 12.735503 -11.188626 15.901448 -3.687939 88.826154 -37.022203 -35.763981 247.717954 -33.794243 166.520306 -17.551868 -6.631258 0.506395 -369.952516 -4.557154 -361.432087 -39.199724 -15.172271 41.013798 11.899922 16.486170 -128.812371 73.767768 -65.494181 353.823082 -78.688666 69.090161 79.999288 -57.352659 12.588050 -74.534427 -3.733458 -19.209955 -113.513825 369.689244 -77.874395 716.167368 -54.888933 68.046618 79.957010 -42.119002 -8.299799 -90.834716
0.316941 0.040271 0.455566 -27.770630 34.973395 129.338823 0.000000 0.000000 0.000000 0.000000 0.000000 0.000000 0.000000 0.000000 0.000000 -70.922528 -38.535528 -131.547138 0.000000 0.000000 -0.000000 -44.978422 57.024958 -55.992940 -16.191999 -0.681926 13.386290 -11.375839 16.170351 -3.651975 89.110514 -37.153319 -35.614195 249.246205 -33.515640 167.457039 -21.605700 -8.634455 -0.629326 -368.128401 -3.236950 -359.724933 -35.778750 -13.733568 40.919066 11.810709 17.647121 -129.482510 72.961576 -63.699265 350.978152 -78.393359 68.954305 79.999145 -57.679126 13.222271 -73.937421 -4.531518 -19.632801 -113.559387 367.469183 -77.687468 715.692176 -57.067310 68.393461 79.961590 -42.743336 -9.503993 -91.222412
0.317112 0.040576 0.456034 -27.603946 35.028027 128.950314 0.000000 0.000000 0.000000 0.000000 0.000000 0.000000 0.000000 0.000000 0.000000 -70.042428 -39.435222 -131.175144 -0.000000 -0.000000 -0.000000 -44.864447 56.780733 -56.396476 -16.469492 -1.303593 14.211521 -11.697545 16.472843 -3.486350 89.349644 -37.510072 -35.720244 251.420687 -33.297087 168.404342 -24.891307 -10.098802 -1.266583 -366.076845 -1.957363 -358.260355 -32.956256 -12.510038 40.663828 12.040782 18.282873 -129.494868 73.247963 -63.022815 349.940770 -77.846055 68.710587 79.998819 -57.064581 13.095543 -73.376629 -4.965689 -19.706826 -113.295539 366.197450 -77.226192 715.546671 -55.911139 68.106807 79.956716 -42.205726 -10.216859 -91.608749
0.317557 0.040637 0.456573 -27.295689 35.042171 128.311415 0.000000 0.000000 0.000000 0.000000 0.000000 0.000000 0.000000 0.000000 0.000000 -68.877690 -40.245282 -130.540828 -0.000000 -0.000000 -0.000000 -44.956524 56.640758 -56.405143 -16.484467 -2.025346 14.968789 -11.986891 16.209341 -2.945619 89.229794 -38.282979 -36.583237 253.969387 -33.072072 169.362901 -26.270540 -10.677254 -1.176881 -364.772576 -1.222165 -357.498835 -31.001864 -11.702010 40.557771 12.519534 18.345263 -129.020632 74.277170 -63.550641 350.502837 -77.636394 68.292031 79.998613 -56.549336 12.333589 -73.028330 -4.801140 -19.429100 -112.860806 366.235196 -76.859130 716.052560 -52.416427 67.291166 79.941363 -40.692686 -10.730470 -91.743146
0.318239 0.040408 0.457141 -26.867353 35.000069 127.533795 0.000000 0.000000 -0.000000 0.000000 0.000000 -0.000000 0.000000 0.000000 -0.000000 -67.496301 -40.876803 -129.721644 0.000000 0.000000 0.000000 -45.432122 56.625451 -55.620914 -16.280321 -2.482430 15.325870 -12.150658 14.906925 -1.783184 88.535060 -39.671371 -38.632734 256.436685 -32.934956 170.259861 -25.600197 -10.397601 -0.580814 -364.294052 -1.021217 -357.436137 -30.343539 -11.478224 40.672760 12.606732 17.500347 -127.876955 74.817096 -65.133636 352.878123 -77.872448 68.309356 79.998618 -56.237595 10.906367 -72.984264 -4.028984 -19.048620 -112.268958 367.036159 -76.971886 716.824624 -47.678503 66.068848 79.913402 -38.364793 -10.871894 -91.558075
0.319080 0.039906 0.457681 -26.378410 34.950999 126.545551 0.000000 0.000000 0.000000 0.000000 0.000000 0.000000 0.000000 0.000000 0.000000 -65.883076 -41.442668 -128.651221 -0.000000 -0.000000 0.000000 -46.718862 56.515188 -53.462296 -15.953634 -2.494623 15.200050 -12.138254 12.878834 -0.215921 87.293003 -41.482789 -41.673158 258.344190 -33.152330 170.961682 -23.768286 -9.622412 0.090625 -363.926921 -0.987016 -357.883354 -31.195918 -11.903033 40.954130 11.672841 15.304314 -125.663280 73.855185 -67.728107 357.581596 -78.177713 69.258471 79.998630 -55.493354 8.555819 -73.279537 -2.935608 -18.799906 -111.383344 367.815762 -77.587383 717.237161 -42.231022 64.601360 79.872028 -35.449993 -10.113155 -91.226851
0.319967 0.039219 0.458115 -25.918639 34.999036 125.171428 -0.000000 -0.000000 0.000000 -0.000000 -0.000000 0.000000 -0.000000 -0.000000 0.000000 -64.167651 -42.135432 -127.225116 -0.000000 -0.000000 -0.000000 -49.122937 55.983175 -49.712595 -15.576518 -2.175816 14.789384 -12.061528 11.055366 1.220437 85.924478 -43.244515 -44.816666 259.387852 -34.017406 171.368227 -21.794398 -8.797331 0.503004 -363.012258 -0.829915 -358.679441 -33.341190 -12.910458 41.396483 9.730072 11.727432 -122.293595 71.456161 -71.101607 364.689546 -78.324873 70.884146 79.998470 -53.869021 5.130455 -73.964317 -1.892737 -18.749612 -110.005328 367.972132 -78.471710 716.812559 -37.117548 63.268900 79.830148 -32.632617 -8.306847 -91.101083
0.320790 0.038458 0.458370 -25.544550 35.240683 123.198560 -0.000000 -0.000000 -0.000000 -0.000000 -0.000000 -0.000000 -0.000000 -0.000000 -0.000000 -62.431036 -43.114519 -125.285100 0.000000 0.000000 0.000000 -52.648235 54.748621 -44.579862 -15.161326 -1.754711 14.334452 -12.219931 10.135238 2.256568 85.062456 -44.747982 -47.220945 259.399573 -35.790267 171.396486 -20.322660 -8.257493 0.477283 -361.344021 -0.486028 -359.746499 -36.316616 -14.377636 42.070776 7.409735 7.416191 -118.077934 68.552073 -74.599408 373.453388 -77.888058 72.676779 79.997540 -51.086405 0.975261 -74.669383 -1.123371 -18.843347 -107.930373 367.150368 -79.421685 715.326708 -33.723270 62.520656 79.811982 -30.618249 -6.095872 -91.288660
0.321452 0.037723 0.458392 -25.243071 35.729436 120.347459 0.000000 -0.000000 -0.000000 0.000000 -0.000000 -0.000000 0.000000 -0.000000 -0.000000 -60.332934 -44.475561 -122.458189 0.000000 0.000000 0.000000 -57.038457 52.637640 -38.568375 -14.652097 -1.577181 14.111149 -12.815331 10.199862 3.013917 84.973746 -46.166644 -48.788382 258.124104 -38.778972 170.843118 -19.471120 -8.104689 -0.040743 -359.466713 -0.219291 -361.080539 -39.478382 -16.134587 43.108964 5.280109 3.179307 -113.182002 65.433121 -77.514559 382.134959 -73.975322 74.221662 79.990196 -47.106159 -2.934876 -74.739475 -0.506930 -18.831330 -104.940471 365.840779 -80.455023 713.170031 -31.853045 62.254923 79.812203 -29.092483 -4.104803 -91.340565
0.321854 0.037085 0.458123 -24.955216 36.487282 116.316424 -0.000000 0.000000 0.000000 -0.000000 0.000000 0.000000 -0.000000 0.000000 0.000000 -57.184682 -46.195961 -118.155579 0.000000 -0.000000 -0.000000 -61.834516 49.620310 -32.515782 -13.972985 -2.177862 14.548063 -13.798004 11.035801 3.675856 85.443827 -47.715653 -49.916164 255.088159 -43.270426 169.229079 -19.062086 -8.288506 -1.026436 -358.610337 -0.552044 -362.607635 -41.833417 -17.858314 44.694108 3.635521 -0.419716 -107.498235 61.936677 -79.703141 388.776676 -51.276327 74.848595 79.872546 -42.650806 -5.768084 -73.968325 0.440672 -18.274911 -100.812071 365.713009 -81.843532 711.613819 -30.210261 61.972606 79.804478 -27.255670 -2.485137 -90.716461
0.321897 0.036586 0.457496 -24.612179 37.512137 110.973963 -0.000000 -0.000000 -0.000000 -0.000000 -0.000000 -0.000000 -0.000000 -0.000000 -0.000000 -52.524927 -48.042214 -111.914818 -0.000000 -0.000000 0.000000 -66.513948 45.820311 -27.380042 -13.105789 -3.969570 16.023983 -14.996321 12.388657 4.344370 86.154639 -49.451874 -50.941916 249.618493 -49.196872 165.689738 -18.860706 -8.711908 -2.353519 -360.078379 -1.938083 -364.098226 -42.251179 -19.040168 46.925077 2.858954 -2.722959 -101.052122 61.975614 -81.631547 395.490385 -29.597287 74.614030 79.061081 -38.993478 -7.509204 -72.608950 1.994652 -16.762154 -95.528735 369.135564 -83.672729 712.685095 -29.059563 61.212230 79.783920 -25.023315 -1.685437 -89.178217
0.321515 0.036253 0.456460 -24.164753 38.775214 104.466511 0.000000 0.000000 0.000000 0.000000 0.000000 0.000000 0.000000 0.000000 0.000000 -46.554890 -49.646443 -103.787868 0.000000 0.000000 0.000000 -70.705296 41.343600 -23.682633 -12.108576 -6.821882 18.538735 -16.221055 13.963940 5.069563 86.848661 -51.317772 -52.058515 240.651130 -55.914776 158.826662 -18.670275 -9.254880 -3.784490 -364.360925 -4.411585 -365.352985 -40.293651 -19.218033 49.543144 2.977817 -3.231552 -94.076765 74.339481 -83.595959 410.317172 -24.709167 74.505458 78.313948 -36.733257 -8.715377 -70.780738 3.708848 -14.009046 -89.495030 380.600622 -85.478846 720.597302 -30.150666 59.715940 79.773474 -22.950746 -2.366921 -86.756803
0.320684 0.036098 0.455015 -23.608692 40.229176 97.134557 -0.000000 0.000000 0.000000 -0.000000 0.000000 0.000000 -0.000000 0.000000 0.000000 -40.019882 -50.770829 -94.387100 -0.000000 0.000000 0.000000 -74.273261 36.138986 -21.255750 -11.004729 -10.198613 21.758656 -17.271167 15.623170 5.753109 87.280517 -53.194298 -53.439333 226.170492 -62.212843 146.388846 -18.521471 -9.868304 -5.141010 -370.591682 -7.478819 -366.403901 -36.787578 -18.402150 51.943085 3.118786 -2.528662 -86.760025 100.827087 -84.652074 436.920909 -28.364874 74.690899 78.459233 -35.347344 -9.978935 -68.548138 4.723671 -10.217163 -83.229907 405.984463 -86.634587 741.056736 -33.958917 57.902758 79.794069 -21.607550 -4.091095 -83.791233
0.319411 0.036127 0.453191 -23.000372 41.820718 89.407670 -0.000000 -0.000000 -0.000000 -0.000000 -0.000000 -0.000000 -0.000000 -0.000000 -0.000000 -33.811833 -51.504473 -84.612981 -0.000000 0.000000 -0.000000 -77.242174 30.172064 -19.618329 -9.654117 -13.618126 25.310467 -18.029875 17.428658 6.250199 87.165817 -54.976914 -55.368180 204.329623 -66.199153 126.427348 -18.656806 -10.594409 -6.405482 -376.943500 -10.370060 -367.405237 -33.241232 -17.187779 53.704269 2.390081 -1.956405 -79.201914 119.746721 -84.659497 456.404279 -31.162325 74.776354 78.433413 -33.950565 -11.720272 -66.152905 4.557545 -6.082952 -76.994257 445.434698 -86.886096 774.344133 -39.808868 56.525134 79.840092 -21.185491 -5.858454 -80.545726
0.317737 0.036334 0.451053 -22.433820 43.487178 81.744085 -0.000000 -0.000000 0.000000 -0.000000 -0.000000 0.000000 -0.000000 -0.000000 0.000000 -28.550580 -52.200573 -75.275680 -0.000000 -0.000000 0.000000 -79.653022 23.666488 -18.496675 -7.929301 -16.698216 28.802942 -18.493819 19.013645 6.702315 85.972587 -56.665405 -58.518443 179.764610 -66.306168 103.345883 -18.996167 -11.303136 -7.457978 -381.654730 -12.467471 -368.377925 -30.816334 -16.289989 54.886910 0.800908 -2.523013 -71.593183 117.541407 -85.016561 456.617331 -27.224929 74.533275 77.164985 -32.005695 -14.005963 -63.720426 3.292980 -2.255946 -70.926209 486.724443 -85.967186 808.797797 -47.153336 55.841646 79.889003 -21.488084 -7.388911 -76.939312
0.315744 0.036684 0.448693 -21.939269 45.146343 74.454476 -0.000000 -0.000000 0.000000 -0.000000 -0.000000 0.000000 -0.000000 -0.000000 0.000000 -24.214209 -53.115516 -66.691286 -0.000000 -0.000000 0.000000 -81.553232 17.045274 -17.849873 -6.044694 -19.012904 31.655100 -18.505905 19.260391 7.376241 82.555113 -58.131924 -63.935987 161.152900 -63.944213 85.420193 -18.760215 -11.518018 -7.846038 -383.795051 -13.552913 -369.237794 -30.040876 -16.149066 55.731060 -0.995332 -4.359989 -64.210541 91.659108 -85.531505 434.694089 -19.283990 73.756087 73.080381 -29.351006 -16.554250 -61.185745 1.277728 0.880845 -65.119839 514.628751 -83.865151 830.263180 -54.569982 55.808803 79.920258 -21.884106 -8.659196 -72.770543
0.313531 0.037117 0.446216 -21.397730 46.692533 67.562095 0.000000 -0.000000 -0.000000 0.000000 -0.000000 -0.000000 0.000000 -0.000000 -0.000000 -20.252413 -54.021501 -58.653398 0.000000 -0.000000 0.000000 -83.049766 10.730730 -17.643746 -4.419209 -20.300486 33.287031 -17.573423 17.086599 8.178286 75.194430 -58.702741 -72.225453 149.110705 -61.892648 73.137788 -16.999584 -10.740674 -7.169754 -383.375280 -13.756785 -369.998615 -31.113655 -16.954908 56.328283 -2.455369 -6.998541 -57.227619 54.128113 -84.429088 401.738776 -12.556273 72.352228 66.023469 -26.252652 -18.945430 -58.617082 -0.948892 3.129892 -59.496909 531.795204 -80.886315 842.775840 -59.615625 56.754484 79.927265 -21.329175 -9.269530 -67.838517
0.311183 0.037565 0.443712 -20.645100 48.027367 60.967407 0.000000 -0.000000 0.000000 0.000000 -0.000000 0.000000 0.000000 -0.000000 0.000000 -16.268149 -54.390527 -50.956375 -0.000000 -0.000000 0.000000 -84.264128 5.046960 -17.822372 -3.198972 -20.670495 33.546077 -15.241815 12.292091 8.889727 64.006748 -57.352316 -81.724894 140.136808 -61.234327 63.420956 -13.518335 -8.882249 -5.636025 -380.815966 -13.297877 -370.670656 -34.144325 -18.739526 56.497532 -3.328151 -9.830671 -50.690068 31.588061 -81.656332 383.604017 -8.285321 70.569335 58.832415 -23.351932 -20.883983 -56.322306 -2.828556 4.638763 -53.967889 542.551319 -76.984125 851.610296 -60.888124 58.852470 79.905737 -19.128680 -9.031041 -62.269904
0.308770 0.037975 0.441276 -19.640760 49.097320 54.710050 0.000000 -0.000000 -0.000000 0.000000 -0.000000 -0.000000 0.000000 -0.000000 -0.000000 -12.410024 -53.938163 -43.793050 0.000000 0.000000 -0.000000 -85.250352 0.182318 -18.337513 -2.191469 -20.439465 32.747645 -11.644867 5.847978 9.641616 52.561466 -53.693550 -88.392286 131.854684 -61.624033 54.471334 -9.038481 -6.317384 -3.878955 -376.546400 -12.269771 -371.054112 -38.956696 -21.238758 55.856674 -3.585219 -12.191640 -44.695910 21.240321 -78.815138 376.756110 -6.314763 69.000361 53.982445 -21.167996 -22.482759 -54.507282 -4.081246 5.718922 -48.602682 548.482802 -72.291695 858.440971 -59.637938 61.527691 79.841777 -15.846727 -8.571666 -56.786346
0.306367 0.038316 0.439027 -18.435045 49.889847 48.922349 -0.000000 -0.000000 -0.000000 -0.000000 -0.000000 -0.000000 -0.000000 -0.000000 -0.000000 -9.041650 -52.728854 -37.505439 -0.000000 -0.000000 0.000000 -86.007614 -3.864297 -19.056609 -1.324325 -19.693823 31.065897 -7.536557 -0.598825 10.705317 44.025422 -48.735370 -91.241176 123.497806 -62.197450 45.888892 -4.837051 -3.813161 -2.512375 -371.485009 -10.771606 -370.944725 -44.448168 -23.676434 54.316555 -3.419844 -13.516220 -39.406456 16.888516 -77.077059 374.452697 -6.619808 68.269554 51.981635 -19.805910 -24.078991 -53.086136 -4.741257 6.452327 -43.539108 550.567587 -67.683182 864.085475 -57.379836 64.166029 79.698569 -12.440154 -8.767367 -51.982810
0.304053 0.038565 0.437087 -17.052086 50.414009 43.643051 -0.000000 -0.000000 0.000000 -0.000000 -0.000000 0.000000 -0.000000 -0.000000 0.000000 -6.434445 -50.919544 -32.285264 -0.000000 0.000000 -0.000000 -86.552585 -7.270124 -19.736148 -0.677551 -18.227657 28.280229 -3.746147 -5.800666 12.166459 39.265667 -43.993116 -91.540028 115.581471 -62.027167 38.283480 -2.388289 -2.361012 -1.915754 -367.022092 -9.079295 -370.441456 -48.510799 -25.160114 52.696083 -3.095897 -13.778559 -34.853468 15.471220 -76.613128 373.868608 -8.532784 68.406117 51.963782 -19.044802 -25.775719 -51.854027 -4.958037 6.669008 -38.838097 549.657982 -64.422794 869.314923 -53.306598 66.635286 79.299450 -9.377797 -9.753534 -47.618795
0.301878 0.038700 0.435530 -15.548077 50.713741 38.878495 0.000000 -0.000000 0.000000 0.000000 -0.000000 0.000000 0.000000 -0.000000 0.000000 -4.742173 -48.774521 -28.181101 -0.000000 -0.000000 0.000000 -86.933251 -10.248915 -20.180579 -0.090417 -16.008185 24.373909 -0.749701 -9.302496 13.865096 37.448415 -40.167324 -90.107497 109.223432 -60.721155 32.645833 -2.629512 -2.574324 -2.175073 -363.917365 -7.474629 -369.814777 -49.562969 -25.430716 52.093912 -2.741449 -13.491145 -30.923310 14.904218 -76.758624 373.767864 -10.623366 68.877032 52.320627 -18.555349 -27.384742 -50.658586 -4.860095 6.239145 -34.533288 546.723180 -63.341601 874.327399 -43.862895 68.707075 77.353517 -6.810539 -10.572636 -42.764103
0.299822 0.038694 0.434347 -14.101477 50.878172 34.728727 -0.000000 0.000000 0.000000 -0.000000 0.000000 0.000000 -0.000000 0.000000 0.000000 -3.897923 -46.740729 -25.097601 0.000000 -0.000000 0.000000 -87.172166 -12.916332 -20.396481 0.728570 -13.455458 19.943996 1.185473 -11.045470 15.300298 37.540960 -37.248338 -87.162323 104.735764 -58.754150 29.066733 -5.096986 -4.072827 -3.109675 -362.103828 -6.121803 -369.232955 -47.766382 -24.747170 52.712573 -2.372013 -13.129737 -27.539430 14.142241 -76.938659 373.588364 -11.787462 69.337243 51.886497 -18.206733 -28.739423 -49.444765 -4.595772 5.177456 -30.722865 542.775295 -64.568533 878.563250 -26.825308 69.059355 64.778330 -4.431799 -10.058974 -36.746759
0.297782 0.038526 0.433441 -12.914570 50.998372 31.303116 0.000000 -0.000000 -0.000000 0.000000 -0.000000 -0.000000 0.000000 -0.000000 -0.000000 -3.643287 -45.197396 -22.835335 -0.000000 -0.000000 -0.000000 -87.229840 -15.271486 -20.563305 1.764403 -11.070885 15.722055 1.882512 -11.196620 15.838672 39.044990 -35.077481 -82.595501 101.455398 -56.924006 26.702074 -8.264910 -5.861389 -4.345696 -361.427953 -5.196034 -368.764192 -44.270137 -23.445642 54.054838 -1.989461 -12.859038 -24.691234 13.209655 -77.060528 373.256610 -11.801725 69.780346 50.503677 -18.094368 -29.777883 -48.251896 -4.322505 3.435651 -27.493083 538.119309 -68.069101 881.100541 -11.047426 65.912876 41.286615 -1.734288 -7.919389 -30.113004
0.295612 0.038188 0.432674 -12.073434 51.124390 28.607687 0.000000 0.000000 -0.000000 0.000000 0.000000 -0.000000 0.000000 0.000000 -0.000000 -3.730106 -44.280077 -21.203924 -0.000000 0.000000 0.000000 -87.042145 -17.231625 -20.908970 2.812431 -9.249575 12.378186 1.554676 -10.163948 15.132918 41.476115 -33.340439 -76.571088 98.730563 -55.683983 24.799057 -10.827809 -7.241813 -5.523238 -361.758452 -4.823636 -368.471923 -40.155353 -21.854147 55.685859 -1.567070 -12.701054 -22.333874 12.297280 -77.222863 372.816361 -10.880377 70.196481 48.499464 -18.229875 -30.428406 -47.170812 -4.072567 0.744475 -24.811588 531.869617 -73.711589 880.634185 -3.716971 58.649077 26.238609 1.228512 -4.211914 -23.865808
0.293186 0.037700 0.431928 -11.523961 51.270870 26.549848 -0.000000 -0.000000 0.000000 -0.000000 -0.000000 0.000000 -0.000000 -0.000000 0.000000 -4.001201 -43.996458 -20.052102 0.000000 0.000000 0.000000 -86.576843 -18.659057 -21.645923 3.694726 -8.417842 10.740982 0.975886 -8.748301 13.664229 43.534356 -31.781423 -70.972879 96.293440 -55.073379 23.042877 -12.284482 -8.049802 -6.467496 -362.829578 -4.993643 -368.471717 -36.112701 -20.277649 57.492586 -1.077837 -12.599491 -20.395769 11.464512 -77.557732 372.266636 -9.468356 70.496224 46.422735 -18.484699 -30.588431 -46.292888 -3.792927 -3.039105 -22.591818 519.622372 -80.722267 872.655124 -1.786467 48.814160 17.825702 3.879738 1.096263 -18.855743
0.290453 0.037112 0.431151 -11.084275 51.421123 24.930572 0.000000 -0.000000 0.000000 0.000000 -0.000000 0.000000 0.000000 -0.000000 0.000000 -4.391670 -44.259710 -19.243441 -0.000000 -0.000000 0.000000 -85.865162 -19.455180 -22.884297 4.266016 -8.772900 11.345811 0.888209 -7.958497 12.668473 43.921777 -30.647055 -68.394947 94.030721 -54.943574 21.304292 -12.709847 -8.391842 -7.156257 -364.335880 -5.582867 -368.828287 -32.475977 -18.900244 59.496155 -0.665617 -12.262933 -18.871904 11.267983 -78.337578 371.869788 -8.454979 70.672268 45.144633 -18.732091 -30.264744 -45.582887 -3.556812 -7.500000 -20.792127 462.411609 -86.421366 818.179380 -1.197902 38.482514 13.624526 5.393870 7.493303 -16.268082
0.287451 0.036493 0.430356 -10.487223 51.523409 23.440908 -0.000000 -0.000000 -0.000000 -0.000000 -0.000000 -0.000000 -0.000000 -0.000000 -0.000000 -4.958891 -44.809692 -18.669885 -0.000000 0.000000 -0.000000 -85.021458 -19.669719 -24.525102 4.439351 -9.815976 13.468400 1.555994 -8.390075 13.086666 42.660935 -30.068040 -69.040833 91.791843 -55.079625 19.453687 -12.522346 -8.479410 -7.661909 -365.904005 -6.332479 -369.380568 -29.395541 -17.764803 61.573206 -0.673187 -11.271330 -17.810743 12.988627 -79.837847 372.452773 -8.864318 70.817850 45.381859 -18.812072 -29.690683 -44.745037 -3.565910 -11.777258 -19.385773 387.120824 -82.581688 744.295391 1.556239 29.255500 13.078764 4.592469 13.693770 -17.696857
0.284273 0.035912 0.429579 -9.552830 51.538760 21.820905 0.000000 -0.000000 0.000000 0.000000 -0.000000 0.000000 0.000000 -0.000000 0.000000 -5.778901 -45.388515 -18.246264 0.000000 0.000000 -0.000000 -84.239250 -19.431789 -26.368245 4.087957 -10.541523 15.261064 2.987061 -9.988152 15.009837 40.939922 -29.677813 -70.729774 89.485563 -55.268135 17.447065 -12.284540 -8.559041 -8.123241 -367.011232 -6.873004 -369.768990 -27.018383 -16.892038 63.437107 -1.364287 -9.500801 -17.188492 18.584597 -82.018767 375.853134 -11.231815 71.032236 47.098593 -18.480777 -29.271600 -43.296470 -3.920146 -15.151704 -18.286267 374.113447 -76.879141 731.773504 8.761730 22.726608 15.725346 0.432262 18.920496 -23.233921
0.281013 0.035430 0.428826 -8.369124 51.503776 20.060924 -0.000000 -0.000000 0.000000 -0.000000 -0.000000 0.000000 -0.000000 -0.000000 0.000000 -6.741942 -46.012292 -17.864177 0.000000 0.000000 0.000000 -83.750755 -18.836183 -28.275137 3.158821 -10.282169 15.301063 4.852737 -12.141142 17.874432 40.218055 -29.325124 -71.101332 87.270584 -55.379349 15.462671 -12.414430 -8.812712 -8.671434 -367.188273 -6.903316 -369.710127 -25.477087 -16.352819 64.877892 -2.679417 -7.293614 -16.867989 32.122708 -84.456213 386.531649 -15.240889 71.332092 49.458489 -17.477264 -29.277340 -40.811152 -4.483461 -17.444141 -17.358797 370.148176 -72.548334 727.753379 19.616967 20.041466 20.079001 -6.621798 23.427358 -30.755557
0.277742 0.035097 0.428082 -7.235023 51.511164 18.371282 0.000000 0.000000 0.000000 0.000000 0.000000 0.000000 0.000000 0.000000 0.000000 -7.557025 -46.878075 -17.406123 0.000000 0.000000 0.000000 -83.791052 -18.017438 -30.040776 1.955492 -9.112675 13.591590 6.378078 -14.120741 20.837484 41.289057 -29.314968 -69.537500 85.571143 -55.350148 13.877073 -13.013670 -9.286689 -9.351660 -366.336051 -6.358691 -369.219928 -24.805065 -16.225220 65.902459 -4.303437 -5.174951 -16.693236 63.059523 -86.248638 414.648633 -19.037704 71.540779 50.319053 -15.486881 -29.463890 -36.938848 -4.972855 -18.900272 -16.484088 368.535163 -69.978949 725.789265 30.742833 21.113596 23.645496 -14.525033 27.013319 -37.263044
0.274550 0.034938 0.427359 -6.416411 51.623462 16.962614 -0.000000 0.000000 -0.000000 -0.000000 0.000000 -0.000000 -0.000000 0.000000 -0.000000 -7.993486 -48.026391 -16.822021 -0.000000 0.000000 -0.000000 -84.563809 -17.225138 -31.257993 0.890029 -7.684202 11.304957 6.989056 -15.639595 23.086123 43.730516 -29.956384 -67.382598 84.791842 -55.131994 13.018789 -13.915368 -9.915088 -10.129564 -364.770843 -5.404030 -368.521316 -24.905861 -16.520477 66.641836 -5.855909 -3.553299 -16.542200 104.208647 -86.215880 453.837263 -18.794149 71.328722 45.731942 -12.288665 -28.998555 -31.386282 -5.123703 -19.876106 -15.575538 367.634725 -68.962761 724.464043 36.797995 24.049249 24.313559 -19.784825 27.677489 -39.793268
0.271582 0.034935 0.426729 -5.982728 51.825394 15.910103 -0.000000 0.000000 -0.000000 -0.000000 0.000000 -0.000000 -0.000000 0.000000 -0.000000 -8.047440 -49.262545 -16.163518 0.000000 0.000000 0.000000 -86.087759 -16.708843 -31.591013 0.117783 -7.046259 10.179414 7.015856 -16.705138 24.013045 45.916044 -31.261495 -66.887433 84.912318 -54.753164 12.849828 -14.827828 -10.586436 -10.964403 -363.103977 -4.346424 -367.772686 -25.425706 -17.059610 67.234383 -7.020089 -2.634779 -16.322032 125.426834 -85.173674 474.592337 -12.247871 70.252450 33.542993 -8.303725 -26.911701 -24.353366 -4.823401 -20.636978 -14.593747 366.762356 -68.897329 723.322515 36.109489 27.328014 22.687724 -20.951360 24.533960 -38.441252
0.269012 0.035024 0.426288 -5.818840 52.046465 15.167486 0.000000 0.000000 -0.000000 0.000000 0.000000 -0.000000 0.000000 0.000000 -0.000000 -7.881975 -50.346106 -15.535356 -0.000000 0.000000 0.000000 -88.088617 -16.582816 -31.069382 -0.343156 -8.095991 11.449203 7.217870 -17.272363 23.440891 46.033590 -32.903552 -69.607286 85.442304 -54.367966 12.958252 -15.482284 -11.197236 -11.851488 -362.091242 -3.570871 -366.962846 -25.690553 -17.432706 67.830036 -7.672920 -2.379032 -16.006773 133.214320 -84.321944 483.375067 -3.862383 67.932776 18.607761 -4.451675 -23.269475 -16.809876 -4.174600 -21.274327 -13.587212 365.698671 -69.192343 722.230917 31.688131 31.005168 20.454914 -19.659524 19.126842 -35.346107
0.266969 0.035122 0.426104 -5.728105 52.203311 14.613407 -0.000000 -0.000000 -0.000000 -0.000000 -0.000000 -0.000000 -0.000000 -0.000000 -0.000000 -7.669575 -51.119889 -15.002615 -0.000000 0.000000 0.000000 -90.202193 -16.852998 -29.921388 -0.082815 -11.170769 15.375882 7.331045 -16.853661 20.917702 43.890179 -34.324611 -74.895974 85.854107 -54.112186 12.938947 -15.824915 -11.712027 -12.795722 -362.045758 -3.296698 -366.111842 -25.250089 -17.369146 68.583736 -7.951486 -2.515953 -15.650036 136.297353 -83.815560 488.172709 1.223437 64.780623 6.730676 -1.177989 -19.160478 -9.829562 -3.446319 -21.692456 -12.677444 364.610935 -69.558590 721.235914 26.439281 35.239321 18.546152 -17.726085 12.979734 -32.058276
0.265479 0.035148 0.426173 -5.564712 52.240995 14.115335 0.000000 -0.000000 -0.000000 0.000000 -0.000000 -0.000000 0.000000 -0.000000 -0.000000 -7.499303 -51.530862 -14.556400 -0.000000 0.000000 0.000000 -92.176858 -17.472216 -28.381308 1.700207 -15.566643 21.022682 6.095448 -14.550746 16.242724 41.481660 -35.330582 -79.759836 85.965709 -53.958574 12.681829 -15.996819 -12.153737 -13.747618 -362.341746 -3.304900 -365.494736 -24.532376 -17.183411 69.592481 -8.061894 -2.805662 -15.294602 137.154064 -83.600706 490.731082 2.513114 61.806956 -0.910536 1.649851 -15.520532 -3.962728 -2.896486 -21.748958 -11.964153 363.805378 -69.967289 720.457751 21.874525 39.763340 17.244685 -16.133078 7.017279 -29.356776
0.264468 0.035042 0.426433 -5.323675 52.162783 13.621224 -0.000000 0.000000 0.000000 -0.000000 0.000000 0.000000 -0.000000 0.000000 0.000000 -7.434204 -51.593319 -14.210840 0.000000 0.000000 -0.000000 -93.823829 -18.239996 -26.809056 4.915983 -19.634489 26.479642 3.359399 -10.104919 10.729552 41.083136 -36.296208 -81.701485 85.894724 -53.823211 12.266768 -16.010038 -12.500676 -14.576300 -362.065429 -3.185320 -365.513355 -24.411636 -17.527239 70.951504 -8.032062 -3.259448 -14.905025 135.315582 -83.768309 490.398252 1.398655 59.710682 -5.402686 4.289299 -12.832289 0.812118 -2.616020 -21.436280 -11.464385 363.446184 -70.448687 719.952532 18.549569 44.087516 16.471868 -15.228498 1.823566 -27.496566
0.263818 0.034777 0.426802 -5.088683 52.012818 13.154477 -0.000000 -0.000000 0.000000 -0.000000 -0.000000 0.000000 -0.000000 -0.000000 0.000000 -7.650027 -51.247964 -14.110468 -0.000000 0.000000 0.000000 -94.986417 -18.810881 -25.667212 7.959693 -22.025205 29.785032 0.573772 -5.140004 6.326595 43.104913 -37.227844 -80.454504 85.774650 -53.710937 11.726604 -15.520240 -12.610755 -15.088603 -360.984862 -2.865289 -366.375363 -25.332338 -18.784796 72.700277 -7.767723 -3.980436 -14.418058 129.043812 -84.387801 485.654869 -0.920940 58.728369 -8.353396 7.062795 -11.295301 5.136581 -2.543654 -20.894217 -11.126848 363.494205 -70.956444 719.670136 15.926408 47.783668 16.191077 -14.629664 -2.453428 -26.196893
0.263425 0.034355 0.427231 -4.884810 51.820439 12.668545 0.000000 0.000000 -0.000000 0.000000 0.000000 -0.000000 0.000000 0.000000 -0.000000 -8.386354 -50.288314 -14.402886 -0.000000 -0.000000 -0.000000 -95.652633 -19.045176 -25.149559 9.466135 -22.570633 30.255465 -1.041201 -2.045378 4.040684 45.896427 -37.616356 -77.465827 85.601084 -53.619773 11.022437 -13.979493 -12.260389 -15.104153 -359.636325 -2.709545 -367.927400 -27.174288 -20.890469 74.632709 -7.274318 -4.880753 -13.780438 114.894015 -85.261146 473.290829 -3.453310 58.395221 -12.304482 10.224525 -10.293788 10.619944 -2.585529 -20.259073 -10.837854 363.820616 -71.396722 719.535172 12.336771 50.723117 16.774902 -13.281822 -6.236115 -24.729267
0.263240 0.033792 0.427713 -4.619687 51.575770 11.954745 -0.000000 -0.000000 -0.000000 -0.000000 -0.000000 -0.000000 -0.000000 -0.000000 -0.000000 -9.670598 -48.590722 -14.954686 0.000000 0.000000 0.000000 -95.994495 -19.244492 -25.006420 9.637896 -21.862885 28.724654 -1.212914 -1.999577 4.164274 47.035594 -37.313593 -75.548479 85.292172 -53.391771 10.165435 -11.110561 -11.288534 -14.583126 -358.722469 -3.113780 -369.697718 -29.610092 -23.487663 76.279035 -6.674118 -5.722026 -12.896337 88.700425 -85.781533 449.227317 -5.449491 58.381769 -19.887627 13.930849 -8.942289 19.078229 -2.693936 -19.549650 -10.415088 364.335141 -71.772289 719.529358 6.260763 53.095156 18.760361 -10.317028 -10.101016 -22.472231
0.263252 0.033111 0.428268 -4.180909 51.264325 10.756891 0.000000 0.000000 0.000000 0.000000 0.000000 0.000000 0.000000 0.000000 0.000000 -11.286632 -46.381663 -15.397868 -0.000000 0.000000 0.000000 -96.227566 -19.862728 -24.882572 9.104556 -20.464776 26.220372 0.334409 -5.199496 6.884437 44.743642 -36.410697 -77.115384 84.798348 -52.790366 9.247250 -7.224334 -9.726586 -13.671326 -358.744431 -4.183912 -371.095912 -32.192195 -25.985961 77.152638 -6.046279 -6.380455 -11.612998 57.390393 -85.164019 420.354711 -5.500170 59.444531 -32.365804 17.946115 -7.500633 30.707170 -2.870214 -18.707518 -9.669397 365.046840 -72.242085 719.681406 -2.578717 55.391897 22.452595 -5.795515 -14.453397 -19.354676
0.263451 0.032352 0.428903 -3.560802 50.902224 8.959666 0.000000 0.000000 0.000000 0.000000 0.000000 0.000000 0.000000 0.000000 0.000000 -13.098984 -44.074798 -15.518131 0.000000 0.000000 0.000000 -96.451527 -21.115619 -24.671928 8.255195 -18.715053 23.367614 4.023817 -10.734624 11.868894 39.229303 -34.562896 -81.604402 84.170617 -51.659018 8.415803 -3.046402 -7.813919 -12.609932 -359.869638 -5.747381 -371.830601 -34.380537 -27.783809 77.142076 -5.344737 -6.973623 -9.801464 34.723898 -83.369986 400.313359 0.098991 61.466803 -50.828913 21.272969 -7.065118 43.939396 -3.117770 -17.710356 -8.491598 366.025045 -72.995604 720.027266 -13.770523 58.049753 28.216349 -0.437902 -19.446709 -15.733395
0.263798 0.031572 0.429606 -2.853275 50.524023 6.592939 0.000000 -0.000000 0.000000 0.000000 -0.000000 0.000000 0.000000 -0.000000 0.000000 -15.156025 -41.883242 -15.340780 0.000000 0.000000 -0.000000 -96.690151 -22.984502 -24.453983 7.555933 -16.836352 20.462480 8.973966 -16.058131 17.598789 33.380804 -31.825438 -85.471106 83.551658 -49.904833 7.874544 0.650826 -5.938469 -11.646126 -361.282712 -7.241649 -372.152094 -36.299128 -29.014080 76.467094 -4.471823 -7.727020 -7.403861 20.722991 -80.794727 388.916158 12.746383 62.058011 -71.414754 23.307476 -8.142120 56.898861 -3.370965 -16.607993 -6.820429 367.280236 -74.141647 720.630107 -26.243307 60.841153 35.938227 4.750820 -24.626928 -12.082901
0.264267 0.030826 0.430379 -2.143384 50.149198 3.688988 -0.000000 0.000000 0.000000 -0.000000 0.000000 0.000000 -0.000000 0.000000 0.000000 -17.507632 -39.757601 -14.889428 0.000000 0.000000 -0.000000 -97.041302 -25.442632 -24.257287 7.625454 -14.979233 17.492605 12.604493 -18.772785 21.697346 30.258290 -29.487525 -86.430954 83.087729 -47.416922 7.822477 3.324892 -4.525825 -10.995963 -361.116049 -7.671292 -372.307961 -39.265810 -30.658071 75.029723 -3.411770 -8.732749 -4.417807 11.950554 -77.727573 382.436239 25.888880 59.853504 -78.330450 24.706048 -9.908649 68.439940 -3.482807 -15.429733 -4.555986 368.707021 -75.753223 721.636557 -38.060945 63.246427 43.942850 9.078197 -29.034830 -8.521130
0.264899 0.030162 0.431273 -1.436416 49.774637 0.239494 0.000000 0.000000 -0.000000 0.000000 0.000000 -0.000000 0.000000 0.000000 -0.000000 -20.104638 -37.637225 -14.087428 0.000000 -0.000000 0.000000 -97.686168 -28.505474 -24.039520 8.845943 -13.167590 14.171609 13.233841 -18.480781 22.631196 30.628146 -28.271787 -84.028524 82.825998 -44.144926 8.300956 4.901352 -3.798017 -10.776220 -357.986044 -6.174978 -372.042302 -44.913814 -33.404421 71.952344 -2.325383 -9.818842 -0.928854 6.680199 -74.596662 378.850304 34.294337 56.413316 -79.517223 26.202634 -11.108574 78.114282 -3.325546 -14.130127 -1.601237 370.178987 -77.857062 723.241757 -47.597304 65.433899 50.284833 12.292458 -32.184014 -4.941852
0.265785 0.029616 0.432353 -0.682441 49.383216 -3.703605 0.000000 -0.000000 0.000000 0.000000 -0.000000 0.000000 0.000000 -0.000000 0.000000 -22.842893 -35.591936 -12.880357 0.000000 0.000000 0.000000 -98.766836 -32.093224 -23.812678 11.091700 -11.382706 10.250266 11.819688 -16.183982 20.656550 33.285633 -27.255307 -77.895406 82.689760 -40.232491 9.136294 5.720552 -3.654799 -10.957858 -352.493970 -2.669448 -371.019024 -53.703889 -36.537426 66.212122 -1.504429 -10.623005 2.844318 4.003254 -72.059745 377.065823 38.573864 53.196793 -79.787855 27.414689 -11.370236 85.886401 -2.945621 -12.721912 1.970129 371.721339 -80.234071 725.562423 -55.273243 67.713991 55.121891 14.531997 -34.463202 -1.366478
0.266997 0.029223 0.433640 0.183614 48.940968 -7.979073 -0.000000 0.000000 0.000000 -0.000000 0.000000 0.000000 -0.000000 0.000000 0.000000 -25.590448 -33.729339 -11.297341 0.000000 -0.000000 -0.000000 -100.322617 -35.994008 -23.644010 13.935530 -9.697008 5.798747 10.454880 -13.221494 17.053132 36.056268 -25.223729 -69.014259 82.526919 -35.988714 10.070247 6.091881 -3.909025 -11.446753 -346.891069 1.870404 -369.430694 -63.592190 -38.463686 58.736346 -1.185538 -10.852430 6.634706 3.140826 -70.667594 376.352600 40.141863 50.425189 -79.870909 27.589960 -11.219438 91.570821 -2.575871 -11.388468 5.865562 373.469917 -82.338202 728.564883 -62.184807 69.812447 59.437598 16.402162 -36.291459 2.242350
0.268541 0.029011 0.435084 1.226755 48.408625 -12.427669 -0.000000 0.000000 -0.000000 -0.000000 0.000000 -0.000000 -0.000000 0.000000 -0.000000 -28.254330 -32.126525 -9.412592 -0.000000 0.000000 0.000000 -102.315462 -40.012375 -23.600751 16.900874 -8.164854 1.046327 10.411144 -10.813329 13.534721 37.131240 -22.176052 -60.525960 82.124145 -31.769563 10.864586 6.201216 -4.389924 -12.142860 -343.098622 5.864105 -367.851084 -71.131188 -38.813269 52.457778 -1.436426 -10.493031 10.287170 3.401686 -70.531764 376.242091 39.885657 48.241601 -79.894796 26.554708 -11.192513 94.788390 -2.338596 -10.397014 9.831832 374.545097 -83.467233 731.402022 -67.537124 71.330929 62.604383 18.803236 -37.627070 6.067912
0.270378 0.028995 0.436590 2.457430 47.783387 -16.945314 0.000000 -0.000000 -0.000000 0.000000 -0.000000 -0.000000 0.000000 -0.000000 -0.000000 -30.901778 -30.866343 -7.394986 0.000000 0.000000 0.000000 -104.637822 -43.985073 -23.823538 19.535639 -6.683856 -3.814838 11.618264 -9.716643 11.964928 36.302207 -19.192942 -54.562522 81.242052 -27.969839 11.286170 6.456348 -4.731482 -12.813800 -341.314746 8.437239 -366.661534 -75.167907 -38.562946 48.845841 -2.158575 -9.736235 13.794379 4.286398 -71.442313 376.481687 38.628177 46.839346 -79.890964 24.682165 -11.458873 95.539852 -2.006845 -9.959814 13.845431 372.438225 -83.008932 732.042877 -70.667507 72.127256 63.553238 22.792848 -38.358855 10.259297
0.272445 0.029171 0.438048 3.796072 47.104583 -21.462753 -0.000000 -0.000000 -0.000000 -0.000000 -0.000000 -0.000000 -0.000000 -0.000000 -0.000000 -33.655382 -30.038619 -5.446811 0.000000 0.000000 -0.000000 -107.129127 -47.681356 -24.576174 21.566798 -5.114040 -8.500518 13.181512 -9.769875 13.105689 34.878785 -17.184399 -51.374224 79.776695 -24.883134 11.193569 7.442601 -4.424655 -13.093481 -340.406459 9.947634 -365.975223 -77.587608 -38.433225 46.759384 -3.150713 -8.813626 17.234769 5.479602 -73.069454 376.964402 37.204153 46.263243 -79.870719 22.615897 -11.887465 94.561385 -1.218246 -10.081985 18.013971 367.444973 -80.813292 731.130927 -72.819078 72.100061 63.108526 29.448339 -38.355451 15.031657
0.274675 0.029525 0.439354 5.130511 46.408910 -25.947861 -0.000000 -0.000000 -0.000000 -0.000000 -0.000000 -0.000000 -0.000000 -0.000000 -0.000000 -36.508110 -29.594237 -3.615904 -0.000000 -0.000000 0.000000 -109.630667 -50.917461 -26.055899 23.117225 -3.502786 -12.645811 13.919225 -10.100281 15.660667 34.501562 -16.236063 -49.344388 77.869507 -22.452553 10.693893 9.367042 -3.245985 -12.805049 -338.928063 11.296555 -365.875864 -80.810307 -38.588108 44.350676 -4.209084 -7.935515 20.700939 6.716291 -74.905859 377.581931 36.069450 46.523639 -79.846811 21.152676 -12.028207 93.216278 0.105236 -10.477008 22.385756 362.328999 -77.475979 731.150216 -74.743152 71.250494 61.972404 38.679184 -36.915299 20.409100
0.277005 0.030040 0.440436 6.365787 45.735369 -30.317521 -0.000000 -0.000000 0.000000 -0.000000 -0.000000 0.000000 -0.000000 -0.000000 0.000000 -39.289022 -29.292384 -1.803224 -0.000000 0.000000 -0.000000 -112.025571 -53.753431 -28.139306 24.389192 -2.061802 -15.987498 13.044765 -10.011180 17.425430 35.953943 -15.893298 -46.555375 75.823170 -20.423360 10.073545 11.936812 -1.386285 -12.106444 -336.016796 13.281916 -366.267073 -85.702238 -38.696540 40.331657 -5.203249 -7.269237 24.169809 7.619217 -76.286049 378.029937 34.899240 47.420302 -79.835427 20.812449 -11.252302 92.952439 1.707050 -10.738339 26.822639 358.084118 -74.027974 732.549202 -76.204055 69.937037 59.179689 48.787020 -33.012290 25.912062
0.279369 0.030703 0.441244 7.454858 45.132911 -34.558862 0.000000 0.000000 -0.000000 0.000000 0.000000 -0.000000 0.000000 0.000000 -0.000000 -41.623199 -28.977210 0.277258 0.000000 0.000000 0.000000 -114.501406 -56.644020 -30.540799 25.100625 -0.958672 -18.262352 11.078481 -9.411864 17.198015 38.618136 -15.655421 -42.847097 73.952738 -18.490231 9.601546 14.907255 0.905804 -11.243651 -332.121029 16.245631 -366.578679 -90.903408 -37.824708 34.385523 -6.054190 -6.946054 27.625278 7.765930 -76.654887 377.893237 33.335757 48.492350 -79.846525 21.629588 -9.268184 94.593096 3.268979 -10.558936 31.206582 354.537078 -71.301629 734.750361 -77.037897 69.140688 53.177812 57.245018 -26.096473 30.978206
0.281680 0.031495 0.441710 8.415076 44.590981 -38.908308 -0.000000 0.000000 -0.000000 -0.000000 0.000000 -0.000000 -0.000000 0.000000 -0.000000 -43.018704 -28.753114 3.136882 0.000000 0.000000 0.000000 -117.945071 -60.315327 -33.351206 24.517508 -0.237606 -19.079598 9.492696 -8.479757 14.985419 41.202049 -15.465920 -39.724186 72.500049 -16.209095 9.449214 18.346625 3.584398 -10.365158 -329.208254 19.506216 -366.053032 -94.379215 -35.368011 27.954755 -6.626005 -7.061589 31.296932 6.912467 -75.731188 377.008943 31.717771 49.032893 -79.875662 23.089813 -6.534251 97.947962 4.470286 -9.792358 35.631767 351.489275 -69.677765 737.092994 -77.342933 70.028029 43.295064 62.197952 -16.612068 36.150646
0.283819 0.032383 0.441742 9.305638 44.005960 -43.705347 0.000000 -0.000000 -0.000000 0.000000 -0.000000 -0.000000 0.000000 -0.000000 -0.000000 -43.283639 -28.745888 7.205776 0.000000 0.000000 0.000000 -124.097812 -65.252785 -37.654055 22.228703 0.116355 -18.241994 9.171451 -7.261851 10.964957 43.028759 -15.564962 -38.243432 71.597562 -13.073922 9.687527 22.235886 6.640642 -9.545932 -329.602255 21.042497 -364.515614 -95.821830 -32.621028 23.628382 -6.645980 -7.588605 35.599264 4.969275 -73.442746 375.540596 30.722706 48.459081 -79.910228 24.624385 -3.831732 102.325166 4.934728 -8.569691 40.258900 349.118063 -69.107820 739.018541 -77.398187 72.589733 30.825586 63.584975 -6.161315 43.105554
0.285693 0.033305 0.441276 10.182456 43.244744 -49.239182 0.000000 0.000000 -0.000000 0.000000 0.000000 -0.000000 0.000000 0.000000 -0.000000 -42.735060 -29.034672 12.555125 -0.000000 -0.000000 0.000000 -136.374021 -71.178623 -46.832992 18.749299 0.104093 -16.062168 9.725337 -5.610846 5.166093 44.344633 -15.921590 -37.879210 71.205618 -8.696403 10.277878 26.100505 9.878681 -8.793846 -333.986088 18.811677 -362.750299 -95.820823 -31.771175 22.998762 -5.786014 -8.337658 40.968025 2.059969 -69.898656 373.858223 30.756325 46.813385 -79.940221 26.112142 -1.615504 107.121815 4.462710 -7.321202 45.282159 347.734252 -69.012238 740.265531 -76.947674 75.636613 15.429719 62.222324 3.381434 53.308213
0.287302 0.034167 0.440324 11.033305 42.225140 -55.638151 0.000000 0.000000 0.000000 0.000000 0.000000 0.000000 0.000000 0.000000 0.000000 -41.864866 -29.805363 18.928879 -0.000000 -0.000000 0.000000 -162.366053 -76.259710 -69.068990 15.219357 -0.304171 -13.204868 10.376283 -3.370392 -1.919541 45.644300 -16.245300 -37.469855 71.153228 -2.917083 11.085530 29.120416 12.889692 -8.029813 -341.196949 12.791571 -361.808157 -94.383512 -33.220098 26.213204 -3.889013 -9.025572 47.638502 -1.287982 -65.488517 372.412399 31.775732 44.748669 -79.962063 27.680561 0.168000 111.977893 3.210241 -6.463466 50.909768 347.335970 -68.520874 740.808340 -41.947674 76.370224 -19.570281 58.370470 10.150890 66.795287
0.288720 0.034882 0.438978 11.781173 40.921272 -62.770110 -0.000000 0.000000 0.000000 -0.000000 0.000000 0.000000 -0.000000 0.000000 0.000000 -40.978175 -31.250740 25.938992 -0.000000 0.000000 -0.000000 -201.864632 -76.516675 -105.030569 12.661513 -1.001583 -10.512195 10.959029 -0.792536 -8.986768 47.059006 -16.238836 -36.282750 71.215900 4.136434 11.929013 30.458533 15.086646 -7.167706 -349.352687 5.247721 -362.071135 -90.784132 -35.370762 32.251802 -1.177175 -9.314143 55.443148 -4.429428 -60.877070 371.430440 33.329467 42.895780 -79.976157 29.172403 1.717753 116.676550 1.398053 -6.203273 57.139237 347.794324 -67.232883 740.705059 -6.947674 71.348452 -54.570281 53.021358 12.799238 82.061184
0.290026 0.035404 0.437356 12.346625 39.297852 -70.528345 0.000000 0.000000 -0.000000 0.000000 0.000000 -0.000000 0.000000 0.000000 -0.000000 -40.020251 -33.507037 33.485708 0.000000 0.000000 -0.000000 -228.011973 -71.579221 -128.779706 11.403522 -1.676045 -8.617720 11.783925 1.506532 -14.774340 48.561501 -15.654912 -33.895927 71.104713 12.297454 12.731139 29.749850 15.941707 -6.237329 -356.298158 -1.081006 -363.143886 -84.943315 -36.829401 39.041166 1.859435 -8.975183 64.106499 -6.927719 -56.610551 370.830055 34.706211 41.378318 -79.984365 30.097764 2.979426 121.088210 -1.001097 -6.611182 63.908916 349.207359 -65.706149 740.024381 28.052326 61.901394 -79.994518 47.781006 11.353238 96.235160
0.291250 0.035749 0.435548 12.597046 37.303784 -79.133720 -0.000000 -0.000000 0.000000 -0.000000 -0.000000 0.000000 -0.000000 -0.000000 0.000000 -38.367082 -36.670965 42.209516 -0.000000 -0.000000 0.000000 -239.451936 -64.864286 -139.736780 11.256915 -1.963637 -7.781138 12.855351 2.944346 -18.169697 50.205424 -14.517618 -30.419556 70.434457 21.675260 13.645544 27.379301 15.403530 -5.360125 -360.323128 -4.874643 -364.359900 -79.142922 -37.724806 44.704774 4.586524 -8.023950 73.618813 -8.363974 -53.011507 370.454422 35.452390 40.014113 -79.988902 30.203985 3.687137 125.221594 -3.744341 -7.590317 71.629514 351.293586 -64.592098 738.770155 54.091855 51.294891 -79.993592 42.158567 7.457815 107.146250
0.292358 0.035975 0.433591 12.293613 34.983113 -88.780601 -0.000000 0.000000 -0.000000 -0.000000 0.000000 -0.000000 -0.000000 0.000000 -0.000000 -34.950608 -40.448853 53.241671 0.000000 -0.000000 -0.000000 -245.076099 -57.736848 -147.002863 11.853835 -1.710735 -7.822973 13.643381 3.174529 -18.122819 51.929942 -13.373084 -27.071694 68.740809 32.366050 15.030616 24.329299 14.110122 -4.584868 -361.398353 -6.443508 -365.340388 -75.645964 -38.596913 48.503410 6.133534 -6.410296 84.043413 -8.771163 -50.702268 369.977495 36.044533 38.681191 -79.991522 30.010689 3.461718 129.054777 -5.900640 -8.986080 80.890583 353.523582 -63.645449 737.168164 44.215107 41.841076 -79.989260 34.223769 2.692842 114.265431
0.293273 0.036170 0.431479 11.280740 32.576754 -98.959831 -0.000000 0.000000 0.000000 -0.000000 0.000000 0.000000 -0.000000 0.000000 0.000000 -29.235031 -43.779044 66.933693 0.000000 -0.000000 0.000000 -248.910319 -50.582628 -153.871256 12.738194 -0.888408 -8.477369 13.791603 2.205102 -14.744962 53.642079 -12.777145 -24.973597 65.554985 43.720695 17.362945 21.620243 12.999027 -3.809880 -360.865221 -6.696507 -365.951264 -74.687845 -39.392544 50.238002 6.185326 -4.145396 95.012503 -8.856801 -49.863936 369.096535 38.006093 37.322686 -79.993315 30.819895 1.786331 132.377046 -7.073008 -10.660969 91.276065 355.906913 -62.813411 735.675116 34.679798 33.252285 -79.982277 25.272727 -1.679091 118.807590
0.293922 0.036435 0.429206 9.670034 30.334082 -108.890559 -0.000000 0.000000 -0.000000 -0.000000 0.000000 -0.000000 -0.000000 0.000000 -0.000000 -22.056195 -45.625631 82.209936 0.000000 -0.000000 0.000000 -252.281303 -43.439526 -160.350277 13.624277 0.604424 -9.898687 13.504440 0.603637 -9.801758 55.430217 -12.524474 -23.596447 60.279225 54.785624 21.346124 19.562016 12.567367 -2.835882 -359.905215 -6.167685 -365.991612 -75.709862 -39.698648 49.771519 4.965969 -1.852378 105.817287 -8.814476 -50.120692 367.933383 42.518699 35.919493 -79.994755 33.690403 -1.426045 134.999976 -7.555595 -12.279873 101.878532 358.217462 -62.504856 734.412672 28.386753 26.479812 -79.976892 18.235658 -5.283132 122.278083
0.294290 0.036849 0.426815 7.762072 28.400923 -117.895399 0.000000 -0.000000 0.000000 0.000000 -0.000000 0.000000 0.000000 -0.000000 0.000000 -15.230765 -45.824248 96.947926 0.000000 -0.000000 0.000000 -255.196334 -36.342832 -165.462983 14.660303 2.702560 -12.322999 12.911809 -0.749902 -5.357476 57.461138 -11.979993 -21.672047 52.086615 64.872125 27.948817 17.498466 12.508420 -1.464841 -358.906242 -4.817178 -365.241016 -78.006536 -39.123835 47.229840 2.865457 -0.098257 115.751946 -8.769451 -51.083765 366.714536 49.304598 35.068090 -79.995923 38.620812 -5.117880 136.618682 -7.546679 -13.845203 111.757036 360.630763 -62.810486 733.549689 25.188955 22.251906 -79.974443 14.031882 -8.210847 124.983928
0.294421 0.037459 0.424406 5.874717 26.828642 -125.483507 0.000000 0.000000 0.000000 0.000000 0.000000 0.000000 0.000000 0.000000 0.000000 -10.192474 -45.024949 109.318785 0.000000 0.000000 0.000000 -257.324814 -29.528922 -168.555544 15.994303 4.924275 -15.345061 12.028899 -1.402206 -2.531650 59.647271 -11.013455 -19.092905 39.088675 73.542268 39.176396 14.599006 12.152432 0.345582 -357.954592 -2.603824 -363.700924 -80.569516 -37.497903 43.318715 0.308521 1.081161 124.292462 -9.093108 -52.380325 365.524661 59.095724 35.954143 -79.996972 46.133595 -8.318786 136.290717 -6.988027 -15.751502 120.096657 363.968792 -63.599208 733.542077 23.421537 20.242550 -79.972616 11.552612 -10.217314 126.578980
0.294354 0.038302 0.422086 4.270384 25.629004 -131.199246 -0.000000 -0.000000 0.000000 -0.000000 -0.000000 0.000000 -0.000000 -0.000000 0.000000 -7.477045 -44.009062 118.299241 0.000000 0.000000 0.000000 -258.474619 -23.392711 -169.444945 17.154835 6.693879 -17.973732 11.214656 -1.306048 -1.717321 61.831983 -10.093460 -16.777078 16.426059 80.022670 60.066474 10.865817 11.259720 2.395612 -357.254675 -0.054304 -361.754745 -82.501307 -35.086814 39.127697 -1.985509 2.000167 130.895015 -9.770014 -53.435033 364.421207 71.393068 39.540073 -79.998023 57.139790 -11.393180 132.472316 -6.188477 -18.334067 126.215148 368.674305 -65.069239 734.732765 21.663306 19.818061 -79.969555 9.548838 -10.944787 126.943293
0.294089 0.039405 0.419920 2.989330 24.749654 -135.087425 0.000000 0.000000 -0.000000 0.000000 0.000000 -0.000000 0.000000 0.000000 -0.000000 -6.712458 -43.064784 124.190711 -0.000000 0.000000 0.000000 -258.936449 -17.919556 -168.525685 17.347840 7.800837 -19.362527 10.749948 -0.477558 -2.825896 64.233570 -9.756583 -15.485912 -24.227462 83.187084 99.162347 6.989464 10.104335 4.358927 -357.118508 1.918455 -359.981949 -83.367985 -32.507448 35.662249 -3.534021 2.688853 135.465625 -10.132639 -54.099792 363.530705 77.781740 45.001679 -79.998766 68.041937 -15.880632 125.049835 -5.621632 -21.084248 130.297012 373.864829 -67.085773 736.811563 19.952396 20.781662 -79.965889 8.210735 -10.419568 126.657265
0.293608 0.040774 0.417920 1.823426 24.136164 -137.754794 0.000000 -0.000000 -0.000000 0.000000 -0.000000 -0.000000 0.000000 -0.000000 -0.000000 -7.161177 -41.778106 128.278724 -0.000000 -0.000000 0.000000 -259.320716 -12.725612 -166.648331 16.300799 8.394326 -19.390105 10.201419 0.802920 -4.856856 67.338008 -10.465293 -15.656127 -68.327233 82.261712 142.049996 3.559335 8.906588 5.905919 -358.010601 2.556150 -358.766628 -82.843151 -30.314562 33.640320 -4.609073 3.252356 138.684204 -10.121417 -54.600659 362.732884 79.227065 50.278899 -79.998988 73.075380 -21.812371 117.211233 -5.277390 -23.315847 133.208858 378.816431 -69.125344 739.315485 19.268292 23.276586 -79.964534 8.591007 -9.077333 126.610938
0.292918 0.042386 0.416079 0.619802 23.809151 -139.582582 0.000000 0.000000 0.000000 0.000000 0.000000 0.000000 0.000000 0.000000 0.000000 -8.435819 -39.518552 131.414248 0.000000 0.000000 0.000000 -260.042267 -7.739306 -164.480596 14.413851 8.736365 -18.578194 8.907303 2.052174 -6.387240 71.201112 -12.565022 -17.483801 -92.698037 79.091636 165.683142 0.893429 7.729378 6.791015 -360.455030 1.573620 -358.167247 -80.551735 -28.652266 33.282469 -5.489090 3.707764 141.016703 -9.822968 -55.280350 361.803092 79.264668 52.375550 -79.998625 71.184449 -26.147111 114.234986 -5.101335 -24.532156 135.471107 382.754147 -70.758367 741.608601 19.919192 27.015394 -79.967292 10.786142 -7.216328 127.188387
0.292068 0.044185 0.414385 -0.586304 23.778176 -140.670413 0.000000 0.000000 -0.000000 0.000000 0.000000 -0.000000 0.000000 0.000000 -0.000000 -10.174898 -36.141529 133.879987 0.000000 -0.000000 -0.000000 -261.347421 -3.018202 -162.207524 12.258961 9.141542 -17.683051 7.083768 2.996119 -6.942131 74.793661 -15.776213 -20.530104 -104.731025 75.539510 177.577269 -0.779134 6.826371 7.077657 -364.486373 -0.718539 -358.138711 -76.554627 -27.249525 34.087814 -6.203874 3.842621 142.533841 -9.176259 -56.519266 360.638248 78.630693 50.760391 -79.997658 66.319634 -28.259438 116.403285 -5.130800 -24.535951 137.157785 384.689873 -71.676411 742.904126 21.534803 31.156485 -79.973456 13.985539 -4.898269 128.418370
0.291122 0.046074 0.412813 -1.701015 23.956571 -141.277337 -0.000000 0.000000 -0.000000 -0.000000 0.000000 -0.000000 -0.000000 0.000000 -0.000000 -11.868172 -32.328514 135.909201 -0.000000 -0.000000 -0.000000 -263.488535 1.552095 -159.844831 10.165907 9.911891 -17.222471 5.682722 3.721771 -7.217114 76.815345 -19.038170 -23.834716 -110.698157 72.339925 183.922893 -1.469674 6.511603 7.149394 -369.217270 -3.443716 -358.629902 -71.966664 -25.829604 35.050628 -6.736445 3.494278 143.449997 -8.176523 -58.293687 359.474661 76.072603 42.985647 -79.996737 60.256838 -27.343617 126.861527 -5.318671 -23.588621 138.439942 384.401331 -71.850671 742.947652 23.454615 34.494910 -79.980436 16.951771 -2.458883 130.232671
0.290110 0.047922 0.411300 -2.699300 24.204473 -141.851885 0.000000 0.000000 -0.000000 0.000000 0.000000 -0.000000 0.000000 0.000000 -0.000000 -13.148253 -28.960978 137.826904 0.000000 0.000000 0.000000 -266.495568 6.033106 -157.549501 8.268812 11.105004 -17.268151 5.179994 4.150553 -7.607605 76.901379 -21.573004 -26.925916 -113.167706 69.636989 186.963032 -1.487136 6.856601 7.384865 -373.136959 -5.533184 -359.383995 -68.628742 -24.442921 35.213916 -7.152844 2.615457 144.210851 -6.860634 -60.263843 358.792920 68.362513 23.292956 -79.997011 55.233053 -29.722919 150.152673 -5.497636 -22.232530 139.703852 382.877319 -71.555538 742.287674 25.133740 35.796477 -79.985934 18.655891 -0.962278 132.566347
0.288990 0.049618 0.409746 -3.618953 24.421637 -142.720440 -0.000000 -0.000000 -0.000000 -0.000000 -0.000000 -0.000000 -0.000000 -0.000000 -0.000000 -13.921707 -26.623243 139.831033 -0.000000 -0.000000 -0.000000 -270.000457 10.280831 -155.552956 6.563975 12.268102 -17.344147 5.411117 3.813761 -7.701345 75.152189 -23.640217 -30.404219 -113.438625 67.374447 187.670004 -1.079073 7.848292 7.980647 -375.017703 -6.385314 -360.023257 -67.832018 -23.302615 34.099318 -7.513881 1.275318 145.173875 -5.249681 -62.139693 358.934503 34.378908 -1.890508 -79.997588 31.178003 -38.782857 174.755254 -5.524743 -20.932234 141.237978 381.340184 -71.127824 741.564878 26.378325 34.412917 -79.989362 18.906400 -1.581650 135.272078
0.287665 0.051117 0.408038 -4.502373 24.578104 -143.953290 0.000000 -0.000000 0.000000 0.000000 -0.000000 0.000000 0.000000 -0.000000 0.000000 -14.221476 -25.610798 141.906401 0.000000 0.000000 0.000000 -273.500860 14.124473 -153.990172 4.989673 12.781604 -16.835073 6.139434 2.457329 -7.145128 71.625394 -25.696692 -35.082083 -112.372461 65.407872 186.817600 -0.375857 9.384569 8.925054 -374.736790 -6.156034 -360.411450 -69.512651 -22.417914 31.877663 -7.750204 -0.318812 146.446172 -3.335605 -63.690506 359.909590 -0.621092 -7.249037 -79.998493 -24.739751 -41.258404 175.307962 -5.388426 -19.845397 143.099738 380.280670 -70.742149 740.961253 27.340049 30.593978 -79.991281 18.276243 -4.644805 138.120644
0.286029 0.052430 0.406096 -5.364627 24.693403 -145.431781 -0.000000 -0.000000 -0.000000 -0.000000 -0.000000 -0.000000 -0.000000 -0.000000 -0.000000 -14.213292 -25.894533 143.935121 -0.000000 -0.000000 -0.000000 -276.676837 17.500540 -152.836702 3.586387 12.635582 -15.767417 7.242361 0.497608 -6.244591 66.926837 -27.410512 -40.504124 -110.876145 63.428190 185.466996 0.206672 10.806330 9.892566 -373.213817 -5.373532 -360.542118 -72.166479 -21.585466 29.315797 -7.676940 -1.917587 147.926757 -1.053684 -64.658550 361.496514 -35.621092 -2.013199 -79.998783 -38.440405 -37.573335 178.930125 -5.173079 -18.925558 145.169472 379.643293 -70.452779 740.413535 28.281999 25.430038 -79.992224 17.522828 -9.430518 140.657340
0.284039 0.053590 0.403922 -6.211859 24.815698 -146.995589 0.000000 0.000000 0.000000 0.000000 0.000000 0.000000 0.000000 0.000000 0.000000 -14.117335 -26.846964 145.916867 -0.000000 -0.000000 -0.000000 -279.432728 20.480079 -151.953240 2.460976 12.474320 -14.823027 8.486241 -1.198508 -5.682957 62.591561 -28.156593 -44.835138 -109.826732 61.144987 184.646983 -0.017193 10.958850 10.319407 -371.543678 -4.318664 -360.169739 -73.796884 -20.711416 27.349179 -7.119322 -3.389554 149.453076 1.725616 -64.981715 363.368065 -43.755246 0.334390 -79.998967 -43.009334 -36.701723 181.328209 -4.974016 -18.135144 147.286102 379.347398 -70.335749 739.939072 29.521398 20.555209 -79.992549 17.290289 -14.510393 142.424126
0.281741 0.054614 0.401611 -7.061740 24.994685 -148.580646 0.000000 0.000000 -0.000000 0.000000 0.000000 -0.000000 0.000000 0.000000 -0.000000 -14.132744 -27.798905 147.954100 -0.000000 -0.000000 -0.000000 -281.776204 23.238556 -151.188738 1.668917 12.838191 -14.584323 9.552037 -1.985141 -5.905142 59.949861 -27.901421 -46.603241 -109.455240 58.556074 184.563397 -1.508417 9.042162 9.724933 -370.190757 -2.840106 -358.865224 -73.331352 -19.869156 26.472612 -6.078650 -4.708492 150.977362 5.017013 -64.943491 365.178913 -30.570814 -2.947887 -79.999015 -30.339417 -38.145958 180.091736 -4.830850 -17.469573 149.397586 379.353312 -70.436037 739.604727 31.243936 17.305003 -79.992729 18.014286 -18.457225 143.602752
0.279236 0.055475 0.399321 -7.941160 25.241393 -150.283497 -0.000000 0.000000 -0.000000 -0.000000 0.000000 -0.000000 -0.000000 0.000000 -0.000000 -14.321270 -28.472586 150.228948 -0.000000 0.000000 0.000000 -283.746412 25.983852 -150.474850 1.191333 13.660762 -15.018724 10.294432 -1.726635 -6.999470 59.176912 -26.980564 -45.807869 -109.359792 55.827767 184.667388 -4.331278 5.213609 8.018019 -368.954765 -0.868887 -356.561616 -70.845056 -19.172245 26.715018 -4.789161 -5.795833 152.656523 8.497453 -64.829219 366.666650 -22.954994 -6.025756 -79.999105 -22.024716 -40.341391 180.810388 -4.722757 -16.890673 151.629910 379.518043 -70.661477 739.376337 32.954156 15.856732 -79.993128 19.392869 -20.622772 144.769862
0.276621 0.056107 0.397233 -8.888456 25.522688 -152.306214 -0.000000 -0.000000 0.000000 -0.000000 -0.000000 0.000000 -0.000000 -0.000000 0.000000 -14.514633 -28.968291 152.972005 -0.000000 0.000000 -0.000000 -285.348208 28.860995 -149.896335 0.946501 14.482992 -15.637501 10.763374 -0.575339 -8.899284 59.767497 -25.656676 -43.233665 -109.167124 53.061828 184.361231 -8.378503 0.390469 5.608481 -367.346303 1.228356 -353.966453 -67.019520 -18.791067 28.062094 -3.543433 -6.431823 154.763444 11.573805 -64.515543 367.687087 -32.660946 -7.386737 -79.999315 -30.623536 -43.185600 182.021499 -4.681988 -16.405323 154.222689 379.641902 -70.941377 739.185488 33.626303 15.505632 -79.993637 20.270693 -21.220995 146.024436
0.273975 0.056430 0.395540 -9.959587 25.800400 -154.811009 -0.000000 -0.000000 0.000000 -0.000000 -0.000000 0.000000 -0.000000 -0.000000 0.000000 -14.520399 -29.484943 156.364071 0.000000 0.000000 0.000000 -286.484840 31.891899 -149.696272 0.857326 14.856731 -15.938035 11.082358 1.130702 -11.305205 61.134515 -24.142591 -39.809155 -108.812368 50.339444 183.273824 -13.293258 -4.280913 3.277791 -364.967846 2.996757 -352.203505 -62.708791 -18.867792 30.506942 -2.540426 -6.327759 157.497064 13.721187 -63.697298 368.157090 -62.801264 1.659893 -79.999488 -59.080167 -42.172933 186.633651 -4.879216 -16.187977 157.383543 379.634257 -71.448071 739.079538 32.580373 15.669201 -79.994069 19.749140 -20.660781 147.253365
0.271372 0.056395 0.394419 -11.184098 26.046627 -157.820640 0.000000 -0.000000 0.000000 0.000000 -0.000000 0.000000 0.000000 -0.000000 0.000000 -14.429167 -30.106922 160.433641 0.000000 0.000000 0.000000 -287.060858 35.001239 -150.097834 0.891432 14.546395 -15.657628 11.260853 2.874004 -13.541578 62.762302 -22.798179 -36.582519 -108.171544 47.848011 181.096360 -17.987060 -7.790826 1.927893 -362.059765 4.145299 -351.998716 -58.672860 -19.355864 33.759862 -1.998182 -5.462916 160.876248 14.824627 -62.604903 368.111320 -75.516415 19.010498 -79.999497 -71.591628 -40.280200 203.525270 -5.402017 -16.410318 161.168533 379.486369 -72.324941 739.057082 29.795192 16.580347 -79.994593 17.950287 -18.706203 148.849368
0.268894 0.056005 0.393973 -12.480079 26.224010 -161.246877 0.000000 -0.000000 0.000000 0.000000 -0.000000 0.000000 0.000000 -0.000000 0.000000 -14.653077 -30.828416 165.023701 -0.000000 0.000000 -0.000000 -287.194058 38.099340 -151.019573 0.982832 13.609586 -14.785217 11.136726 4.282277 -14.984211 64.419386 -22.008833 -34.309021 -106.656930 45.803273 177.516063 -20.868452 -9.548304 2.113128 -359.551359 4.476848 -353.158953 -55.283441 -20.037545 37.281605 -2.190362 -4.570826 164.802313 15.235914 -62.256248 367.823276 -77.302648 33.486892 -79.999478 -69.752876 -38.519921 220.661488 -5.953724 -16.740404 165.444577 378.926339 -73.033863 738.618889 25.505885 19.058948 -79.995374 15.406477 -14.634666 151.402315
0.266620 0.055283 0.394206 -13.651203 26.305592 -164.941146 0.000000 -0.000000 -0.000000 0.000000 -0.000000 -0.000000 0.000000 -0.000000 -0.000000 -15.622619 -31.657142 169.818663 -0.000000 -0.000000 -0.000000 -287.269115 41.175116 -151.964428 0.981535 12.458082 -13.575470 10.665863 5.318469 -15.566654 66.110478 -21.821528 -32.999178 -103.492596 44.233611 172.494787 -20.958064 -9.422207 3.648113 -358.343727 3.960673 -354.847719 -52.413066 -20.624401 40.575320 -3.120686 -4.974487 169.123727 15.471961 -63.691545 367.713150 -77.001180 41.566186 -79.999413 -64.655353 -33.669974 229.822397 -6.026052 -16.174912 169.893752 377.487071 -72.345066 736.955802 20.934194 23.174861 -79.996294 13.078110 -8.791729 155.055376
0.264599 0.054254 0.395038 -14.514881 26.308898 -168.706835 -0.000000 -0.000000 0.000000 -0.000000 -0.000000 0.000000 -0.000000 -0.000000 0.000000 -17.376992 -32.674634 174.437252 -0.000000 0.000000 0.000000 -287.745460 44.297715 -152.269964 0.735108 11.688888 -12.479173 10.067232 5.975671 -15.526408 67.714651 -22.004551 -32.322729 -98.509169 42.864813 166.580682 -18.557908 -7.720854 5.714702 -358.408805 3.128635 -356.059846 -50.162011 -20.888598 42.994008 -4.325473 -7.428108 173.587323 15.868193 -66.900980 368.085181 -75.660656 45.311889 -79.999275 -60.333549 -26.693242 232.073693 -5.463495 -13.806881 174.082816 375.556546 -69.423421 734.239423 17.561282 28.222070 -79.997123 11.721619 -2.329932 159.079195
0.262800 0.052956 0.396308 -15.022403 26.265832 -172.349982 -0.000000 0.000000 0.000000 -0.000000 0.000000 0.000000 -0.000000 0.000000 0.000000 -19.352875 -34.062002 178.602164 -0.000000 0.000000 -0.000000 -288.865202 47.444318 -151.596469 0.221853 11.602083 -11.796184 9.545219 6.168654 -15.012843 68.999212 -22.369920 -32.101784 -92.398601 41.333107 160.711862 -14.570885 -4.930654 7.523445 -358.542524 3.196570 -355.805966 -49.869736 -20.870918 43.220780 -5.256800 -11.533518 177.914750 16.495645 -70.955483 368.977826 -73.527304 48.418972 -79.999081 -56.907743 -18.850865 232.227333 -4.649456 -9.803757 177.700675 374.075679 -64.787221 731.470255 15.668709 33.376002 -79.997705 11.215799 3.730964 162.480132
0.261115 0.051454 0.397818 -15.247342 26.175303 -175.761905 0.000000 -0.000000 -0.000000 0.000000 -0.000000 -0.000000 0.000000 -0.000000 -0.000000 -20.711412 -35.944357 182.273791 -0.000000 -0.000000 -0.000000 -290.511320 50.399672 -150.179100 -0.436236 11.947727 -11.422119 9.082269 6.165885 -14.355666 70.084716 -22.707447 -31.954341 -86.320376 39.417784 155.801171 -9.810805 -1.445524 8.780934 -357.322483 5.573198 -353.315121 -53.551846 -20.565363 39.549360 -5.668738 -16.295036 181.966669 17.194139 -74.898073 370.153293 -71.153436 51.886303 -79.998879 -54.552072 -11.406452 232.516752 -4.094474 -5.257602 180.773065 373.176274 -59.799469 729.091482 14.648337 37.750764 -79.998025 11.093528 8.475597 164.821544
0.259420 0.049814 0.399417 -15.289768 26.018384 -178.930467 -0.000000 -0.000000 0.000000 -0.000000 -0.000000 0.000000 -0.000000 -0.000000 0.000000 -21.083269 -38.094762 185.595748 0.000000 -0.000000 0.000000 -292.419058 52.971295 -148.450720 -1.141707 12.335628 -11.081952 8.575689 6.673463 -14.239143 71.530500 -22.632515 -31.052100 -81.490573 37.100600 152.517533 -5.171918 2.257002 9.668543 -354.935426 10.779948 -348.501882 -61.227691 -18.927828 31.466207 -5.551757 -20.338163 185.685668 17.253371 -77.676101 370.716728 -69.645598 55.333872 -79.998698 -53.649756 -5.591282 233.666205 -4.084250 -1.492530 183.568844 372.478549 -55.740596 727.145343 14.017879 40.557097 -79.998180 11.109204 11.296967 166.431162
0.257633 0.048105 0.401031 -15.199047 25.798977 -181.879995 -0.000000 -0.000000 0.000000 -0.000000 -0.000000 0.000000 -0.000000 -0.000000 0.000000 -21.076382 -39.909905 188.641012 -0.000000 0.000000 -0.000000 -294.480825 55.176470 -146.527296 -1.932232 12.680770 -10.643706 8.061724 8.132345 -15.114035 73.668193 -21.872013 -28.920521 -78.745710 34.511837 151.136796 -1.710977 5.516385 10.636913 -353.477342 16.883953 -342.650359 -68.972541 -15.066927 21.794401 -5.023559 -22.269302 188.956121 15.675204 -78.221937 369.350259 -70.141265 58.332026 -79.998497 -54.526939 -2.149988 235.916238 -4.536340 0.427923 186.326400 371.722010 -53.479502 725.661154 12.243461 42.547372 -79.998273 10.009276 13.395018 168.556000
0.255707 0.046416 0.402592 -14.962811 25.536472 -184.618640 -0.000000 0.000000 0.000000 -0.000000 0.000000 0.000000 -0.000000 0.000000 0.000000 -22.184077 -40.722992 191.182344 -0.000000 -0.000000 -0.000000 -296.652500 57.097970 -144.347680 -2.873329 13.053023 -10.089326 7.698845 10.203202 -16.674890 76.127794 -20.619182 -26.115164 -78.198095 31.768332 151.511772 -0.149315 7.725463 11.925492 -353.836200 20.462929 -338.385578 -72.957187 -10.994747 14.829988 -4.284973 -21.628475 191.637003 13.424438 -76.427710 366.776069 -72.904559 60.728841 -79.998003 -57.227034 -0.692798 238.863356 -5.044831 0.085986 189.074360 370.888483 -53.309063 724.597832 7.371220 45.645680 -79.998370 6.041154 16.982823 172.884145
0.253595 0.044841 0.404018 -14.578421 25.255438 -187.129917 0.000000 0.000000 -0.000000 0.000000 0.000000 -0.000000 0.000000 0.000000 -0.000000 -25.613170 -40.153756 192.967066 -0.000000 0.000000 0.000000 -298.693734 58.731442 -142.139061 -3.927546 13.424119 -9.423920 7.516674 12.035928 -18.051184 78.274861 -19.478443 -23.729809 -79.314776 28.877989 153.223226 -0.384625 8.531108 13.110439 -354.700035 20.145325 -337.851531 -73.317510 -9.327521 12.507378 -3.585887 -19.197357 193.736588 11.982249 -73.503587 364.628399 -76.334981 62.671187 -79.996563 -61.076230 -0.269205 242.118233 -5.211532 -1.920114 191.681183 370.063704 -54.462623 723.772827 0.540477 50.779645 -79.998556 -0.319068 22.689393 180.085375
0.251261 0.043430 0.405299 -14.128858 25.009540 -189.391858 0.000000 0.000000 0.000000 0.000000 0.000000 0.000000 0.000000 0.000000 0.000000 -31.219110 -38.096369 194.216245 0.000000 0.000000 0.000000 -300.279922 60.079978 -140.354590 -4.990308 13.804832 -8.763798 7.366812 12.760778 -18.306392 79.734235 -19.085729 -22.619419 -81.322437 25.837980 155.714754 -1.724892 7.909236 13.444706 -355.448566 16.568895 -341.137596 -71.178962 -10.707049 14.919890 -3.230366 -15.971900 195.411845 11.025043 -70.553736 363.026771 -78.476578 64.202666 -79.992825 -64.787384 -0.106016 245.440957 -4.891161 -4.505091 194.037079 369.436134 -55.575475 722.953866 -5.540077 57.584087 -79.998843 -7.684831 29.871993 189.626218
0.248699 0.042192 0.406530 -13.741702 24.853498 -191.433305 0.000000 0.000000 0.000000 0.000000 0.000000 0.000000 0.000000 0.000000 0.000000 -37.644215 -34.870623 195.542418 0.000000 -0.000000 0.000000 -301.319324 61.261922 -139.198931 -5.995200 14.323031 -8.284474 7.124727 11.875680 -16.917014 80.447560 -19.792722 -23.128204 -83.554554 22.738818 158.361449 -3.558797 6.179384 12.669772 -356.896687 10.883751 -346.779618 -66.531876 -14.068722 21.304841 -3.420403 -12.579493 196.884024 9.980714 -67.683923 361.680967 -79.351286 65.566837 -79.984945 -67.409453 0.340510 248.717928 -3.979414 -6.908767 196.144711 369.507675 -55.934729 721.978522 -10.259619 64.807764 -79.999121 -16.317046 37.547155 201.219864
0.245929 0.041125 0.407846 -13.480171 24.760216 -193.385083 -0.000000 0.000000 0.000000 -0.000000 0.000000 0.000000 -0.000000 0.000000 0.000000 -43.321547 -31.393051 197.314028 -0.000000 0.000000 0.000000 -302.089516 62.456764 -138.364788 -6.959562 14.965339 -7.942250 6.785302 9.642139 -14.172499 80.646313 -21.520448 -25.033047 -85.707867 19.675430 160.640121 -5.710760 3.854123 11.232407 -359.403986 5.189767 -352.419560 -60.150555 -17.131567 29.159202 -4.003623 -9.564106 198.403137 8.913703 -64.791919 360.516321 -79.682489 67.042444 -79.971480 -68.951965 1.196407 252.013647 -2.205361 -8.906939 198.126954 371.034878 -55.997834 720.866879 -13.802048 70.345776 -79.999386 -27.043593 43.610159 215.725822
0.243000 0.040227 0.409367 -13.337922 24.647874 -195.429844 -0.000000 -0.000000 0.000000 -0.000000 -0.000000 0.000000 -0.000000 -0.000000 0.000000 -47.198012 -28.744701 199.404184 0.000000 -0.000000 -0.000000 -303.138418 63.809303 -137.222341 -7.976320 15.456533 -7.407617 6.282804 7.187948 -11.150276 80.913773 -23.750896 -27.458837 -87.881147 16.584913 162.339557 -8.176180 1.440416 9.764560 -361.533415 1.775773 -355.839723 -55.040435 -18.484779 34.689335 -4.542718 -7.425023 200.168252 8.216826 -62.313849 359.536339 -79.814886 68.524132 -79.954324 -69.581056 2.031090 255.232482 0.579516 -10.532807 200.191168 374.434282 -56.733707 719.830010 -15.075250 73.147006 -79.999669 -37.998259 44.937139 231.842759
0.239983 0.039468 0.411168 -13.324754 24.501128 -197.687665 0.000000 0.000000 -0.000000 0.000000 0.000000 -0.000000 0.000000 0.000000 -0.000000 -49.312577 -27.273184 201.606744 0.000000 0.000000 0.000000 -305.187426 65.424767 -135.022370 -9.145628 15.586432 -6.423056 5.377928 6.052941 -9.194213 82.101797 -25.660103 -28.953751 -90.481359 13.217239 163.621684 -10.806061 -0.662633 8.635432 -362.265019 0.931891 -356.578311 -53.214666 -18.591387 36.190140 -4.700702 -6.318472 202.268876 8.117024 -60.812708 358.728122 -79.832903 69.916777 -79.953585 -68.580303 2.089608 257.738368 3.957518 -11.681246 202.509983 379.316691 -58.804198 719.146347 -16.326791 73.644031 -79.999852 -45.111486 39.678267 245.725064
0.236925 0.038816 0.413226 -13.493565 24.388098 -200.183162 -0.000000 0.000000 -0.000000 -0.000000 0.000000 -0.000000 -0.000000 0.000000 -0.000000 -50.691971 -26.483434 203.939270 0.000000 0.000000 0.000000 -309.235477 67.389757 -130.711836 -10.479558 15.537290 -5.116346 3.944161 7.469867 -9.234127 84.756176 -26.361162 -28.121523 -93.920677 9.255975 164.770599 -13.328566 -2.195619 7.908603 -362.644719 1.184909 -355.883310 -53.676246 -18.052818 34.860829 -4.432253 -6.039928 204.722760 8.597964 -60.430436 358.120468 -79.655397 70.943607 -79.979594 -65.293378 0.968003 258.750067 7.006899 -12.138515 205.122358 384.590100 -62.253539 718.989674 -24.520070 72.166353 -79.999898 -46.263902 29.063427 254.564459
0.233844 0.038254 0.415404 -13.899305 24.383917 -202.915463 -0.000000 -0.000000 0.000000 -0.000000 -0.000000 0.000000 -0.000000 -0.000000 0.000000 -52.200519 -25.968766 206.457238 -0.000000 -0.000000 0.000000 -316.669895 69.635976 -122.815187 -11.913234 15.708481 -3.818164 2.229877 11.583459 -11.134059 88.304448 -25.413912 -24.872282 -97.920732 4.630979 165.773437 -15.639617 -3.195527 7.465291 -363.935427 1.003273 -355.298070 -54.055593 -17.165164 32.961889 -3.851534 -6.296990 207.548603 9.552311 -61.020291 357.779074 -78.679002 70.758054 -79.995119 -60.578282 -0.961134 258.222695 8.906279 -11.941590 208.025125 388.981353 -66.476335 719.471278 -36.195717 68.802865 -79.999889 -43.326109 17.483148 258.342161
0.230776 0.037760 0.417568 -14.567022 24.552015 -205.961230 -0.000000 -0.000000 0.000000 -0.000000 -0.000000 0.000000 -0.000000 -0.000000 0.000000 -53.822936 -25.861075 209.195650 -0.000000 0.000000 0.000000 -328.742873 71.709312 -110.211307 -13.416317 16.110219 -2.548803 0.457948 17.058323 -13.535370 91.505289 -23.582679 -20.915901 -101.301467 -0.261517 166.318303 -17.809941 -3.995936 7.141438 -366.139307 -0.107602 -355.620695 -52.377623 -16.232254 32.340214 -3.063436 -6.885451 210.851123 10.890984 -62.507630 357.843692 -76.077369 69.341597 -79.998502 -55.878779 -3.127536 257.106889 9.464040 -11.425714 211.347759 391.694715 -70.476333 720.857373 -43.740008 64.715344 -79.999881 -39.317597 8.207849 259.226585
0.227816 0.037278 0.419687 -15.466053 24.964180 -209.582761 -0.000000 0.000000 0.000000 -0.000000 0.000000 0.000000 -0.000000 0.000000 0.000000 -55.019956 -26.538991 212.331273 -0.000000 0.000000 -0.000000 -345.320432 72.931596 -93.442734 -15.023771 16.065844 -0.840202 -1.651276 21.950928 -14.699366 93.801716 -22.654795 -18.293881 -103.013585 -5.056422 166.256415 -19.581784 -4.740377 6.903525 -369.072580 -2.023006 -356.896577 -47.794841 -15.335780 33.803580 -2.101352 -7.683013 214.918159 12.544912 -64.716908 358.532503 -72.633186 67.842682 -79.999284 -51.847812 -5.009748 256.434338 9.071175 -10.780548 215.372508 392.748673 -73.370227 723.342739 -46.398948 62.152462 -79.999895 -36.173243 1.779080 259.367799
0.225063 0.036743 0.421776 -16.473558 25.668502 -214.163207 0.000000 -0.000000 -0.000000 0.000000 -0.000000 -0.000000 0.000000 -0.000000 -0.000000 -55.295433 -28.281494 216.189396 -0.000000 -0.000000 0.000000 -364.344005 72.817304 -74.910852 -16.727367 14.782981 1.764416 -4.307383 24.991433 -13.792779 95.283942 -23.934660 -17.852385 -103.004124 -10.003865 165.830071 -20.734118 -5.433701 6.735153 -372.726796 -4.368725 -358.777244 -40.765295 -14.149173 36.940811 -0.985006 -8.606635 220.139796 14.265819 -67.070509 359.885175 -68.146876 67.135667 -79.999615 -48.365229 -6.170356 256.666781 8.364666 -9.777742 220.352880 392.835904 -74.730010 726.695903 -46.814768 62.552769 -79.999916 -35.283074 -2.051477 259.636109
0.222510 0.036103 0.423773 -17.392179 26.641458 -219.764191 -0.000000 0.000000 0.000000 -0.000000 0.000000 0.000000 -0.000000 0.000000 0.000000 -54.387631 -30.940424 220.962727 0.000000 -0.000000 0.000000 -382.395339 71.184930 -58.044634 -18.387311 12.031069 5.256484 -7.116518 25.899433 -11.244848 96.140655 -27.496865 -19.386221 -101.816799 -15.452654 165.541906 -21.630514 -6.351249 6.303305 -376.193853 -6.352254 -360.366769 -32.928557 -12.414653 40.409653 0.311272 -9.423862 226.498453 15.776939 -68.876431 361.604799 -59.336198 67.216792 -79.999849 -44.730186 -6.825195 258.668795 7.696731 -8.266284 226.200071 392.567241 -74.762695 730.283007 -46.680230 65.124495 -79.999932 -36.665288 -4.015579 259.891900
0.220021 0.035303 0.425538 -18.117506 27.835910 -225.963394 -0.000000 -0.000000 0.000000 -0.000000 -0.000000 0.000000 -0.000000 -0.000000 0.000000 -52.391684 -33.928500 226.565657 0.000000 0.000000 0.000000 -396.779756 68.260794 -45.353731 -19.723414 8.093641 9.286135 -9.572235 24.963936 -7.884371 96.498716 -32.831097 -22.595676 -100.600129 -21.525398 165.791563 -22.742646 -7.691616 5.093799 -378.481394 -7.558722 -360.953684 -26.222061 -10.508690 43.092727 1.833733 -9.815734 233.447566 17.222531 -70.031269 363.458714 -44.187235 67.216653 -79.999968 -40.261428 -7.643055 263.746017 6.797982 -6.602722 232.529650 391.733408 -74.156071 733.242376 -45.545413 68.007428 -79.999947 -38.767021 -5.041781 260.187198
0.217425 0.034279 0.426948 -18.737316 29.241456 -232.188832 0.000000 0.000000 0.000000 0.000000 0.000000 0.000000 0.000000 0.000000 0.000000 -49.888930 -36.649607 232.641967 -0.000000 0.000000 0.000000 -407.069908 64.514465 -37.153678 -20.401435 3.511153 13.389158 -11.349172 22.573689 -4.373651 96.325413 -39.196798 -27.527970 -100.989646 -28.212225 166.215528 -24.059444 -9.177362 2.974139 -379.753064 -8.281625 -360.874540 -21.899141 -9.139189 44.892439 3.245467 -9.744562 240.381665 18.599498 -70.911435 365.246462 -28.073601 65.698528 -79.999995 -35.045670 -8.888791 271.400471 5.398312 -5.352268 238.959455 390.290826 -73.620247 735.178593 -41.968039 70.145286 -79.999965 -40.068752 -5.524088 260.828777
0.214605 0.033007 0.427952 -19.370965 30.821534 -237.972719 -0.000000 0.000000 -0.000000 -0.000000 0.000000 -0.000000 -0.000000 0.000000 -0.000000 -47.647761 -38.799350 238.608375 -0.000000 -0.000000 0.000000 -414.086640 60.328100 -32.453656 -20.330808 -0.752319 16.940096 -12.231325 19.183063 -1.273715 95.365813 -45.283245 -34.183183 -104.048862 -35.192302 165.744634 -25.059015 -10.352707 0.411253 -380.719330 -8.925719 -360.968580 -20.301727 -8.753433 46.291293 4.139471 -9.442911 246.856800 19.772492 -71.900648 366.722203 -17.912487 62.514759 -44.999995 -29.645134 -10.301394 279.418828 3.636562 -4.905034 245.170963 388.497584 -73.546673 735.959392 -35.465208 71.213832 -79.999981 -39.881876 -5.505440 261.909985
0.211529 0.031538 0.428564 -20.014037 32.466451 -243.029579 0.000000 -0.000000 -0.000000 0.000000 -0.000000 -0.000000 0.000000 -0.000000 -0.000000 -46.079732 -40.288999 243.935659 -0.000000 -0.000000 -0.000000 -418.841356 55.930955 -29.835146 -19.793977 -3.597685 19.248147 -12.241160 15.188736 1.175457 93.098353 -49.768650 -42.119182 -109.241891 -41.650228 163.732604 -25.139534 -10.965035 -1.802960 -381.480329 -9.572478 -361.753085 -20.998921 -9.371106 47.714425 4.485954 -9.030037 252.543980 21.059517 -73.171963 367.866537 -14.391432 59.456775 -9.999995 -25.070192 -11.671550 286.173791 1.910027 -5.301177 250.877816 386.410474 -73.874855 735.417120 -28.622100 71.157178 -79.999990 -38.384563 -5.248208 263.239924
0.208239 0.029977 0.428861 -20.613715 34.089968 -247.313121 -0.000000 -0.000000 -0.000000 -0.000000 -0.000000 -0.000000 -0.000000 -0.000000 -0.000000 -45.204372 -41.164545 248.422055 -0.000000 -0.000000 0.000000 -422.220522 51.502245 -28.109120 -18.994130 -4.750199 20.055001 -11.511489 10.639990 3.221870 88.484566 -52.311184 -51.084235 -114.914104 -46.856643 160.671566 -24.320801 -11.083499 -3.173543 -381.391268 -10.005238 -363.134350 -23.152553 -10.743950 49.316357 4.515409 -8.489872 257.342649 22.968872 -74.647931 368.914289 -14.914560 58.577545 25.000005 -22.797179 -13.139425 291.074252 0.449470 -6.205386 255.914162 384.028949 -74.232230 733.648982 -24.735198 70.340524 -79.999993 -36.502745 -5.235727 264.804511
0.204803 0.028449 0.428956 -21.200374 35.685971 -250.881062 0.000000 0.000000 0.000000 0.000000 0.000000 0.000000 0.000000 0.000000 0.000000 -44.991509 -41.628406 252.054399 -0.000000 -0.000000 0.000000 -424.751327 47.315935 -26.920546 -17.766679 -5.002292 19.835535 -10.146990 5.812536 5.161934 80.216689 -53.029041 -60.898040 -119.661649 -50.692597 157.581137 -23.358309 -11.026791 -3.834949 -379.541419 -9.842472 -364.543969 -26.133692 -12.616708 50.937173 4.279722 -7.962470 261.366001 25.229966 -75.995310 369.772559 -17.521581 60.044302 60.000005 -23.214196 -14.848883 294.201875 -0.771767 -7.179512 260.221851 381.865440 -74.436169 731.466066 -23.664397 69.488644 -79.999994 -35.187190 -5.604267 266.684474
0.201253 0.027071 0.428928 -21.867538 37.249973 -253.722817 0.000000 -0.000000 -0.000000 0.000000 -0.000000 -0.000000 0.000000 -0.000000 -0.000000 -45.336549 -41.935969 254.844972 0.000000 -0.000000 0.000000 -426.683817 43.687426 -26.362851 -15.938644 -5.236188 19.245187 -8.522023 1.773955 6.858548 70.063692 -51.995760 -69.650018 -122.904726 -53.371692 155.191792 -22.601708 -10.932690 -4.042805 -375.892297 -8.928676 -365.508149 -29.672901 -14.775055 52.160457 3.603126 -7.533668 264.630773 27.237559 -76.805522 369.986754 -21.306348 62.058568 74.951363 -24.780562 -16.589244 296.271027 -1.846631 -8.180706 263.823634 380.182424 -74.713348 729.572166 -23.494207 69.035901 -79.999995 -34.490196 -6.077091 268.792141
0.197584 0.025929 0.428804 -22.635135 38.746650 -256.007246 -0.000000 0.000000 0.000000 -0.000000 0.000000 0.000000 -0.000000 0.000000 0.000000 -45.748993 -42.330202 257.118108 -0.000000 0.000000 0.000000 -428.282734 40.659624 -26.264228 -13.657975 -5.593932 18.438418 -7.287359 -0.613567 8.017169 62.541500 -49.886970 -74.850293 -124.321449 -55.254860 153.930912 -21.809443 -10.696278 -3.840169 -371.429893 -7.466829 -365.896846 -33.234166 -16.812421 52.686635 2.402745 -7.115889 267.239779 28.829658 -76.970679 369.319069 -25.508068 63.459383 75.844546 -26.272327 -17.927009 297.819824 -2.754933 -9.324727 266.951484 378.806783 -75.327626 727.982440 -22.647583 68.671506 -79.999996 -33.566269 -6.274247 270.986869
0.193847 0.025080 0.428615 -23.367248 40.114050 -258.143745 -0.000000 0.000000 -0.000000 -0.000000 0.000000 -0.000000 -0.000000 0.000000 -0.000000 -45.537938 -42.945268 259.466276 -0.000000 0.000000 0.000000 -429.755572 38.062106 -26.306040 -11.246239 -5.842139 17.268435 -6.791868 -1.527651 8.662565 58.613906 -47.620143 -76.248772 -123.679292 -56.834408 154.092205 -20.724078 -10.204675 -3.246593 -367.556057 -5.940804 -365.865437 -35.770175 -18.158378 52.688831 0.893686 -6.494608 269.475748 30.540420 -76.753278 368.298591 -29.171394 64.281362 76.640518 -27.450052 -18.516461 299.032610 -3.360353 -10.532307 269.957385 377.612496 -76.332069 726.394644 -21.059640 67.951276 -79.999997 -31.846777 -6.047018 273.221127
0.190182 0.024559 0.428438 -23.850122 41.309362 -260.575497 -0.000000 0.000000 -0.000000 -0.000000 0.000000 -0.000000 -0.000000 0.000000 -0.000000 -44.248546 -43.735021 262.425039 -0.000000 -0.000000 -0.000000 -431.137698 35.701993 -26.387781 -8.983581 -5.967073 15.871828 -6.909038 -1.619063 9.002546 57.233525 -45.616548 -75.195187 -121.448822 -58.603632 155.526016 -19.127697 -9.353041 -2.336246 -365.598275 -5.036993 -365.733197 -36.447554 -18.481233 52.591640 -0.597793 -5.530479 271.693536 32.927477 -76.604628 367.840219 -31.394309 64.769186 77.126757 -28.108161 -18.235873 300.014030 -3.536769 -11.472568 273.106476 376.887488 -77.638266 724.784396 -19.795480 66.869881 -79.999997 -29.598656 -5.539320 275.477738
0.186745 0.024389 0.428330 -23.942784 42.363150 -263.563597 -0.000000 -0.000000 0.000000 -0.000000 -0.000000 0.000000 -0.000000 -0.000000 0.000000 -41.886925 -44.482080 266.231480 -0.000000 -0.000000 0.000000 -432.381679 33.405470 -26.596849 -7.041440 -6.174558 14.712815 -7.509281 -1.071301 8.973592 57.638124 -43.946533 -72.503517 -118.617636 -60.835065 157.675518 -16.876137 -8.075590 -1.217600 -366.204651 -5.226260 -365.754926 -35.233547 -17.861772 52.660788 -1.931484 -4.297719 274.170232 36.183554 -76.958916 368.693339 -31.796889 65.030337 77.224231 -27.782715 -17.306375 301.060194 -3.271834 -11.802937 276.501074 377.259725 -79.203648 723.641290 -19.701786 65.507367 -79.999998 -27.111248 -5.206203 277.860859
0.183611 0.024567 0.428277 -23.668577 43.364904 -267.066507 0.000000 0.000000 -0.000000 0.000000 0.000000 -0.000000 0.000000 0.000000 -0.000000 -38.965853 -44.979669 270.669810 0.000000 0.000000 -0.000000 -433.506090 31.051681 -26.948868 -5.489540 -6.567683 14.101500 -8.669903 0.506767 8.157357 59.903533 -42.503199 -68.032787 -115.995908 -63.501660 160.001259 -14.300064 -6.583416 -0.144180 -368.785779 -6.285457 -366.001781 -32.760068 -16.649782 52.930087 -3.094748 -3.006541 276.989090 40.676088 -78.068589 371.624740 -30.752780 65.337757 76.905794 -26.490500 -16.208199 302.497746 -2.809353 -11.540911 280.081457 378.885646 -80.869093 723.430630 -20.584737 63.752787 -79.999998 -24.327548 -5.467289 280.680469
0.180766 0.025032 0.428224 -23.197248 44.364759 -270.708563 0.000000 0.000000 -0.000000 0.000000 0.000000 -0.000000 0.000000 0.000000 -0.000000 -36.327459 -45.254589 275.062049 0.000000 0.000000 0.000000 -434.554805 28.698808 -27.360902 -4.380469 -7.041756 13.981124 -10.234012 3.269619 6.294563 63.884761 -40.977007 -61.869769 -114.211336 -66.342682 161.989959 -12.144909 -5.357781 0.539535 -371.830305 -7.500649 -366.323090 -30.007578 -15.308197 53.259860 -4.107361 -1.902738 279.949505 46.915638 -79.695327 377.377243 -28.859794 66.128167 76.111652 -25.017308 -15.437495 304.261340 -2.455967 -11.115478 283.625159 380.832973 -82.238985 723.946574 -21.266404 61.872872 -44.999998 -21.604828 -6.203964 284.146858
0.178150 0.025663 0.428124 -22.712169 45.344379 -274.116020 0.000000 0.000000 -0.000000 0.000000 0.000000 -0.000000 0.000000 0.000000 -0.000000 -34.526361 -45.600352 278.834110 -0.000000 -0.000000 0.000000 -435.545407 26.457465 -27.733133 -3.865307 -7.406291 14.132370 -11.583663 6.376588 3.929161 68.296899 -39.283263 -55.505295 -114.135346 -69.164714 162.779972 -11.086416 -4.843561 0.611062 -373.783120 -8.219120 -366.464547 -27.980296 -14.309870 53.481941 -4.996964 -1.152210 282.801770 54.694050 -81.187879 385.870668 -26.533701 67.717723 74.737761 -24.403951 -15.495185 305.874516 -2.304380 -11.036984 286.981480 381.157528 -82.923810 723.979558 -20.718092 60.719992 -9.999998 -19.877476 -7.024920 288.062734
0.175699 0.026317 0.427936 -22.255008 46.251836 -277.203137 0.000000 -0.000000 -0.000000 0.000000 -0.000000 -0.000000 0.000000 -0.000000 -0.000000 -33.443819 -46.196445 281.957756 -0.000000 0.000000 -0.000000 -436.467376 24.372710 -28.005967 -4.170418 -7.465530 14.311505 -12.186265 8.323949 2.237392 71.637279 -37.989223 -50.996193 -116.339008 -71.911039 161.653691 -11.193923 -5.070853 0.125595 -373.895475 -8.200692 -366.366600 -27.280483 -13.968919 53.573021 -5.746296 -0.742268 285.464018 62.039174 -82.040226 395.038956 -23.980464 70.001055 72.637493 -25.247970 -16.829186 306.930665 -2.264973 -11.501925 290.156560 378.642576 -82.828367 722.507697 -18.843764 60.526662 25.000002 -19.367984 -7.948649 292.154062
0.173364 0.026892 0.427614 -21.701212 47.058564 -280.222414 0.000000 -0.000000 -0.000000 0.000000 -0.000000 -0.000000 0.000000 -0.000000 -0.000000 -32.489038 -46.900548 284.903320 -0.000000 0.000000 -0.000000 -437.330291 22.357121 -28.145859 -5.409328 -7.031625 14.231075 -11.871499 8.008084 2.054015 73.226053 -37.628495 -49.256999 -120.614004 -74.618790 158.589539 -11.759424 -5.586340 -0.621055 -372.652011 -7.699526 -366.259346 -27.844944 -14.284245 53.631063 -6.356381 -0.520778 288.076446 65.933816 -82.174944 401.535199 -20.819051 72.218962 69.202486 -26.987631 -19.485580 307.609182 -2.224684 -12.308204 293.292679 374.383005 -82.198119 720.136860 -16.595199 60.653800 60.000002 -19.284854 -9.263692 296.286770
0.171112 0.027346 0.427095 -20.922334 47.760030 -283.456252 0.000000 0.000000 -0.000000 0.000000 0.000000 -0.000000 0.000000 0.000000 -0.000000 -31.150896 -47.455142 288.141566 -0.000000 0.000000 0.000000 -438.134251 20.266722 -28.152404 -7.450951 -5.996573 13.671040 -10.495559 5.129101 3.472780 72.780798 -38.115666 -50.221441 -126.979132 -77.338257 153.423208 -12.073651 -5.981424 -1.372853 -371.133380 -7.177471 -366.357468 -29.064354 -14.973838 53.769071 -6.871959 -0.365496 290.810523 65.125213 -81.757147 403.731594 -16.022190 73.760258 62.981149 -28.579992 -22.973428 308.275363 -2.173418 -13.161899 296.500055 369.985410 -81.343168 717.779276 -15.178209 60.639379 72.336449 -18.937099 -10.944959 300.114928
0.168904 0.027682 0.426316 -19.982015 48.351679 -286.812501 -0.000000 0.000000 -0.000000 -0.000000 0.000000 -0.000000 -0.000000 0.000000 -0.000000 -29.461172 -47.768449 291.603007 -0.000000 -0.000000 -0.000000 -438.823724 18.093657 -28.084210 -9.938195 -4.423678 12.632300 -7.916109 0.024530 6.335783 70.000032 -39.053864 -53.723428 -136.823083 -79.876581 144.722112 -12.107183 -6.251425 -2.099417 -370.089355 -6.923466 -366.664107 -30.181845 -15.675869 54.088899 -7.336495 -0.310405 293.600995 60.912538 -80.977686 402.627181 -9.202110 74.607471 53.375474 -29.450124 -26.673268 309.096381 -2.175682 -14.040750 299.677717 365.974821 -80.407112 715.597963 -15.070557 60.510622 70.083625 -18.283848 -12.665362 303.068595
0.166697 0.027901 0.425225 -19.128751 48.845135 -289.845907 0.000000 -0.000000 -0.000000 0.000000 -0.000000 -0.000000 0.000000 -0.000000 -0.000000 -27.902584 -47.991281 294.735838 0.000000 0.000000 -0.000000 -439.344529 16.028643 -28.041921 -12.329791 -2.617067 11.353232 -4.360179 -6.108020 10.245063 65.311755 -39.893573 -59.042533 -151.204158 -81.723505 131.350161 -12.090662 -6.518865 -2.833689 -369.676477 -6.955554 -367.062730 -30.760245 -16.175273 54.641222 -7.770971 -0.512458 296.160984 55.423414 -80.038211 400.072781 -1.157125 74.892358 42.444856 -29.345001 -29.871266 310.284937 -2.229786 -15.162209 302.582061 362.185644 -79.439576 713.432231 -15.983185 60.496059 69.035226 -17.672311 -14.155552 304.822497
0.164466 0.027996 0.423815 -18.562124 49.269043 -292.210622 -0.000000 -0.000000 -0.000000 -0.000000 -0.000000 -0.000000 -0.000000 -0.000000 -0.000000 -26.834300 -48.321558 297.124910 0.000000 -0.000000 0.000000 -439.722159 14.291310 -28.086018 -14.037512 -1.088703 10.204541 -0.766332 -11.332876 14.126680 60.460430 -40.181940 -64.232409 -166.855462 -82.603030 116.432181 -11.977564 -6.746544 -3.501455 -369.620245 -7.113509 -367.398723 -30.928194 -16.502675 55.326108 -8.179676 -1.081742 298.271052 50.089830 -79.132427 397.210795 6.080679 74.604919 32.701301 -28.136308 -31.697830 312.080498 -2.240023 -16.610541 305.052403 358.546111 -78.521672 711.264625 -17.463524 60.693129 69.061322 -17.302185 -15.379263 305.657030
0.162238 0.027959 0.422147 -18.242864 49.627855 -294.005789 -0.000000 0.000000 0.000000 -0.000000 0.000000 0.000000 -0.000000 0.000000 0.000000 -26.110790 -48.756610 298.921537 -0.000000 0.000000 0.000000 -440.052894 12.917975 -28.150648 -14.739951 -0.232607 9.433446 1.588908 -14.308513 16.708824 57.334535 -40.038558 -67.359363 -179.156502 -82.905910 104.488825 -11.531400 -6.779540 -3.934560 -369.551954 -7.225126 -367.569435 -31.157087 -16.835109 55.916308 -8.565520 -1.937127 299.986397 45.390135 -78.336663 394.318028 10.899411 73.807234 26.146980 -26.460547 -31.821033 314.090370 -2.115522 -18.180778 307.156622 355.250312 -77.707678 709.242451 -19.156098 60.982179 69.560491 -17.096446 -16.403771 306.147943
0.160077 0.027804 0.420327 -17.972070 49.894582 -295.621304 0.000000 0.000000 0.000000 0.000000 0.000000 0.000000 0.000000 0.000000 0.000000 -25.290455 -49.102265 300.624903 -0.000000 -0.000000 -0.000000 -440.422701 11.778216 -28.112292 -14.556173 -0.031911 9.008381 2.149272 -15.097141 17.600675 56.539231 -39.855249 -67.973079 -188.332266 -83.106438 95.302661 -10.585553 -6.470058 -3.956913 -369.374552 -7.283936 -367.669313 -31.764362 -17.302807 56.273113 -8.908331 -2.870617 301.547465 41.283017 -77.592942 391.408942 13.766895 72.854546 22.518029 -25.362765 -31.017333 315.460353 -1.842968 -19.633652 309.111344 352.496335 -76.895473 707.560071 -20.646162 61.159760 70.005405 -16.921892 -17.226887 306.639588
0.158036 0.027568 0.418450 -17.614077 50.062222 -297.342460 -0.000000 0.000000 -0.000000 -0.000000 0.000000 -0.000000 -0.000000 0.000000 -0.000000 -24.113551 -49.175262 302.566988 -0.000000 0.000000 -0.000000 -440.845992 10.744261 -27.963341 -13.828184 -0.318603 8.874096 1.258523 -14.413821 17.232777 57.591366 -39.808135 -66.748188 -196.983469 -83.295341 86.384489 -9.195635 -5.790039 -3.533217 -369.329938 -7.470816 -367.966851 -32.597291 -17.870499 56.535510 -9.159882 -3.739274 303.153659 37.687950 -76.857179 388.657096 15.569364 72.267262 20.778926 -25.328416 -30.422562 315.708049 -1.478372 -20.945945 311.089224 350.313869 -75.892225 706.369155 -21.587018 61.043892 70.151132 -16.653063 -17.791983 307.155533
0.156122 0.027304 0.416554 -17.203487 50.172152 -299.161694 0.000000 -0.000000 -0.000000 0.000000 -0.000000 -0.000000 0.000000 -0.000000 -0.000000 -22.676885 -48.919592 304.694930 -0.000000 -0.000000 -0.000000 -441.279756 9.752928 -27.805645 -12.857878 -1.077517 9.185190 -0.458934 -12.786188 16.035544 59.685155 -39.859616 -64.587160 -206.483098 -83.242444 76.541951 -7.737233 -4.955776 -2.904244 -369.704373 -7.955359 -368.642069 -33.154397 -18.375745 57.035842 -9.297780 -4.549574 304.833226 34.578065 -76.162280 386.235609 16.533386 72.223345 20.339454 -26.070057 -30.463477 315.032646 -1.082263 -22.176614 313.095996 348.629839 -74.727649 705.572470 -22.071652 60.552385 70.120171 -16.178207 -18.049035 307.624581
0.154315 0.027043 0.414654 -16.873896 50.277194 -300.882478 -0.000000 -0.000000 -0.000000 -0.000000 -0.000000 -0.000000 -0.000000 -0.000000 -0.000000 -21.220733 -48.375417 306.752522 0.000000 -0.000000 0.000000 -441.685157 8.761177 -27.671225 -11.837341 -2.345169 10.150393 -2.420241 -10.506538 14.271139 62.003355 -39.968842 -62.364286 -215.664454 -82.651513 67.100060 -6.736864 -4.367494 -2.471958 -370.550777 -8.705644 -369.591771 -33.007532 -18.654417 58.003100 -9.349523 -5.381921 306.474965 31.881698 -75.525090 384.135749 16.582337 72.382538 21.037431 -26.975898 -30.688389 313.943070 -0.693381 -23.149435 314.958919 347.472398 -73.851613 704.712485 -22.551624 59.721381 70.302296 -15.476140 -17.875265 308.047603
0.152605 0.026789 0.412778 -16.731366 50.392864 -302.309021 -0.000000 0.000000 -0.000000 -0.000000 0.000000 -0.000000 -0.000000 0.000000 -0.000000 -19.948143 -47.638395 308.494675 -0.000000 -0.000000 -0.000000 -442.061451 7.762986 -27.479602 -10.829368 -4.038202 11.770547 -4.244616 -7.893771 12.303362 63.915420 -40.245358 -60.853294 -222.349530 -81.521779 60.269408 -6.452436 -4.291197 -2.494870 -371.695876 -9.545746 -370.552308 -32.098561 -18.639156 59.405837 -9.353932 -6.276890 307.936029 29.533092 -74.915507 382.295962 15.628085 72.246856 22.945824 -27.441035 -30.349066 312.882267 -0.382951 -23.505843 316.423564 346.991027 -73.805808 703.251081 -23.196774 58.590908 70.936812 -14.621484 -16.996983 308.467332
0.151000 0.026528 0.410972 -16.789525 50.494318 -303.351553 -0.000000 0.000000 -0.000000 -0.000000 0.000000 -0.000000 -0.000000 0.000000 -0.000000 -19.025651 -46.869243 309.755081 0.000000 0.000000 -0.000000 -442.424099 6.834712 -27.168018 -9.742228 -6.018360 13.862726 -5.925728 -5.217131 10.537410 65.242724 -40.867240 -60.406087 -226.131353 -80.224173 56.365643 -6.699229 -4.660310 -2.954769 -372.852099 -10.294596 -371.284231 -30.739257 -18.397224 61.007939 -9.326825 -7.202100 309.124365 27.527969 -74.327457 380.713246 14.328682 71.429267 25.488573 -27.131406 -28.880832 312.111198 -0.273378 -23.087585 317.309903 347.249279 -74.721912 700.977094 -23.459672 57.229832 71.834587 -13.808352 -15.052263 308.795933
0.149521 0.026257 0.409286 -16.990208 50.550057 -304.040984 0.000000 -0.000000 -0.000000 0.000000 -0.000000 -0.000000 0.000000 -0.000000 -0.000000 -18.537589 -46.262858 310.500507 0.000000 -0.000000 0.000000 -442.780075 6.075647 -26.756808 -8.388224 -8.215176 16.264874 -7.673545 -2.531469 9.213095 66.127100 -41.900338 -60.922427 -227.995527 -79.160413 54.296995 -7.108563 -5.234911 -3.686486 -373.684669 -10.788747 -371.565302 -29.442290 -18.099049 62.447813 -9.261792 -8.092802 310.035398 25.881360 -73.807982 379.402567 13.772914 69.720487 27.571389 -26.116851 -26.172720 311.715111 -0.466498 -22.033154 317.602785 348.079168 -76.392608 697.930101 -22.567995 55.895786 72.755587 -13.300036 -11.719280 308.734614
0.148188 0.025998 0.407757 -17.263498 50.547020 -304.496986 -0.000000 0.000000 -0.000000 -0.000000 0.000000 -0.000000 -0.000000 0.000000 -0.000000 -18.383903 -45.953052 310.882106 0.000000 0.000000 -0.000000 -443.128352 5.504724 -26.299951 -6.629960 -10.577690 18.881782 -9.517288 0.067123 8.472813 66.490531 -43.274060 -62.359637 -228.971817 -78.447105 53.008276 -7.446625 -5.831614 -4.532389 -373.956071 -10.908292 -371.225184 -28.646996 -17.913340 63.371426 -9.140039 -8.882796 310.749886 24.610046 -73.415077 378.380329 13.916133 67.358271 28.989257 -24.774228 -22.899127 311.574549 -0.967761 -20.503126 317.425870 349.014368 -78.691179 693.923863 -20.567450 54.769524 73.801003 -12.940724 -7.018086 307.990484
0.147003 0.025784 0.406407 -17.553284 50.493338 -304.897488 -0.000000 -0.000000 -0.000000 -0.000000 -0.000000 -0.000000 -0.000000 -0.000000 -0.000000 -18.316869 -45.946839 311.184396 -0.000000 -0.000000 -0.000000 -443.467037 5.019826 -25.829302 -4.512246 -12.978861 21.605301 -11.133683 2.184469 8.399066 65.773854 -44.805854 -65.037425 -229.868446 -77.903229 51.758687 -7.686087 -6.379412 -5.383358 -373.690354 -10.657213 -370.318384 -28.489605 -17.902407 63.634160 -8.939820 -9.544363 311.417879 23.655881 -73.151919 377.643956 13.994367 65.163992 30.115704 -23.545141 -20.230518 311.474529 -1.664586 -18.514806 316.998336 349.118230 -81.595399 688.327301 -18.506820 53.896709 75.144345 -12.207380 -1.704520 306.428765
0.145956 0.025641 0.405228 -17.790693 50.413467 -305.463948 0.000000 -0.000000 -0.000000 0.000000 -0.000000 -0.000000 0.000000 -0.000000 -0.000000 -18.110130 -46.121715 311.696794 -0.000000 -0.000000 0.000000 -443.801896 4.422829 -25.329314 -2.240163 -15.247634 24.304002 -12.085518 3.419232 8.842429 63.393177 -46.174152 -69.233177 -231.345373 -77.216046 50.008507 -7.916304 -6.887132 -6.188474 -373.117014 -10.173768 -369.147547 -28.820200 -18.028777 63.383812 -8.659087 -10.146525 312.234612 22.744936 -72.912050 377.091174 13.824951 63.786709 30.849668 -22.674061 -18.836330 311.402060 -2.372627 -16.080438 316.617543 345.843205 -84.923782 679.203651 -17.704456 53.596817 76.606003 -11.070842 2.804415 304.169909
0.145028 0.025578 0.404191 -17.888758 50.341795 -306.404725 -0.000000 0.000000 -0.000000 -0.000000 0.000000 -0.000000 -0.000000 0.000000 -0.000000 -17.681293 -46.287120 312.598460 -0.000000 -0.000000 -0.000000 -444.149780 3.508355 -24.757157 -0.008832 -17.279820 26.901184 -12.188535 3.762058 9.455175 59.355297 -47.013580 -74.666875 -233.715538 -76.111693 47.559113 -8.228489 -7.399469 -6.961523 -372.505769 -9.656700 -368.062950 -29.368195 -18.222749 62.934544 -8.340265 -10.836443 313.369782 21.464103 -72.491302 376.532101 13.820958 63.166401 30.728939 -22.188921 -18.595862 311.500703 -2.928612 -13.341194 316.579662 319.040456 -88.200931 647.126274 -19.043077 54.392737 77.845582 -10.316894 5.408787 301.675309
0.144201 0.025590 0.403249 -17.798186 50.312384 -307.800572 0.000000 -0.000000 0.000000 0.000000 -0.000000 0.000000 0.000000 -0.000000 0.000000 -17.109161 -46.317067 313.885358 0.000000 0.000000 0.000000 -444.523116 2.197028 -24.115307 2.101072 -19.063667 29.393257 -11.580583 3.482593 9.970182 54.246587 -47.116464 -80.364632 -236.714756 -74.508029 44.717326 -8.583652 -7.910827 -7.713882 -372.148272 -9.317457 -367.290937 -29.835391 -18.392491 62.574086 -8.032793 -11.746241 314.880905 19.562459 -71.711509 375.847603 14.748294 62.918462 29.352287 -22.198031 -18.936002 311.693317 -3.292268 -10.515255 317.024644 212.025489 -87.400831 535.777636 -22.925648 56.100693 78.719320 -10.479419 5.906108 299.666357
0.143447 0.025668 0.402341 -17.549180 50.350513 -309.550243 -0.000000 -0.000000 -0.000000 -0.000000 -0.000000 -0.000000 -0.000000 -0.000000 -0.000000 -16.583639 -46.251661 315.375334 0.000000 0.000000 -0.000000 -444.916287 0.594433 -23.492213 4.061641 -20.599162 31.744050 -10.542444 2.844640 10.305488 48.889337 -46.500920 -85.218270 -239.781247 -72.591649 41.980088 -8.777650 -8.307067 -8.354957 -372.269403 -9.310060 -366.921351 -30.020111 -18.463930 62.446113 -7.736087 -12.914162 316.692363 17.142822 -70.555047 375.096435 16.901077 62.636964 26.883086 -22.700474 -19.273979 311.783408 -3.554637 -7.946552 317.904202 197.684658 -84.363253 518.255071 -28.995837 57.724315 79.237564 -11.264214 4.540379 298.830194
0.142734 0.025803 0.401407 -17.211215 50.470716 -311.473744 -0.000000 0.000000 -0.000000 -0.000000 0.000000 -0.000000 -0.000000 0.000000 -0.000000 -16.274681 -46.233563 316.852420 -0.000000 0.000000 -0.000000 -445.322850 -1.110925 -22.998035 5.815460 -21.842957 33.801695 -9.393553 2.094181 10.462133 44.157116 -45.401590 -88.610118 -242.558895 -70.689855 39.571108 -8.650599 -8.454293 -8.717263 -372.648041 -9.538926 -366.947830 -30.089669 -18.533032 62.516094 -7.422283 -14.247847 318.663065 14.585983 -69.189778 374.439615 19.579268 62.022382 24.098878 -23.335885 -19.326593 311.800357 -3.805612 -6.173398 319.131962 194.423149 -82.180188 513.499660 -35.225785 58.777559 79.467281 -12.214403 1.993928 299.362999
0.142039 0.025988 0.400413 -16.820619 50.671726 -313.474442 0.000000 -0.000000 -0.000000 0.000000 -0.000000 -0.000000 0.000000 -0.000000 -0.000000 -16.166909 -46.323081 318.266105 -0.000000 0.000000 -0.000000 -445.758642 -2.807245 -22.665326 7.309916 -22.759150 35.391934 -8.431275 1.503785 10.445968 40.677840 -44.198636 -90.581239 -245.021681 -68.991587 37.420054 -8.346295 -8.366985 -8.737525 -372.475901 -9.598914 -367.270355 -30.618047 -18.911656 62.635038 -7.091090 -15.562591 320.688806 12.312190 -67.880862 373.987506 21.912803 61.030841 21.677070 -23.721037 -19.074377 311.945682 -4.025195 -5.654291 320.695515 192.667854 -81.340785 512.484660 -38.601248 59.654690 79.471867 -12.857438 -0.529808 301.024748
0.141360 0.026201 0.399374 -16.355947 50.926996 -315.585132 -0.000000 -0.000000 0.000000 -0.000000 -0.000000 0.000000 -0.000000 -0.000000 0.000000 -16.042275 -46.392548 319.769214 0.000000 0.000000 -0.000000 -446.252248 -4.499698 -22.433839 8.566710 -23.381305 36.468723 -7.795470 1.220390 10.290153 38.502762 -43.174996 -91.553781 -247.276992 -67.404476 35.427010 -8.239776 -8.239865 -8.560909 -370.913523 -9.064346 -367.713144 -32.174141 -19.901216 62.627253 -6.775036 -16.663244 322.740635 10.607325 -66.868797 373.751088 23.215507 59.694860 19.958946 -23.466659 -18.586776 312.523744 -4.137580 -6.354541 322.599857 191.111142 -81.736411 513.704387 -37.420216 60.627817 79.206156 -12.829999 -2.048344 303.440619
0.140715 0.026404 0.398340 -15.767745 51.190945 -317.881472 -0.000000 -0.000000 0.000000 -0.000000 -0.000000 0.000000 -0.000000 -0.000000 0.000000 -15.693931 -46.229070 321.529633 0.000000 0.000000 0.000000 -446.813039 -6.225715 -22.227620 9.637265 -23.778321 37.096412 -7.403054 1.091110 10.135900 37.164070 -42.351883 -92.008507 -249.390597 -65.717031 33.589808 -8.585170 -8.273685 -8.405267 -367.751368 -7.795026 -368.117012 -34.935166 -21.539698 62.303979 -6.518150 -17.416997 324.818881 9.572187 -66.269606 373.688396 23.149126 58.051222 19.000031 -22.314892 -17.933360 313.739388 -4.104275 -7.772228 324.790367 189.687619 -82.885683 516.179203 -32.611623 61.369085 78.414720 -12.231442 -2.508208 306.138847
0.140133 0.026546 0.397388 -15.026168 51.426597 -320.380472 0.000000 -0.000000 0.000000 0.000000 -0.000000 0.000000 0.000000 -0.000000 0.000000 -15.147598 -45.740991 323.528219 0.000000 -0.000000 0.000000 -447.413584 -7.989673 -22.021579 10.522647 -23.986194 37.334508 -7.080700 0.781880 10.225138 36.079359 -41.607687 -92.325468 -251.383385 -63.860897 31.918947 -9.296028 -8.491068 -8.366627 -363.500520 -5.976702 -368.430205 -38.633230 -23.572884 61.530441 -6.350757 -17.803483 326.906952 9.120808 -66.037363 373.749666 22.150083 56.297589 18.472591 -20.554884 -17.197910 315.422762 -3.935017 -9.383391 327.165492 188.556573 -84.338355 519.180814 -26.605637 61.641976 76.692035 -11.486367 -2.458758 308.585737
0.139650 0.026572 0.396597 -14.149280 51.626593 -323.009619 -0.000000 -0.000000 0.000000 -0.000000 -0.000000 0.000000 -0.000000 -0.000000 0.000000 -14.620200 -45.052339 325.573433 0.000000 -0.000000 0.000000 -448.002003 -9.789577 -21.816008 11.154575 -23.969397 37.145365 -6.740039 0.084283 10.752518 34.956203 -40.868049 -92.675797 -253.281291 -61.965525 30.374328 -10.030316 -8.747461 -8.391767 -359.129845 -4.055550 -368.720662 -42.584870 -25.578800 60.437476 -6.268652 -17.885815 328.965360 9.062881 -66.052723 373.904049 20.992946 54.774558 17.965011 -18.798814 -16.553925 317.176518 -3.642851 -11.020220 329.634502 188.201238 -85.982006 522.813493 -21.032157 61.550989 73.876475 -10.903665 -2.329623 310.383642
0.139307 0.026435 0.396040 -13.184221 51.806393 -325.651458 -0.000000 0.000000 -0.000000 -0.000000 0.000000 -0.000000 -0.000000 0.000000 -0.000000 -14.319210 -44.415413 327.461100 -0.000000 0.000000 -0.000000 -448.530860 -11.666002 -21.564943 11.351177 -23.585897 36.285901 -6.384315 -0.995272 11.744873 33.919680 -40.159396 -92.983411 -255.100344 -60.205861 28.923059 -10.444548 -8.888962 -8.400320 -355.803419 -2.660114 -369.114154 -45.693889 -27.130938 59.598377 -6.254400 -17.721163 330.936501 9.258881 -66.264029 374.147792 19.958348 53.747269 17.390853 -17.340813 -16.229032 318.754453 -3.217389 -12.858866 332.143958 192.152974 -88.035352 530.619331 -16.318172 61.184729 70.390135 -10.561640 -2.269377 311.335674
0.139143 0.026103 0.395783 -12.159162 51.982866 -328.218099 -0.000000 -0.000000 -0.000000 -0.000000 -0.000000 -0.000000 -0.000000 -0.000000 -0.000000 -14.337896 -44.054288 329.078635 0.000000 -0.000000 0.000000 -448.979295 -13.683669 -21.173671 10.748991 -22.564120 34.261089 -5.975245 -2.428740 13.080132 33.387879 -39.567536 -92.998123 -256.833610 -58.675909 27.568003 -10.410186 -8.874332 -8.387485 -354.398600 -2.313325 -369.718033 -46.889159 -27.994811 59.782679 -6.330119 -17.334421 332.753500 9.693320 -66.690547 374.484391 19.002151 53.320579 16.855304 -16.189714 -16.319286 320.088665 -2.647716 -15.109931 334.662713 337.663847 -88.992865 680.005288 -12.356168 60.488512 66.901153 -10.433787 -2.345213 311.443325
0.139202 0.025579 0.395891 -11.069007 52.158347 -330.677072 0.000000 0.000000 0.000000 0.000000 0.000000 0.000000 0.000000 0.000000 0.000000 -14.662645 -44.056716 330.409245 -0.000000 0.000000 -0.000000 -449.356407 -15.838112 -20.585890 8.982470 -20.579689 30.608529 -5.334548 -4.288114 14.549042 33.817179 -39.142625 -92.388703 -258.469214 -57.387676 26.315381 -10.065153 -8.786633 -8.426753 -354.900032 -3.027281 -370.583311 -45.956369 -28.215612 61.311954 -6.564044 -16.753579 334.354740 10.412396 -67.301437 374.918839 18.112875 53.392881 16.380489 -15.294271 -16.734495 321.237895 -1.966539 -17.737965 337.143622 354.069676 -85.200216 700.425852 -8.621019 59.291061 63.430110 -10.477625 -2.499119 310.976019
0.139520 0.024895 0.396416 -9.901902 52.311236 -333.022394 -0.000000 -0.000000 0.000000 -0.000000 -0.000000 0.000000 -0.000000 -0.000000 0.000000 -15.197772 -44.338528 331.502797 -0.000000 0.000000 0.000000 -449.695425 -17.980942 -19.856102 6.194467 -17.506152 25.484032 -4.229950 -6.554832 15.907209 35.357948 -38.767702 -90.811283 -260.012289 -56.312039 25.151282 -9.684045 -8.766239 -8.620684 -356.462836 -4.312929 -371.666371 -43.663283 -28.022707 63.836969 -7.008932 -16.000621 335.703455 11.432661 -67.976814 375.482519 17.280427 53.695193 15.866395 -14.537330 -17.335325 322.364924 -1.272150 -20.436198 339.493518 355.278687 -80.579230 705.670014 -4.605159 57.378616 59.502703 -10.617850 -2.469495 310.379289
0.140120 0.024109 0.397380 -8.663070 52.394946 -335.240287 0.000000 0.000000 0.000000 0.000000 0.000000 0.000000 0.000000 0.000000 0.000000 -15.802053 -44.694827 332.440999 -0.000000 0.000000 -0.000000 -450.039734 -19.847448 -19.136664 3.159044 -13.662754 19.753367 -2.608271 -8.968658 17.058672 37.660540 -38.216384 -88.070020 -261.497253 -55.413850 24.034407 -9.484750 -8.921338 -9.047098 -358.167244 -5.604763 -372.777635 -40.990581 -27.653857 66.725657 -7.650928 -15.067674 336.797905 12.697985 -68.586570 376.209855 16.669234 53.922053 15.126591 -13.903948 -17.945730 323.544592 -0.716964 -22.775807 341.568938 355.180140 -75.792575 709.207197 -0.545229 54.705969 55.363179 -10.706677 -2.013887 309.984487
0.140996 0.023286 0.398763 -7.390040 52.358699 -337.276137 -0.000000 -0.000000 -0.000000 -0.000000 -0.000000 -0.000000 -0.000000 -0.000000 -0.000000 -16.341305 -44.937674 333.288650 -0.000000 0.000000 -0.000000 -450.411443 -21.164138 -18.608254 0.560639 -9.579863 14.208921 -0.648912 -11.330625 18.266369 40.198704 -37.451855 -84.347392 -262.969936 -54.696887 22.904606 -9.540319 -9.276030 -9.718491 -359.512607 -6.537484 -373.608026 -38.573252 -27.232416 69.382252 -8.410773 -13.974661 337.655148 14.074766 -69.075071 377.026955 16.750484 53.685054 13.868971 -13.569481 -18.135144 324.788546 -0.476771 -24.358616 343.187288 355.000399 -71.631643 711.736716 2.904352 51.515670 51.891998 -10.563171 -1.036077 309.864938
0.142107 0.022494 0.400490 -6.161824 52.186982 -339.032877 -0.000000 0.000000 -0.000000 -0.000000 0.000000 -0.000000 -0.000000 0.000000 -0.000000 -16.715572 -45.030420 334.071693 0.000000 -0.000000 0.000000 -450.792872 -21.771422 -18.407579 -1.424583 -5.584405 9.132723 1.396643 -13.642074 19.912450 42.745657 -36.671808 -80.108284 -264.448862 -54.208454 21.720540 -9.818325 -9.776526 -10.569885 -360.296648 -6.939713 -373.906461 -36.742755 -26.831231 71.372384 -9.155786 -12.840199 338.306366 15.399736 -69.536433 377.708521 17.898135 52.520696 11.795478 -13.652629 -17.229773 326.348181 -0.680224 -24.948682 344.195286 355.198926 -68.762804 713.363381 5.497747 48.232049 49.504061 -10.129636 0.488817 309.941494
0.143390 0.021780 0.402438 -5.067411 51.919754 -340.447528 0.000000 -0.000000 -0.000000 0.000000 -0.000000 -0.000000 0.000000 -0.000000 -0.000000 -16.873203 -45.074647 334.803051 0.000000 -0.000000 0.000000 -451.154837 -21.703340 -18.580970 -2.818040 -1.934121 4.699760 3.304044 -15.833521 22.010181 45.242228 -36.034200 -75.871009 -265.904299 -53.959415 20.503141 -10.224952 -10.325101 -11.484335 -360.445127 -6.808221 -373.680423 -35.649123 -26.562597 72.559579 -9.722722 -11.818074 338.826343 16.614870 -70.271698 378.075344 19.727398 50.329391 8.906008 -13.931926 -14.906906 328.766169 -1.297914 -24.591821 344.609265 355.909279 -67.405591 714.264574 7.437791 45.397696 47.951387 -9.625844 2.344607 310.202646
0.144789 0.021171 0.404472 -4.141313 51.624701 -341.567179 0.000000 0.000000 0.000000 0.000000 0.000000 0.000000 0.000000 0.000000 0.000000 -16.851894 -45.157219 335.491184 -0.000000 0.000000 0.000000 -451.485986 -21.181864 -19.057757 -3.610711 0.900432 1.317013 4.805300 -17.653109 24.133881 47.449148 -35.595309 -72.288214 -267.267603 -53.862385 19.336340 -10.631301 -10.827111 -12.347187 -360.102215 -6.328676 -373.179793 -35.199750 -26.494483 73.149306 -9.986678 -10.956748 339.330765 17.876071 -71.694280 378.237251 20.992206 48.017051 5.642839 -13.851513 -11.944204 332.403891 -2.134030 -23.621642 344.652594 356.995396 -67.164990 714.771961 8.817817 43.540577 46.650143 -9.424507 3.842144 310.842092
0.146277 0.020682 0.406488 -3.334004 51.348159 -342.524050 0.000000 -0.000000 -0.000000 0.000000 -0.000000 -0.000000 0.000000 -0.000000 -0.000000 -16.783984 -45.248901 336.121749 -0.000000 0.000000 -0.000000 -451.780947 -20.523328 -19.658337 -3.949151 2.717055 -0.878842 5.731859 -19.061614 26.044791 49.133770 -35.439692 -69.904365 -268.484799 -53.793898 18.293057 -10.920698 -11.227391 -13.085157 -359.670050 -5.822523 -372.684453 -35.030669 -26.538152 73.519989 -9.941341 -10.169457 339.908417 19.547067 -74.040769 378.625152 20.674667 46.915014 2.562658 -12.943005 -9.567861 336.991302 -2.992783 -22.455863 344.588454 358.204994 -67.369620 715.199930 9.547947 42.893273 45.165683 -9.735804 4.280538 312.022545
0.147845 0.020323 0.408418 -2.566846 51.103035 -343.440901 -0.000000 -0.000000 -0.000000 -0.000000 -0.000000 -0.000000 -0.000000 -0.000000 -0.000000 -16.804364 -45.257612 336.671087 -0.000000 0.000000 -0.000000 -452.036377 -20.010631 -20.172627 -4.100005 3.561078 -1.903853 5.983546 -20.018055 27.441879 50.351771 -35.630860 -68.718934 -269.572601 -53.698567 17.362430 -10.991091 -11.493448 -13.657554 -359.614176 -5.602082 -372.338533 -34.695130 -26.499321 73.992574 -9.695640 -9.368590 340.571905 22.164305 -77.130115 379.914404 18.552004 47.447143 0.144190 -11.064275 -8.215505 341.985601 -3.803703 -21.363260 344.560903 359.361248 -67.590033 715.681847 9.806510 43.344957 43.415360 -10.562652 3.584029 313.559374
0.149483 0.020100 0.410220 -1.850454 50.910784 -344.333808 0.000000 -0.000000 0.000000 0.000000 -0.000000 0.000000 0.000000 -0.000000 0.000000 -16.938976 -45.133310 337.130408 -0.000000 -0.000000 -0.000000 -452.286957 -19.813652 -20.451313 -4.210596 3.202889 -1.426521 5.349529 -20.050496 27.407367 51.287070 -36.091502 -68.327820 -270.547367 -53.599637 16.522023 -10.722508 -11.587279 -14.048599 -360.212807 -5.825023 -372.122184 -33.961165 -26.233331 74.655077 -9.336626 -8.650203 341.292070 26.292814 -80.395364 382.906390 14.850633 49.201664 -1.381721 -8.328802 -7.762710 347.058706 -4.556206 -20.451758 344.595792 360.420916 -67.753357 716.204768 9.995344 44.611644 41.529354 -11.803630 2.177821 315.076748
0.151177 0.019988 0.411885 -1.341079 50.833504 -345.090216 -0.000000 0.000000 0.000000 -0.000000 0.000000 0.000000 -0.000000 0.000000 0.000000 -17.071389 -44.919980 337.514135 -0.000000 0.000000 -0.000000 -452.613273 -20.011967 -20.417018 -4.142578 1.949176 0.098245 4.058338 -19.154344 26.052622 51.902124 -36.667077 -68.500351 -271.305954 -53.528302 15.860731 -10.028729 -11.488651 -14.292896 -361.378674 -6.405186 -371.908116 -32.991238 -25.776941 75.329117 -8.801971 -8.346437 342.064126 31.776376 -83.144410 387.772238 10.243702 51.530397 -2.273883 -5.129599 -7.979736 352.077270 -5.182949 -19.815207 344.680369 361.385617 -67.894611 716.720975 10.281706 46.178152 39.782258 -13.135131 0.616367 316.285335
0.152924 0.019923 0.413449 -1.221906 50.928183 -345.587020 -0.000000 0.000000 -0.000000 -0.000000 0.000000 -0.000000 -0.000000 0.000000 -0.000000 -17.003526 -44.748866 337.887166 0.000000 0.000000 -0.000000 -453.058899 -20.649839 -20.050758 -3.798232 0.752230 1.446522 2.754416 -18.080264 24.657557 52.025189 -37.275079 -69.297762 -271.711371 -53.473990 15.504595 -8.938682 -11.216470 -14.452759 -362.654940 -7.050394 -371.583739 -32.250598 -25.369804 75.732151 -7.968153 -8.826021 342.923707 35.532143 -84.872536 391.648250 6.126072 53.397693 -3.894071 -2.205289 -8.185527 357.381630 -5.582427 -19.546892 344.816477 362.248587 -68.024532 717.194953 10.354580 47.412712 38.589770 -14.000402 -0.672231 317.103987
0.154757 0.019812 0.414986 -1.511348 51.171062 -345.855254 0.000000 0.000000 0.000000 0.000000 0.000000 0.000000 0.000000 0.000000 0.000000 -16.570660 -44.774601 338.389668 -0.000000 0.000000 0.000000 -453.569229 -21.718003 -19.420413 -3.343031 0.056827 2.128977 1.688999 -17.062914 23.455853 51.939212 -37.778151 -70.174909 -271.814271 -53.392569 15.410868 -7.539326 -10.776258 -14.513430 -363.534854 -7.485782 -371.181114 -32.171996 -25.293934 75.704251 -6.856073 -10.186514 343.915601 31.667357 -85.417798 388.519944 3.494775 54.141401 -7.878095 0.001591 -7.836469 363.765689 -5.740747 -19.585531 345.033096 363.060933 -68.230454 717.620870 9.753208 48.135152 38.189205 -14.063538 -1.666386 317.678920
0.156743 0.019566 0.416587 -2.036216 51.469057 -346.085582 -0.000000 0.000000 0.000000 -0.000000 0.000000 0.000000 -0.000000 0.000000 0.000000 -15.726362 -45.086102 339.179863 -0.000000 0.000000 0.000000 -454.073523 -23.080925 -18.702584 -3.004474 -0.046439 2.122076 0.985737 -15.913136 21.949811 52.268693 -37.887813 -69.950481 -271.845025 -53.238172 15.363991 -5.880672 -10.113182 -14.337954 -363.811134 -7.659312 -370.900336 -32.893671 -25.679301 75.286467 -5.657563 -12.168324 345.052470 21.471604 -84.786200 379.283742 2.362400 54.316020 -14.062547 1.454226 -7.447949 371.053706 -5.764845 -19.691648 345.366401 363.968126 -68.673677 718.053435 8.382874 48.910164 38.297185 -13.621934 -2.846010 318.287692
0.158961 0.019137 0.418314 -2.607659 51.747543 -346.438004 0.000000 0.000000 -0.000000 0.000000 0.000000 -0.000000 0.000000 0.000000 -0.000000 -14.532120 -45.667695 340.315856 -0.000000 0.000000 -0.000000 -454.560906 -24.471083 -18.145566 -2.875885 0.420423 1.497708 0.952718 -14.870690 20.271665 52.989469 -37.465738 -68.457083 -271.951554 -52.988625 15.209021 -4.063466 -9.183725 -13.782581 -363.501490 -7.674176 -370.992036 -34.307209 -26.500085 74.639974 -4.581398 -14.371414 346.273360 12.759887 -83.150727 371.408076 3.024436 54.554362 -20.852533 1.958577 -7.846594 377.478731 -5.778775 -19.669641 345.816640 365.098767 -69.360669 718.610507 6.432461 50.406615 38.463342 -13.230039 -4.775887 319.129939
0.161460 0.018540 0.420170 -3.169342 51.989554 -346.889864 -0.000000 -0.000000 0.000000 -0.000000 -0.000000 0.000000 -0.000000 -0.000000 0.000000 -13.103026 -46.407868 341.699403 0.000000 -0.000000 -0.000000 -455.012395 -25.644110 -17.927618 -2.787026 0.865889 0.909833 1.412796 -13.939209 18.524175 53.642170 -36.702055 -66.535164 -272.057119 -52.646270 14.996295 -2.367980 -8.067883 -12.841062 -362.639734 -7.617166 -371.590633 -36.184070 -27.638814 73.932320 -3.750985 -16.494165 347.436137 7.891274 -80.813908 367.135498 5.403078 54.274940 -26.362181 1.326711 -8.784176 381.187851 -5.811652 -19.552777 346.334859 366.401063 -70.014043 719.402243 4.256081 52.656681 38.468425 -13.181381 -7.525791 320.116655
0.164232 0.017837 0.422103 -3.766457 52.199918 -347.297163 -0.000000 -0.000000 0.000000 -0.000000 -0.000000 0.000000 -0.000000 -0.000000 0.000000 -11.597739 -47.108973 343.123127 0.000000 -0.000000 -0.000000 -455.329225 -26.561070 -18.009295 -2.570606 0.822203 0.832233 1.668956 -12.666122 16.415608 54.427858 -35.865645 -64.366689 -271.967274 -52.203795 14.903036 -1.138097 -6.959791 -11.647443 -361.412336 -7.582741 -372.631310 -38.136725 -28.848522 73.292572 -3.191973 -18.385789 348.391905 5.696333 -78.052896 365.361654 7.966684 52.611090 -28.985058 -0.149785 -9.151858 381.751394 -5.783193 -19.493506 346.867334 367.619889 -70.316135 720.429418 2.185751 55.045392 38.310712 -13.304203 -10.640756 321.021466
0.167254 0.017101 0.424057 -4.442757 52.370457 -347.537135 -0.000000 -0.000000 -0.000000 -0.000000 -0.000000 -0.000000 -0.000000 -0.000000 -0.000000 -10.220154 -47.541661 344.355310 0.000000 -0.000000 0.000000 -455.403270 -27.332873 -18.201664 -2.313962 0.704352 0.806333 1.336131 -11.065606 14.202953 55.881761 -35.119237 -61.642915 -271.527243 -51.623951 15.091531 -0.558109 -6.055365 -10.388157 -360.257863 -7.697525 -373.878838 -39.688573 -29.798363 72.789653 -2.830876 -19.995101 349.083156 4.885425 -75.163628 364.939475 9.279258 49.670108 -28.392088 -1.710465 -8.300770 380.000091 -5.581919 -19.507964 347.390690 368.512906 -70.278533 721.612825 0.312491 56.932399 38.095354 -13.183224 -13.580597 321.743320
0.170519 0.016390 0.426003 -5.170183 52.468701 -347.579555 0.000000 -0.000000 0.000000 0.000000 -0.000000 0.000000 0.000000 -0.000000 0.000000 -9.142402 -47.557897 345.239552 -0.000000 0.000000 -0.000000 -455.196502 -27.972778 -18.399134 -2.089666 0.646121 0.720793 0.473537 -9.456854 12.380756 57.765094 -34.600014 -58.900329 -270.757826 -50.886743 15.587363 -0.587848 -5.474460 -9.260511 -359.548544 -7.957472 -374.992314 -40.608720 -30.273868 72.337745 -2.568602 -21.280313 349.534418 4.666672 -72.473607 365.197715 9.320462 46.284696 -25.961309 -2.675438 -6.568553 377.294745 -5.183473 -19.401696 347.882065 369.091565 -70.259103 722.932225 -1.245633 58.091618 37.854373 -12.626194 -15.939202 322.256958
0.174035 0.015743 0.427923 -5.823527 52.441500 -347.502943 0.000000 -0.000000 -0.000000 0.000000 -0.000000 -0.000000 0.000000 -0.000000 -0.000000 -8.421486 -47.138482 345.769503 -0.000000 -0.000000 0.000000 -454.729452 -28.308428 -18.674998 -1.814649 0.152618 1.141148 -0.677062 -8.138518 11.263542 59.246607 -34.493729 -57.266484 -269.918925 -50.040339 16.231661 -1.011348 -5.237058 -8.449482 -359.369617 -8.208702 -375.644603 -41.017957 -30.261899 71.722411 -2.417968 -22.118109 349.765419 4.761547 -70.316241 365.847649 8.730022 43.435497 -23.551283 -2.797007 -4.852608 374.921968 -4.717488 -18.923152 348.286081 369.611627 -70.631085 724.463822 -2.460678 58.566138 37.591533 -11.592760 -17.529945 322.612021
0.177783 0.015204 0.429787 -6.262210 52.267009 -347.442397 0.000000 0.000000 -0.000000 0.000000 0.000000 -0.000000 0.000000 0.000000 -0.000000 -8.005176 -46.354650 346.060342 0.000000 0.000000 -0.000000 -454.059365 -28.159394 -19.188635 -1.307323 -1.384067 2.759590 -1.959468 -6.989472 10.620931 59.823488 -34.838602 -57.213539 -269.316691 -49.168356 16.827219 -1.538647 -5.268149 -8.054460 -359.635065 -8.341857 -375.705389 -41.143731 -29.884516 70.829577 -2.478281 -22.358230 349.787274 5.207991 -69.017144 366.802422 7.984377 42.036894 -22.212353 -2.136737 -4.029875 373.551599 -4.374828 -17.928110 348.553801 370.422714 -71.589040 726.342634 -3.390845 58.641440 37.260750 -10.207010 -18.478817 322.908722
0.181695 0.014825 0.431528 -6.489423 52.024765 -347.448271 -0.000000 0.000000 -0.000000 -0.000000 0.000000 -0.000000 -0.000000 0.000000 -0.000000 -7.767066 -45.362409 346.245758 -0.000000 0.000000 -0.000000 -453.273988 -27.494825 -20.096174 -0.339555 -4.140166 5.838212 -3.165838 -5.705756 9.969793 59.363214 -35.373003 -58.451878 -269.000209 -48.341271 17.346672 -1.944564 -5.442637 -8.030073 -360.153061 -8.361932 -375.313269 -41.193248 -29.354590 69.749581 -2.741932 -22.014356 349.661708 6.069789 -68.826213 368.048442 7.250470 42.730657 -21.874105 -0.780624 -4.574545 373.062225 -4.217871 -16.436504 348.695774 371.861824 -73.231610 728.762875 -4.480292 58.834620 36.962902 -8.559963 -19.300277 323.375997
0.185644 0.014643 0.433066 -6.674849 51.874665 -347.424410 -0.000000 -0.000000 -0.000000 -0.000000 -0.000000 -0.000000 -0.000000 -0.000000 -0.000000 -7.549593 -44.408325 346.402077 0.000000 0.000000 0.000000 -452.461050 -26.436409 -21.477402 1.298416 -7.772274 10.137327 -3.942038 -4.334161 9.133391 57.662027 -35.748813 -60.729536 -268.767352 -47.636070 17.914848 -2.121970 -5.642759 -8.238185 -360.667738 -8.302676 -374.722257 -41.340507 -28.895376 68.658837 -3.049932 -21.321974 349.478360 7.340832 -69.804679 369.615625 6.610354 45.700503 -21.924466 1.170587 -6.539433 372.929639 -4.124800 -14.674005 348.767733 374.184459 -75.502027 731.972419 -6.187722 59.578721 36.893398 -6.714885 -20.480572 324.207445
0.189490 0.014665 0.434342 -6.988372 51.941223 -347.254425 0.000000 0.000000 -0.000000 0.000000 0.000000 -0.000000 0.000000 0.000000 -0.000000 -7.244546 -43.743133 346.550917 0.000000 0.000000 0.000000 -451.690135 -25.268248 -23.181965 3.563667 -11.503514 14.934771 -4.005081 -3.408304 8.456637 54.533671 -35.765073 -64.094839 -268.442281 -47.133937 18.619410 -2.058060 -5.804478 -8.565651 -361.010436 -8.176075 -374.107806 -41.633081 -28.612495 67.702906 -3.269602 -20.565080 349.284227 9.071812 -71.733178 371.596963 6.128371 50.422555 -21.817512 3.453251 -9.536180 372.723136 -3.943282 -13.033844 348.821521 377.462285 -77.977355 736.130230 -8.309259 60.799889 37.020669 -4.879103 -22.002953 325.316485
0.193136 0.014850 0.435366 -7.449491 52.227751 -346.950925 -0.000000 0.000000 0.000000 -0.000000 0.000000 0.000000 -0.000000 0.000000 0.000000 -6.873198 -43.478850 346.688420 0.000000 0.000000 0.000000 -451.055567 -24.394419 -24.793522 5.948463 -14.430001 19.107349 -3.414767 -3.360832 8.362549 50.455572 -35.371987 -68.179028 -268.020706 -46.845342 19.419947 -1.820995 -5.931367 -8.967954 -361.119974 -7.982277 -373.551404 -42.017183 -28.513410 66.980138 -3.422821 -19.883882 349.083884 11.450782 -74.140785 374.154166 5.672620 55.569909 -21.317344 5.687246 -12.648264 372.355781 -3.655793 -11.830717 348.887758 381.352471 -80.047571 740.935123 -10.555698 61.912815 37.130592 -2.990422 -23.544280 326.706053
0.196555 0.015130 0.436204 -7.923147 52.631374 -346.656939 0.000000 -0.000000 0.000000 0.000000 -0.000000 0.000000 0.000000 -0.000000 0.000000 -6.579370 -43.538589 346.789339 -0.000000 0.000000 -0.000000 -450.673355 -24.088239 -25.901332 7.770247 -16.095371 21.723286 -2.499244 -4.029395 8.854170 46.513961 -34.684567 -72.001024 -267.630076 -46.718811 20.160728 -1.448927 -6.012173 -9.389193 -360.957280 -7.737401 -373.120316 -42.524880 -28.632758 66.515921 -3.648141 -19.240933 348.866614 14.711050 -76.500484 377.450915 5.022315 59.832178 -20.488801 7.611151 -15.061465 371.984332 -3.369470 -11.092067 348.982867 385.087615 -81.430192 745.517272 -12.402976 62.421117 36.541624 -0.922495 -24.630240 328.636480
0.199741 0.015441 0.436913 -8.237169 53.025390 -346.529452 0.000000 -0.000000 -0.000000 0.000000 -0.000000 -0.000000 0.000000 -0.000000 -0.000000 -6.471702 -43.768032 346.851404 0.000000 -0.000000 -0.000000 -450.584233 -24.290173 -26.407829 8.803171 -16.718946 22.755271 -1.570284 -4.935367 9.593689 43.449971 -33.928597 -74.831704 -267.454934 -46.737596 20.628319 -0.830348 -5.954545 -9.724912 -360.513229 -7.460442 -372.825828 -43.329644 -29.029071 66.186339 -4.091520 -18.548536 348.612199 18.870860 -78.389954 381.424074 4.131127 62.862750 -19.429372 9.223465 -16.865274 371.696351 -3.172520 -10.681874 349.125240 388.198342 -82.317156 749.209472 -12.671470 62.302063 34.148873 0.914736 -24.672385 331.216639
0.202661 0.015757 0.437498 -8.343527 53.346280 -346.614454 -0.000000 0.000000 0.000000 -0.000000 0.000000 0.000000 -0.000000 0.000000 0.000000 -6.467000 -44.073531 346.952384 0.000000 0.000000 0.000000 -450.726165 -24.745843 -26.510621 9.353661 -16.837146 22.903810 -0.807819 -5.714221 10.262595 41.286766 -33.265790 -76.710380 -267.583757 -46.894661 20.732047 0.112181 -5.711717 -9.945549 -359.767650 -7.083360 -372.544951 -44.618579 -29.697151 65.735227 -4.782115 -17.825409 348.319519 23.250836 -79.504992 385.378341 3.102571 64.898316 -18.063054 10.536102 -18.504852 371.319532 -3.014898 -10.578065 349.357974 390.594327 -83.001683 751.764721 -11.167201 61.811231 30.126931 1.988816 -23.549077 334.130196
0.205259 0.016080 0.437926 -8.382271 53.618897 -346.796829 0.000000 0.000000 0.000000 0.000000 0.000000 0.000000 0.000000 0.000000 0.000000 -6.354722 -44.444290 347.186695 -0.000000 -0.000000 -0.000000 -451.001078 -25.237152 -26.483418 9.768415 -16.856235 22.812254 -0.326579 -6.206429 10.731683 39.832264 -32.795072 -77.970759 -267.860402 -47.105202 20.640647 1.179039 -5.405387 -10.149973 -358.602246 -6.450165 -372.154058 -46.473937 -30.579313 64.969555 -5.555837 -17.218374 348.036172 26.411857 -79.716234 388.040452 2.372652 65.856268 -16.557529 11.281180 -19.935841 370.498667 -2.723704 -10.852713 349.729775 392.062539 -83.652526 752.931037 -9.383588 61.264446 26.439776 2.275680 -21.851829 336.758983
0.207502 0.016417 0.438173 -8.548681 53.894221 -346.882069 -0.000000 -0.000000 0.000000 -0.000000 -0.000000 0.000000 -0.000000 -0.000000 0.000000 -6.019885 -44.899178 347.536809 -0.000000 0.000000 -0.000000 -451.305892 -25.602000 -26.548930 10.105513 -16.894625 22.701093 -0.142908 -6.471127 11.085763 39.000761 -32.601758 -78.830580 -268.008050 -47.285657 20.603229 2.053456 -5.190034 -10.401302 -356.968865 -5.518649 -371.725102 -48.760122 -31.594657 63.950882 -6.152207 -16.877680 347.819380 27.412034 -79.151583 388.753065 2.484354 65.563686 -15.377744 11.186175 -20.775698 369.007306 -2.152368 -11.419784 350.231034 392.962572 -84.431657 753.115820 -8.179469 60.878518 24.466089 1.836674 -20.051015 338.465631
0.209405 0.016765 0.438249 -8.885446 54.164657 -346.767813 0.000000 -0.000000 -0.000000 0.000000 -0.000000 -0.000000 0.000000 -0.000000 -0.000000 -5.552999 -45.430016 347.873598 -0.000000 -0.000000 0.000000 -451.532187 -25.678120 -26.838617 10.216038 -16.913629 22.578183 -0.173802 -6.701756 11.523647 38.784964 -32.749466 -79.381416 -267.938058 -47.465749 20.658380 2.573282 -5.089406 -10.629486 -355.172953 -4.503688 -371.438752 -50.980717 -32.562907 62.983347 -6.439671 -16.831247 347.673748 26.629432 -78.099537 388.040312 3.188593 64.358828 -14.501557 10.519371 -21.051729 367.069872 -1.318993 -12.002249 350.779306 394.441661 -85.456595 753.572631 -7.771824 60.513510 24.486218 0.998627 -18.185458 339.092059
0.211033 0.017116 0.438187 -9.237653 54.353517 -346.533713 -0.000000 0.000000 0.000000 -0.000000 0.000000 0.000000 -0.000000 0.000000 0.000000 -5.178536 -45.944948 348.057622 -0.000000 0.000000 -0.000000 -451.635919 -25.393791 -27.306139 9.967686 -16.839755 22.376961 -0.440465 -6.956362 12.124765 39.328998 -33.309474 -79.526786 -267.813993 -47.706739 20.649086 2.672496 -5.084879 -10.761772 -353.777334 -3.716635 -371.346351 -52.370509 -33.195832 62.445032 -6.525538 -16.951533 347.547641 25.089516 -76.864423 386.791352 3.766319 62.915470 -13.575085 9.820853 -21.120257 365.172907 -0.351668 -12.424518 351.304963 395.573610 -86.489177 753.615334 -8.460213 59.826477 26.296028 0.392478 -16.335274 338.969913
0.212463 0.017477 0.438013 -9.419794 54.390577 -346.344301 0.000000 -0.000000 0.000000 0.000000 -0.000000 0.000000 0.000000 -0.000000 0.000000 -5.092871 -46.307677 348.017817 0.000000 -0.000000 0.000000 -451.725902 -24.893543 -27.686943 9.285485 -16.503119 21.771920 -1.057488 -7.126666 12.769342 40.907460 -34.304223 -78.937503 -267.815509 -47.976643 20.462970 2.301608 -5.202318 -10.805496 -353.195874 -3.348793 -371.382138 -52.382285 -33.284291 62.574998 -6.622421 -17.053405 347.386824 23.770372 -75.759691 385.697150 4.188436 61.373631 -12.729912 9.093151 -20.818675 363.555030 0.676300 -12.797209 351.830033 389.127980 -86.935864 746.389630 -9.391025 58.727938 28.543188 -0.026620 -14.792187 338.510700
0.213736 0.017867 0.437725 -9.382208 54.281192 -346.303472 -0.000000 0.000000 -0.000000 -0.000000 0.000000 -0.000000 -0.000000 0.000000 -0.000000 -5.341913 -46.458393 347.779578 -0.000000 -0.000000 0.000000 -451.994999 -24.474005 -27.673425 8.119797 -15.627952 20.263827 -1.936685 -7.198512 13.287697 43.594965 -35.539993 -77.268365 -267.961084 -48.174150 20.140992 1.574432 -5.412684 -10.764987 -353.505784 -3.465294 -371.524724 -51.075176 -32.841632 63.335257 -6.842438 -17.050314 347.195568 23.272603 -75.109291 385.157735 5.078403 59.113297 -12.482451 7.805146 -19.308704 362.134963 1.788271 -13.354455 352.443619 373.884140 -86.157003 730.981799 -9.368146 57.470924 29.478643 -0.698469 -13.828766 338.284378
0.214844 0.018316 0.437295 -9.196194 54.092314 -346.438372 -0.000000 -0.000000 0.000000 -0.000000 -0.000000 0.000000 -0.000000 -0.000000 0.000000 -5.812316 -46.418419 347.463519 0.000000 0.000000 0.000000 -452.527160 -24.379000 -27.172368 6.564769 -14.058201 17.720289 -2.728990 -7.328168 13.607545 46.981963 -36.627412 -74.546042 -268.159355 -48.205089 19.801564 0.767528 -5.610128 -10.615880 -354.549541 -4.021630 -371.776633 -48.971475 -32.029506 64.440928 -7.154056 -16.981906 347.045799 23.757849 -75.103679 385.327085 6.710424 55.617738 -12.953103 5.676029 -15.991622 360.834877 3.014098 -14.214623 353.229621 362.847392 -84.054947 720.433583 -8.155344 56.322459 28.460673 -1.752074 -13.487803 338.727081
0.215762 0.018850 0.436684 -8.941431 53.888442 -346.757003 -0.000000 -0.000000 0.000000 -0.000000 -0.000000 0.000000 -0.000000 -0.000000 0.000000 -6.301038 -46.192785 347.249402 0.000000 0.000000 -0.000000 -453.244597 -24.674275 -26.335687 4.904722 -11.960639 14.603593 -3.037515 -7.755304 13.866830 50.163643 -37.272407 -71.546162 -268.336996 -48.007912 19.542168 0.083206 -5.738339 -10.386858 -356.023615 -4.819595 -372.058164 -46.688640 -31.035758 65.510442 -7.483909 -16.914801 347.020718 25.099603 -75.666728 386.195839 9.012714 51.455078 -13.774892 2.854173 -11.513924 359.560719 4.326235 -15.327478 354.221259 357.223262 -81.214829 715.754140 -6.151566 55.534379 26.044180 -3.120462 -13.718509 339.708392
0.216493 0.019488 0.435867 -8.652695 53.701596 -347.250137 -0.000000 0.000000 0.000000 -0.000000 0.000000 0.000000 -0.000000 0.000000 0.000000 -6.631291 -45.785208 347.276783 0.000000 0.000000 -0.000000 -454.022419 -25.256915 -25.400025 3.421613 -9.742944 11.594883 -2.550965 -8.812735 14.488986 52.001068 -37.514083 -69.695047 -268.485231 -47.585029 19.395032 -0.425355 -5.814351 -10.155384 -357.585087 -5.626014 -372.273026 -44.668900 -30.038322 66.295732 -7.792855 -16.918180 347.148622 26.919757 -76.476578 387.528663 11.817344 47.309864 -14.520386 -0.374641 -6.831910 358.155407 5.603791 -16.521573 355.349639 354.116075 -78.302868 713.750926 -3.498958 55.322314 23.146213 -4.938229 -14.360591 340.506184
0.217073 0.020238 0.434823 -8.335235 53.551076 -347.861858 0.000000 0.000000 0.000000 0.000000 0.000000 0.000000 0.000000 0.000000 0.000000 -6.767985 -45.296707 347.538161 -0.000000 0.000000 -0.000000 -454.765245 -25.910253 -24.594410 2.252525 -7.830315 9.214303 -1.152746 -10.737508 15.929713 51.752698 -37.590894 -70.109890 -268.622609 -47.038333 19.330255 -0.741959 -5.838311 -9.946477 -359.026956 -6.345335 -372.423487 -43.065272 -29.167300 66.801158 -8.077653 -17.119782 347.381443 28.366705 -77.047592 388.619210 14.642495 43.524415 -14.936468 -3.501182 -2.594059 356.702955 6.613292 -17.558540 356.413415 352.361856 -75.901455 712.931215 -0.997894 55.456751 20.854516 -6.733413 -15.061320 340.743994
0.217550 0.021111 0.433524 -7.987221 53.460468 -348.504222 0.000000 -0.000000 -0.000000 0.000000 -0.000000 -0.000000 0.000000 -0.000000 -0.000000 -6.818694 -44.899555 347.891493 0.000000 -0.000000 -0.000000 -455.412094 -26.389955 -24.110316 1.419572 -6.506813 7.702240 0.962263 -13.305683 18.203177 49.641529 -37.587481 -72.683257 -268.745939 -46.522006 19.299922 -0.868570 -5.780340 -9.711725 -360.298230 -6.971806 -372.535581 -41.844050 -28.457234 67.110254 -8.361037 -17.649658 347.623014 28.361014 -76.912589 388.509930 16.928073 40.629448 -15.223946 -5.907059 0.362527 355.614559 7.130864 -18.270210 357.187033 351.565228 -74.463020 712.661633 0.371651 55.453049 19.771595 -7.703187 -15.302281 340.711456
0.217962 0.022118 0.431937 -7.608436 53.444806 -349.099794 -0.000000 0.000000 -0.000000 -0.000000 0.000000 -0.000000 -0.000000 0.000000 -0.000000 -6.922280 -44.699762 348.176702 0.000000 -0.000000 0.000000 -455.938592 -26.551849 -24.020304 0.868387 -5.825098 7.015367 3.439034 -15.989632 20.881155 46.540896 -37.398911 -76.312423 -268.830447 -46.148850 19.278378 -0.872688 -5.640952 -9.410664 -361.369471 -7.454817 -372.539352 -40.970330 -27.875618 67.192140 -8.684710 -18.454291 347.780256 26.985561 -76.037549 387.286738 18.628897 39.362261 -15.943443 -7.371474 1.172293 355.194368 7.154295 -18.697080 357.603005 351.361304 -74.088460 712.604341 0.620837 55.143676 19.573244 -7.681446 -14.824279 340.779911
0.218336 0.023259 0.430051 -7.198583 53.493809 -349.597484 -0.000000 -0.000000 -0.000000 -0.000000 -0.000000 -0.000000 -0.000000 -0.000000 -0.000000 -7.185371 -44.672041 348.276276 0.000000 0.000000 0.000000 -456.344725 -26.416704 -24.228167 0.484640 -5.644660 6.944439 6.121060 -18.446124 23.534135 43.098086 -36.883725 -79.965045 -268.872001 -45.973516 19.246375 -0.843913 -5.456282 -9.053287 -362.188769 -7.723098 -372.339446 -40.437415 -27.391470 66.983340 -9.070237 -19.207774 347.807025 25.740430 -75.098612 386.339820 19.991731 39.636085 -17.322399 -8.084944 0.287784 355.370569 6.883495 -19.000578 357.747029 351.353020 -74.458030 712.603931 0.733493 54.626738 19.335854 -7.240177 -13.698756 341.033192
0.218692 0.024506 0.427901 -6.743018 53.572782 -349.966901 -0.000000 -0.000000 0.000000 -0.000000 -0.000000 0.000000 -0.000000 -0.000000 0.000000 -7.697085 -44.720136 348.099334 0.000000 0.000000 0.000000 -456.619182 -26.081537 -24.561130 0.182833 -5.833924 7.334502 8.989587 -20.500339 25.822715 39.591917 -35.919683 -83.072374 -268.912871 -46.043965 19.149003 -0.816326 -5.250824 -8.664643 -362.733645 -7.775242 -371.944187 -40.204298 -27.009074 66.545663 -9.450132 -19.494680 347.733039 25.801259 -74.984751 386.872069 21.131119 40.577397 -19.262154 -8.272921 -0.894098 355.982039 6.460497 -19.216499 357.672741 351.341163 -75.207666 712.630514 1.299022 53.900748 18.483754 -6.792607 -12.103675 341.522303
0.219057 0.025813 0.425561 -6.200357 53.630613 -350.200639 -0.000000 0.000000 -0.000000 -0.000000 0.000000 -0.000000 -0.000000 0.000000 -0.000000 -8.488903 -44.758718 347.612280 0.000000 0.000000 -0.000000 -456.722679 -25.578472 -24.910401 0.005252 -6.382778 8.153615 11.728876 -21.919513 27.343778 36.411103 -34.561396 -85.250151 -269.029933 -46.411586 18.898148 -0.756511 -5.024265 -8.268075 -363.016879 -7.672257 -371.450321 -40.219182 -26.770113 66.040783 -9.640150 -19.101593 347.664412 27.227972 -75.933288 389.307960 21.945669 41.441537 -21.852230 -7.929610 -1.603469 357.142344 5.853694 -19.183675 357.325390 351.345755 -76.276586 712.655734 1.923554 52.827117 17.229078 -6.186743 -10.136816 342.360487
0.219460 0.027130 0.423125 -5.523393 53.616437 -350.315951 0.000000 -0.000000 -0.000000 0.000000 -0.000000 -0.000000 0.000000 -0.000000 -0.000000 -9.469737 -44.742156 346.892281 0.000000 -0.000000 0.000000 -456.614496 -24.848809 -25.277199 0.083316 -7.280721 9.347136 13.798629 -22.559889 27.882076 34.002865 -33.101112 -86.372018 -269.299153 -47.079802 18.435266 -0.613847 -4.789293 -7.921992 -363.090024 -7.495521 -370.961933 -40.422755 -26.716157 65.644322 -9.417173 -18.101086 347.729193 29.398947 -77.535226 393.474016 22.045634 41.874703 -25.317732 -6.801940 -1.765461 359.296276 4.993842 -18.746839 356.647481 351.437927 -77.694427 712.616195 2.341934 51.393601 15.934313 -5.423094 -7.845619 343.426578
0.219932 0.028417 0.420682 -4.707959 53.516663 -350.339274 -0.000000 0.000000 -0.000000 -0.000000 0.000000 -0.000000 -0.000000 0.000000 -0.000000 -10.484983 -44.683037 346.076663 -0.000000 0.000000 0.000000 -456.299903 -23.868478 -25.703026 0.479447 -8.360960 10.710745 14.918525 -22.538437 27.705160 32.518906 -31.850821 -86.635080 -269.737923 -47.969338 17.802544 -0.398742 -4.603970 -7.724290 -363.088013 -7.350662 -370.573035 -40.637107 -26.816247 65.546334 -8.673362 -16.729585 347.983472 31.904081 -79.446310 398.959588 20.703323 42.083119 -29.575062 -4.502417 -1.307813 362.971312 3.904753 -17.996177 355.679977 351.731850 -79.182785 712.555895 2.741983 49.776581 14.679819 -4.817676 -5.474696 344.515857
0.220496 0.029639 0.418323 -3.810860 53.372637 -350.290599 0.000000 -0.000000 0.000000 0.000000 -0.000000 0.000000 0.000000 -0.000000 0.000000 -11.432225 -44.672748 345.262700 -0.000000 -0.000000 -0.000000 -455.853044 -22.761330 -26.167479 1.094267 -9.323281 11.922445 15.134188 -22.092518 27.282192 31.885466 -30.993536 -86.316877 -270.268077 -48.947550 17.142581 -0.220787 -4.552911 -7.743765 -363.193142 -7.351784 -370.369945 -40.561598 -26.951560 65.924923 -7.529554 -15.300599 348.353378 35.310881 -81.539638 405.720380 17.253261 42.817783 -34.091327 -0.817797 -0.023597 368.384491 2.665232 -17.239755 354.530788 352.503182 -80.219437 712.743842 2.995447 48.186975 13.495387 -4.424358 -3.488410 345.713553
0.221174 0.030765 0.416135 -2.911940 53.233808 -350.180269 0.000000 0.000000 -0.000000 0.000000 0.000000 -0.000000 0.000000 0.000000 -0.000000 -12.259671 -44.808422 344.502241 -0.000000 -0.000000 0.000000 -455.396528 -21.751184 -26.532776 1.742996 -9.887801 12.653973 14.552446 -21.379631 26.848576 32.050405 -30.612732 -85.560278 -270.772483 -49.896490 16.593354 -0.224262 -4.693056 -7.967963 -363.496299 -7.544858 -370.389081 -39.995169 -26.998252 66.821934 -6.306808 -14.117191 348.669181 40.216919 -83.489083 413.464205 11.718878 44.776728 -38.089925 3.937232 1.946627 375.194987 1.331213 -16.743121 353.291214 354.024023 -80.394268 713.478454 2.571592 46.769003 12.502029 -3.918058 -2.316346 347.276425
0.221980 0.031768 0.414187 -2.077614 53.097898 -349.996538 -0.000000 -0.000000 -0.000000 -0.000000 -0.000000 -0.000000 -0.000000 -0.000000 -0.000000 -12.907152 -45.039684 343.838983 0.000000 -0.000000 0.000000 -455.032652 -20.993944 -26.609836 2.291102 -9.954648 12.740273 13.287143 -20.478206 26.393878 32.952612 -30.693577 -84.421981 -271.204978 -50.776109 16.163841 -0.495699 -5.027666 -8.337070 -363.918132 -7.854289 -370.577489 -38.996287 -26.908562 68.089722 -5.375755 -13.278704 348.740565 45.905542 -84.965656 420.576719 4.754427 48.202631 -40.420104 9.141112 3.835967 382.414393 -0.045730 -16.566668 352.010045 356.087049 -79.585025 714.651884 1.649884 45.598545 11.650574 -3.329652 -2.061428 349.054581
0.222911 0.032636 0.412522 -1.363967 52.918849 -349.694855 0.000000 0.000000 -0.000000 0.000000 0.000000 -0.000000 0.000000 0.000000 -0.000000 -13.311812 -45.151240 343.297391 0.000000 -0.000000 -0.000000 -454.759072 -20.468804 -26.323307 2.697306 -9.704591 12.390252 11.545148 -19.469831 25.842898 34.357418 -31.117014 -83.076593 -271.622326 -51.638802 15.722626 -1.046185 -5.522616 -8.796128 -364.280250 -8.126873 -370.816658 -37.773925 -26.701662 69.497337 -4.957196 -12.670030 348.440059 52.795310 -86.061377 426.743570 -2.852352 52.889698 -38.903032 14.188082 4.309067 388.026899 -1.372743 -16.619351 350.717743 358.075115 -77.959975 715.823292 0.671102 44.782593 10.895095 -2.820213 -2.652054 350.689485
0.223949 0.033376 0.411146 -0.818045 52.660140 -349.232238 0.000000 0.000000 -0.000000 0.000000 0.000000 -0.000000 0.000000 0.000000 -0.000000 -13.427801 -44.949491 342.884006 0.000000 0.000000 0.000000 -454.464748 -20.038418 -25.789811 2.924772 -9.487086 12.123814 9.554533 -18.420322 25.112267 35.972592 -31.778786 -81.813832 -272.108080 -52.561841 15.114797 -1.832091 -6.119923 -9.295840 -364.438733 -8.231727 -370.990008 -36.523036 -26.414349 70.841318 -4.977896 -12.248299 347.804989 59.422792 -86.878607 430.474414 -10.074873 57.515237 -31.366025 17.942751 1.942791 389.398707 -2.544701 -16.746916 349.447093 359.586538 -75.965315 716.722349 -0.111824 44.293101 10.329280 -2.434743 -3.722601 351.872561
0.225079 0.034011 0.410043 -0.443585 52.315087 -348.626224 -0.000000 0.000000 0.000000 -0.000000 0.000000 0.000000 -0.000000 0.000000 0.000000 -13.236532 -44.398319 342.613629 0.000000 0.000000 -0.000000 -454.035079 -19.575766 -25.212645 2.876118 -9.523207 12.340544 7.440372 -17.336014 24.142964 37.744258 -32.680999 -80.741067 -272.681946 -53.539410 14.296572 -2.787485 -6.761399 -9.788122 -364.349820 -8.125476 -371.042403 -35.386588 -26.091574 71.981702 -5.135581 -12.139660 347.041285 49.648431 -87.177948 416.621913 -13.981509 60.591830 -19.888822 18.361426 -3.814597 385.440627 -3.519838 -16.772757 348.228574 360.654642 -74.203514 717.348824 -0.095332 43.626573 10.002795 -2.513056 -4.273665 352.203235
0.226319 0.034578 0.409184 -0.166049 51.888891 -347.978208 -0.000000 -0.000000 -0.000000 -0.000000 -0.000000 -0.000000 -0.000000 -0.000000 -0.000000 -12.803628 -43.561731 342.486294 -0.000000 -0.000000 -0.000000 -453.459841 -19.017332 -24.736437 2.505319 -9.793459 13.046361 5.333350 -16.238692 23.016524 39.731576 -33.790682 -79.737184 -273.278059 -54.443331 13.379726 -3.889907 -7.436832 -10.255645 -364.027905 -7.835322 -370.995256 -34.469903 -25.797683 72.861872 -5.167029 -12.358501 346.367264 23.376380 -86.065963 386.419841 -12.945274 62.692823 -9.153734 14.733893 -11.460259 377.781623 -4.358235 -16.567068 347.080603 361.526304 -73.123164 717.791678 1.346136 41.885787 9.844032 -3.432527 -3.000837 351.490120
0.227710 0.035109 0.408540 0.134777 51.399156 -347.430413 0.000000 -0.000000 -0.000000 0.000000 -0.000000 -0.000000 0.000000 -0.000000 -0.000000 -12.295126 -42.549073 342.458735 0.000000 0.000000 0.000000 -452.831390 -18.361175 -24.413258 1.943713 -10.244358 14.094701 3.558688 -15.265684 21.959893 41.609407 -34.874558 -78.883966 -273.804084 -55.112526 12.552792 -5.155900 -8.171097 -10.715704 -363.503465 -7.411252 -370.907063 -33.827143 -25.590495 73.493375 -5.009924 -12.683601 345.890922 9.198427 -83.615582 369.253109 -9.082849 64.423620 -1.180667 8.402088 -18.198452 368.855073 -5.186098 -16.124836 346.013815 362.442423 -72.764474 718.151241 3.816520 38.542204 9.979207 -4.831813 0.646089 350.110530
0.229295 0.035629 0.408066 0.505315 50.906649 -347.053177 0.000000 0.000000 0.000000 0.000000 0.000000 0.000000 0.000000 0.000000 0.000000 -11.825479 -41.597067 342.496257 -0.000000 0.000000 -0.000000 -452.254252 -17.695195 -24.217641 1.403934 -10.895042 15.423649 2.469916 -14.577917 21.135021 42.727857 -35.648423 -78.591442 -274.218152 -55.507062 11.943027 -6.486643 -8.918874 -11.163632 -362.905543 -6.937878 -370.797351 -33.418823 -25.451002 73.884395 -4.698469 -12.916788 345.624882 3.502996 -81.202013 361.686955 -4.227514 65.720640 3.769366 1.273672 -22.408719 360.439761 -6.086718 -15.581087 345.037973 363.519251 -72.819182 718.522508 6.556532 34.196255 10.647629 -6.174643 5.788559 348.420064
0.231085 0.036154 0.407702 0.820701 50.522410 -346.741896 -0.000000 -0.000000 -0.000000 -0.000000 -0.000000 -0.000000 -0.000000 -0.000000 -0.000000 -11.285407 -41.105097 342.630840 0.000000 -0.000000 0.000000 -451.777380 -17.201681 -24.035284 0.977795 -11.663967 16.889176 2.053195 -14.135554 20.453109 42.874243 -36.046322 -79.007811 -274.515379 -55.773247 11.566046 -7.582023 -9.519342 -11.532064 -362.537247 -6.562166 -370.591863 -33.096648 -25.246032 73.987077 -4.209458 -13.107839 345.528901 0.305344 -79.567192 357.601089 0.467106 66.458338 6.103855 -4.798093 -24.070318 353.978870 -7.000540 -15.160441 344.147336 364.687919 -72.896932 718.952708 8.656823 30.128185 11.755270 -6.901008 10.680969 346.820145
0.233068 0.036682 0.407394 0.857641 50.350490 -346.270937 0.000000 0.000000 0.000000 0.000000 0.000000 0.000000 0.000000 0.000000 0.000000 -10.422090 -41.436974 342.924385 0.000000 -0.000000 -0.000000 -451.393908 -17.053817 -23.704427 0.606629 -12.304322 18.151902 1.921066 -13.715384 19.702238 42.508875 -36.229353 -79.761537 -274.670390 -56.140256 11.377370 -8.108145 -9.797762 -11.725350 -362.706005 -6.423007 -370.174975 -32.710714 -24.829221 73.727789 -3.486802 -13.431962 345.517193 -2.342664 -78.799907 354.699171 3.650787 66.801600 7.075190 -8.685069 -24.232707 350.198743 -7.766695 -15.074673 343.305286 365.748220 -72.723547 719.431700 9.485787 27.165384 12.792053 -6.729354 14.042186 345.761968
0.235243 0.037196 0.407123 0.494437 50.405736 -345.491152 0.000000 -0.000000 -0.000000 0.000000 -0.000000 -0.000000 0.000000 -0.000000 -0.000000 -9.110338 -42.646044 343.397774 0.000000 0.000000 0.000000 -451.058830 -17.309042 -23.117098 0.145112 -12.575790 18.895937 1.714156 -13.176118 18.825121 42.198784 -36.418436 -80.443129 -274.708252 -56.758374 11.276862 -7.909951 -9.674499 -11.685705 -363.442716 -6.539709 -369.524581 -32.272995 -24.207621 73.081552 -2.570673 -13.937872 345.485845 -4.980860 -78.805216 351.939612 4.835758 67.323174 7.951461 -10.755106 -24.140664 348.463409 -8.291079 -15.382578 342.464200 366.568199 -72.220809 719.959698 9.490977 25.622870 13.381360 -6.191768 15.517715 345.178656
0.237651 0.037661 0.406923 -0.171593 50.589515 -344.467967 -0.000000 0.000000 -0.000000 -0.000000 0.000000 -0.000000 -0.000000 0.000000 -0.000000 -7.473126 -44.422545 344.022892 -0.000000 0.000000 -0.000000 -450.715742 -17.914772 -22.251996 -0.609979 -12.362395 19.013751 1.301904 -12.555471 17.939153 42.305531 -36.796349 -80.853297 -274.769744 -57.592597 11.125841 -7.083546 -9.194069 -11.428041 -364.530363 -6.836892 -368.765682 -31.907110 -23.518103 72.119578 -1.625353 -14.482891 345.369516 -7.763996 -79.440961 348.710922 4.634368 68.411152 9.431002 -12.207533 -24.383620 347.438800 -8.646082 -15.909850 341.604216 367.238028 -71.510205 720.597941 9.462962 25.618541 13.504543 -5.972549 15.250371 344.722227
0.240364 0.038044 0.406856 -0.907687 50.755870 -343.419542 0.000000 0.000000 0.000000 0.000000 0.000000 0.000000 0.000000 0.000000 0.000000 -5.757624 -46.264692 344.743410 -0.000000 0.000000 -0.000000 -450.339599 -18.718948 -21.185212 -1.733416 -11.741698 18.672181 0.695731 -11.950771 17.182270 42.954725 -37.457534 -80.970749 -274.876481 -58.386835 10.962347 -6.032592 -8.551104 -11.026254 -365.790123 -7.266770 -368.099040 -31.592956 -22.819133 71.003622 -0.832446 -14.874459 345.166446 -10.680996 -80.386252 344.896557 3.440964 69.731582 12.135696 -13.760277 -24.738309 346.103061 -8.986230 -16.336191 340.747671 367.992955 -70.839407 721.426108 10.005559 26.416568 13.392335 -6.339641 14.262146 344.038167
0.243445 0.038335 0.406973 -1.558492 50.819440 -342.508286 0.000000 -0.000000 0.000000 0.000000 -0.000000 0.000000 0.000000 -0.000000 0.000000 -4.186491 -47.697870 345.448921 -0.000000 0.000000 -0.000000 -449.934838 -19.416601 -20.202025 -2.933185 -11.136916 18.414738 0.059209 -11.494141 16.686530 43.737641 -38.297675 -81.165422 -274.641602 -58.783004 11.188471 -5.408548 -8.057219 -10.550862 -367.147158 -7.821622 -367.727721 -31.122823 -22.043771 69.940213 -0.275342 -15.050965 344.905607 -13.256410 -81.200287 341.274833 1.584182 70.692783 16.034889 -15.361248 -24.734887 344.167663 -9.382019 -16.419318 339.937067 369.011757 -70.453032 722.492770 11.514850 26.896509 13.345096 -7.287684 13.901485 342.809635
0.246909 0.038549 0.407281 -2.189561 50.815774 -341.688667 0.000000 0.000000 0.000000 0.000000 0.000000 0.000000 0.000000 0.000000 0.000000 -2.891772 -48.491516 345.971723 0.000000 -0.000000 0.000000 -449.478367 -19.634047 -19.794114 -3.742191 -11.206100 18.981565 -0.322517 -11.355408 16.561418 43.797348 -39.064478 -82.125253 -273.569309 -58.609966 12.240335 -5.639621 -7.906564 -10.019461 -368.501560 -8.465071 -367.805002 -30.379214 -21.176112 69.095382 0.095116 -15.182336 344.608846 -14.555503 -81.557341 339.278235 -0.288710 71.113175 20.134111 -16.575332 -24.370928 341.932405 -9.745080 -16.177458 339.201670 370.289354 -70.461302 723.812128 13.681956 26.767580 13.512364 -8.467367 14.470639 341.072664
0.250737 0.038713 0.407774 -2.995786 50.846240 -340.781655 -0.000000 0.000000 -0.000000 -0.000000 0.000000 -0.000000 -0.000000 0.000000 -0.000000 -1.866535 -48.769989 346.208377 -0.000000 0.000000 0.000000 -448.900205 -19.236737 -20.270591 -3.987367 -12.241758 20.690337 -0.368679 -11.514718 16.713525 42.834573 -39.614933 -83.956194 -271.709438 -58.055730 14.014461 -6.452723 -7.951177 -9.394950 -369.791545 -9.163712 -368.369075 -29.482789 -20.316427 68.507525 0.411462 -15.604710 344.299635 -14.096250 -81.293808 339.761017 -1.721566 71.193318 23.430402 -17.109287 -24.110836 339.808554 -9.915644 -15.825196 338.544283 371.676973 -70.807924 725.365778 15.732672 26.470861 13.809175 -9.369298 15.316021 339.174509
0.254899 0.038842 0.408468 -4.064652 50.950756 -339.690137 -0.000000 -0.000000 0.000000 -0.000000 -0.000000 0.000000 -0.000000 -0.000000 0.000000 -0.993824 -48.833829 346.215274 0.000000 0.000000 -0.000000 -448.184474 -18.482425 -21.369720 -3.880790 -13.830697 23.066918 -0.327320 -11.698160 16.862200 41.521719 -40.038094 -85.917633 -269.647228 -57.495283 15.924638 -7.119799 -7.839351 -8.602106 -371.115885 -9.932683 -369.301782 -28.631667 -19.556345 68.064510 0.767656 -16.520018 344.003138 -12.450440 -80.383652 342.218697 -3.026798 71.148772 25.757799 -16.832671 -24.381306 338.188402 -9.826210 -15.512409 337.953657 373.048893 -71.343650 727.122386 17.225464 26.325275 14.030957 -9.782163 15.875814 337.429278
0.259378 0.038937 0.409424 -5.269733 51.056003 -338.501939 0.000000 -0.000000 0.000000 0.000000 -0.000000 0.000000 0.000000 -0.000000 0.000000 -0.193644 -48.848592 346.113167 -0.000000 -0.000000 -0.000000 -447.462004 -17.737991 -22.475154 -3.673757 -15.332076 25.289039 -0.380611 -11.742420 16.876325 40.473351 -40.441874 -87.451424 -267.948242 -57.176582 17.427600 -7.148641 -7.366263 -7.626689 -372.513115 -10.720280 -370.342667 -28.037306 -18.961442 67.553927 1.102170 -17.691129 343.688505 -10.499705 -79.079105 345.466607 -4.410583 71.003016 27.094884 -15.737843 -25.133286 337.439008 -9.572948 -15.181782 337.414229 374.412407 -71.885940 729.078081 18.167755 26.280723 14.017959 -9.800843 16.022576 335.996653
0.264158 0.038994 0.410716 -6.400200 51.055996 -337.385398 -0.000000 0.000000 -0.000000 -0.000000 0.000000 -0.000000 -0.000000 0.000000 -0.000000 0.506295 -48.789926 345.958736 -0.000000 0.000000 0.000000 -446.899152 -17.142256 -23.170252 -3.345548 -16.471357 26.924020 -0.467973 -11.684123 16.802138 39.659146 -40.739044 -88.552404 -266.853748 -57.114436 18.302664 -6.559941 -6.612288 -6.614305 -373.633069 -11.311315 -371.172071 -28.035919 -18.693032 66.790063 1.235566 -18.550259 343.249410 -8.509444 -77.908614 348.683575 -5.235989 70.746714 27.046529 -14.185839 -25.945763 337.592529 -9.315365 -14.684539 336.908827 375.840668 -72.293728 731.227106 18.579431 26.424805 13.678935 -9.543807 15.555937 334.971788
0.269191 0.039028 0.412389 -7.332693 50.906507 -336.446597 -0.000000 0.000000 0.000000 -0.000000 0.000000 0.000000 -0.000000 0.000000 0.000000 1.056550 -48.616112 345.756470 0.000000 0.000000 -0.000000 -446.566444 -16.613239 -23.434772 -2.707584 -17.324348 28.013557 -0.591721 -11.460803 16.604382 39.042049 -40.851456 -89.242539 -266.263058 -57.170995 18.657680 -5.663952 -5.814669 -5.787280 -373.925010 -11.473732 -371.543019 -28.983913 -18.952519 65.708178 1.076472 -18.707623 342.628648 -6.311398 -77.256564 351.650403 -4.648571 70.477397 25.341846 -12.838519 -26.506439 338.212542 -9.120023 -13.937331 336.444238 377.399583 -72.642449 733.504856 18.324877 27.398548 13.061036 -9.036473 13.939051 334.364322
0.274372 0.039083 0.414410 -8.059204 50.636874 -335.709548 0.000000 -0.000000 -0.000000 0.000000 -0.000000 -0.000000 0.000000 -0.000000 -0.000000 1.464189 -48.362958 345.529752 0.000000 0.000000 0.000000 -446.451164 -16.034824 -23.457980 -1.663169 -18.024523 28.718488 -0.861883 -10.939942 16.202968 38.817974 -40.840867 -89.441172 -265.810016 -57.127489 18.845307 -4.860803 -5.221282 -5.284967 -373.174122 -11.136487 -371.374838 -30.921191 -19.733962 64.328737 0.758897 -18.290198 341.942781 -3.948441 -76.983140 354.472864 -2.212654 70.161307 21.986754 -12.059293 -26.690603 338.840026 -8.916292 -12.936906 336.075447 379.218061 -73.267284 735.878096 17.346458 30.042934 12.504392 -8.289034 10.732137 333.950825
0.279552 0.039207 0.416691 -8.645131 50.318871 -335.140800 -0.000000 -0.000000 -0.000000 -0.000000 -0.000000 -0.000000 -0.000000 -0.000000 -0.000000 1.764341 -48.122599 345.310104 -0.000000 0.000000 0.000000 -446.474771 -15.378203 -23.449507 -0.282701 -18.662461 29.213037 -1.161194 -10.281072 15.709243 38.791971 -40.672308 -89.315069 -265.092085 -56.799889 19.253649 -4.519260 -5.011243 -5.127572 -371.670102 -10.398169 -370.766210 -33.432176 -20.759453 62.758909 0.524785 -17.757299 341.388643 -1.864220 -76.623696 357.199811 1.711953 69.525113 17.449319 -11.682774 -26.402589 339.280639 -8.574186 -11.724372 335.868052 381.519234 -74.468035 738.499385 15.735194 34.640848 12.626127 -7.369543 6.016875 333.295925
0.284604 0.039419 0.419142 -9.182476 50.028823 -334.664805 0.000000 0.000000 0.000000 0.000000 0.000000 0.000000 0.000000 0.000000 0.000000 1.963410 -48.007981 345.087984 0.000000 -0.000000 -0.000000 -446.504854 -14.741231 -23.514470 1.160377 -19.220738 29.596492 -1.168635 -9.909217 15.389994 38.411375 -40.214789 -89.259251 -264.031752 -56.220016 19.974838 -4.679360 -5.164065 -5.241972 -369.883050 -9.470191 -369.996186 -35.971822 -21.761749 61.259416 0.498363 -17.476525 341.050023 -0.473055 -75.860635 359.728108 5.764137 68.290104 12.992337 -11.294648 -25.628886 339.526259 -8.013826 -10.371030 335.831796 384.598835 -76.246547 741.714420 13.492027 40.689271 14.156577 -6.415156 0.318493 331.943658
0.289453 0.039696 0.421706 -9.676393 49.793199 -334.259920 0.000000 0.000000 0.000000 0.000000 0.000000 0.000000 0.000000 0.000000 0.000000 2.009087 -48.068694 344.823165 -0.000000 -0.000000 0.000000 -446.457885 -14.321285 -23.540338 2.236245 -19.485207 29.652660 -0.757455 -10.074480 15.429282 37.565023 -39.505034 -89.415500 -263.047398 -55.681560 20.630722 -4.831849 -5.352735 -5.426243 -368.156436 -8.630240 -369.457219 -38.313939 -22.737137 60.122624 0.575287 -17.452075 340.851953 0.323134 -74.735812 362.010017 8.405010 66.425429 9.934764 -10.502009 -24.542640 339.689813 -7.272674 -8.936718 335.929351 389.037791 -78.460939 746.051404 10.577470 47.302153 17.776825 -5.805387 -5.526608 329.525191
0.294051 0.039990 0.424339 -9.991425 49.573120 -334.028152 0.000000 0.000000 0.000000 0.000000 0.000000 0.000000 0.000000 0.000000 0.000000 1.811066 -48.213238 344.490819 -0.000000 0.000000 0.000000 -446.370746 -14.281349 -23.287687 2.691200 -19.192335 28.975831 -0.054892 -10.728846 15.904631 36.578994 -38.687728 -89.611167 -262.760061 -55.534233 20.639312 -4.297580 -5.152323 -5.416379 -366.696546 -8.121772 -369.421729 -40.498693 -23.796003 59.464680 0.507720 -17.367505 340.661909 1.026144 -73.613616 364.036202 9.058041 64.201502 8.727708 -9.189186 -23.335798 339.865472 -6.454824 -7.483042 336.149555 396.398517 -81.076865 752.778834 7.007563 53.725097 23.805720 -6.095276 -10.493568 325.990203
0.298343 0.040262 0.426984 -10.031243 49.339731 -334.048526 -0.000000 0.000000 0.000000 -0.000000 0.000000 0.000000 -0.000000 0.000000 0.000000 1.332284 -48.288290 344.090834 0.000000 0.000000 0.000000 -446.292494 -14.587451 -22.721437 2.728867 -18.343049 27.520833 0.778497 -11.682939 16.824615 35.628115 -37.802394 -89.715658 -263.439399 -55.886253 19.756248 -2.925091 -4.439217 -5.133306 -365.552159 -7.990557 -369.852881 -42.519815 -24.932536 59.211158 0.105176 -16.884134 340.377118 2.175501 -72.997713 365.769393 8.107482 62.038581 9.158000 -7.610004 -22.053005 339.977923 -5.581140 -6.208509 336.526191 411.252867 -83.970977 766.225230 2.435772 59.500255 32.111255 -7.334150 -13.819097 321.945821
0.302273 0.040486 0.429566 -9.918914 49.143017 -334.211664 0.000000 -0.000000 -0.000000 0.000000 -0.000000 -0.000000 0.000000 -0.000000 -0.000000 0.674142 -48.226991 343.643024 -0.000000 -0.000000 0.000000 -446.178376 -15.008608 -22.158994 2.773554 -17.253435 25.735116 1.537225 -12.617666 18.013811 34.829537 -36.891340 -89.648907 -264.720086 -56.536917 18.344344 -1.194544 -3.475279 -4.741932 -364.547849 -8.055222 -370.513325 -44.328471 -26.069011 59.218584 -0.618550 -15.956546 339.962164 4.078928 -73.158618 367.274609 6.391504 60.302381 10.688002 -6.193826 -20.750658 339.863989 -4.536328 -5.449748 337.085068 447.958441 -86.256958 800.917315 -3.430587 64.122675 42.052783 -9.110955 -15.336726 318.322484
0.305808 0.040641 0.432009 -9.863586 49.061102 -334.337982 0.000000 -0.000000 -0.000000 0.000000 -0.000000 -0.000000 0.000000 -0.000000 -0.000000 0.034603 -48.044741 343.208141 -0.000000 0.000000 -0.000000 -445.968165 -15.335888 -21.944421 3.049437 -16.248342 24.081657 1.892263 -13.158686 19.125851 34.512616 -36.160511 -89.260835 -265.887159 -57.165820 17.085273 0.295654 -2.623832 -4.428354 -363.545082 -8.143610 -371.212895 -45.850078 -27.128007 59.405028 -1.471026 -14.866257 339.477646 6.599480 -73.857134 368.732187 4.931633 59.111675 12.477959 -5.339456 -19.577761 339.410088 -3.242026 -5.389982 337.803074 503.428241 -85.840185 854.190723 -10.395215 67.444243 52.643847 -11.019564 -15.431230 315.748302
0.308962 0.040696 0.434262 -9.901112 49.095484 -334.403107 -0.000000 0.000000 -0.000000 -0.000000 0.000000 -0.000000 -0.000000 0.000000 -0.000000 -0.441532 -47.727857 342.878207 -0.000000 -0.000000 -0.000000 -445.692366 -15.550584 -22.078604 3.492443 -15.405607 22.666526 1.686554 -13.224023 19.980332 34.841779 -35.763954 -88.504566 -266.466319 -57.513373 16.445419 1.181022 -2.124290 -4.275602 -362.797871 -8.287130 -371.873119 -46.759079 -27.933547 59.823927 -2.246363 -13.940313 339.052998 9.145026 -74.558491 370.178513 4.547999 58.200183 13.704686 -5.224723 -18.513608 338.603335 -1.826740 -5.864246 338.614764 529.971862 -83.559222 878.704204 -18.098358 69.576902 62.846172 -12.628347 -14.692005 314.395518
0.311797 0.040596 0.436319 -9.880719 49.158616 -334.526556 -0.000000 0.000000 0.000000 -0.000000 0.000000 0.000000 -0.000000 0.000000 0.000000 -0.741826 -47.237565 342.711312 0.000000 -0.000000 -0.000000 -445.438058 -15.732852 -22.293986 3.925834 -14.669230 21.418242 1.246238 -13.159345 20.747282 35.393749 -35.560912 -87.672624 -266.551676 -57.490728 16.388550 1.345933 -2.078042 -4.324543 -362.722043 -8.569236 -372.414173 -46.618271 -28.234257 60.546043 -2.869645 -13.267169 338.775608 11.104942 -74.909518 371.437292 5.387074 57.089752 14.080550 -5.686972 -17.303503 337.539818 -0.552605 -6.548742 339.422966 540.599870 -81.441711 887.716334 -25.005426 70.667423 69.704718 -13.643511 -13.552488 314.126662
0.314407 0.040275 0.438215 -9.672048 49.159306 -334.779244 -0.000000 -0.000000 -0.000000 -0.000000 -0.000000 -0.000000 -0.000000 -0.000000 -0.000000 -0.906722 -46.608649 342.699572 -0.000000 0.000000 0.000000 -445.245320 -15.897003 -22.386875 4.210770 -14.062696 20.415912 1.136922 -13.397112 21.685844 35.447576 -35.278757 -87.289775 -266.595583 -57.233419 16.525124 0.921436 -2.434201 -4.591436 -363.348726 -8.914615 -372.714610 -45.445966 -27.942582 61.428768 -3.383575 -12.719389 338.617889 12.341895 -74.910941 372.402232 7.040491 55.579024 13.888180 -6.465535 -15.817087 336.322493 0.379019 -7.262857 340.115031 545.773871 -80.307329 891.884434 -28.537485 71.093859 72.337861 -14.288931 -12.255220 314.513044
0.316857 0.039689 0.439988 -9.288301 49.072979 -335.103607 -0.000000 -0.000000 -0.000000 -0.000000 -0.000000 -0.000000 -0.000000 -0.000000 -0.000000 -0.961060 -45.957293 342.788920 0.000000 0.000000 0.000000 -445.086727 -15.981844 -22.360082 4.311834 -13.686176 19.861296 1.626708 -14.045109 22.831359 34.678052 -34.793459 -87.616714 -266.947643 -56.995602 16.487674 0.220748 -2.990736 -5.008282 -364.285868 -9.158950 -372.701251 -43.798717 -27.243330 62.165142 -3.840392 -12.180353 338.492568 13.071556 -74.720192 373.122893 9.014426 54.000207 13.549218 -7.436889 -14.328270 334.990568 0.945325 -8.107734 340.631529 548.983090 -80.557385 894.869059 -27.991385 71.229557 72.279865 -14.972779 -11.091482 314.973117
0.319152 0.038836 0.441668 -8.825986 48.942062 -335.401691 -0.000000 0.000000 0.000000 -0.000000 0.000000 0.000000 -0.000000 0.000000 0.000000 -0.950133 -45.398031 342.902252 -0.000000 0.000000 -0.000000 -444.935552 -15.939917 -22.321737 4.325605 -13.605905 19.855546 2.500608 -14.847608 23.958611 33.366366 -34.163597 -88.404309 -267.661641 -56.978408 16.122560 -0.481213 -3.522930 -5.426641 -365.071389 -9.196314 -372.421409 -42.272497 -26.440876 62.572047 -4.245115 -11.666925 338.346784 13.458112 -74.442553 373.652855 10.889067 52.899022 13.312277 -8.500216 -13.341856 333.608934 1.312849 -9.429437 341.043170 552.681133 -82.385020 899.292076 -24.704716 71.184055 70.548114 -15.831519 -10.379444 315.114133
0.321263 0.037748 0.443287 -8.372696 48.835215 -335.613818 -0.000000 0.000000 0.000000 -0.000000 0.000000 0.000000 -0.000000 0.000000 0.000000 -0.927282 -44.991253 342.983612 -0.000000 0.000000 -0.000000 -444.807840 -15.773404 -22.364007 4.440931 -13.835742 20.371243 3.315587 -15.425419 24.715918 32.018149 -33.517819 -89.214740 -268.634420 -57.280105 15.418668 -1.085860 -3.905928 -5.705377 -365.406060 -9.000162 -372.010393 -41.146497 -25.763363 62.707439 -4.564149 -11.284004 338.185763 13.482226 -74.094269 373.986317 12.322124 52.634032 13.182920 -9.472687 -13.265181 332.351684 1.719806 -11.576862 341.502929 564.474444 -85.736117 912.871619 -19.928404 70.920924 67.327909 -16.828346 -10.236669 314.958036
0.323170 0.036467 0.444896 -7.966242 48.801908 -335.728869 0.000000 0.000000 -0.000000 0.000000 0.000000 -0.000000 0.000000 0.000000 -0.000000 -0.890595 -44.728804 343.038037 -0.000000 0.000000 -0.000000 -444.732983 -15.517997 -22.515211 4.812419 -14.362226 21.357725 3.655951 -15.475008 24.793601 31.045378 -33.015446 -89.759655 -269.749579 -57.900236 14.430945 -1.617108 -4.134889 -5.798630 -365.266576 -8.618717 -371.595691 -40.361871 -25.272153 62.762249 -4.755682 -11.115534 338.041022 13.048818 -73.654157 374.109129 13.140227 53.273069 12.981143 -10.180744 -14.272231 331.447153 2.266676 -14.549678 342.089556 659.660505 -87.721558 1010.806204 -14.510243 70.318714 62.574830 -17.783591 -10.657497 314.788088
0.324875 0.035030 0.446556 -7.575853 48.846695 -335.790736 0.000000 0.000000 -0.000000 0.000000 0.000000 -0.000000 0.000000 0.000000 -0.000000 -0.829056 -44.545638 343.096759 0.000000 0.000000 -0.000000 -444.719292 -15.238303 -22.727377 5.416713 -15.100454 22.713885 3.199297 -14.839959 24.090975 30.782814 -32.898551 -89.925889 -270.889904 -58.717674 13.295715 -2.139228 -4.298473 -5.784889 -364.852813 -8.145418 -371.213893 -39.720778 -24.911448 62.892076 -4.826609 -11.116664 337.933990 12.203430 -73.138930 374.084939 13.478278 54.676177 12.475493 -10.618165 -16.275480 331.010073 2.831312 -17.910800 342.734773 701.099925 -82.495033 1055.639501 -9.161869 69.165332 56.764186 -18.403723 -11.533432 314.793766
0.326382 0.033477 0.448307 -7.129636 48.940269 -335.878265 -0.000000 -0.000000 -0.000000 -0.000000 -0.000000 -0.000000 -0.000000 -0.000000 -0.000000 -0.800771 -44.384463 343.156232 0.000000 0.000000 0.000000 -444.771084 -15.011715 -22.897011 5.982334 -15.850131 24.166524 1.808029 -13.526605 22.758907 31.568864 -33.451357 -89.639274 -271.938771 -59.544214 12.204827 -2.723340 -4.528370 -5.823945 -364.307847 -7.615760 -370.803357 -39.159576 -24.649209 63.121750 -4.888739 -11.060223 337.835089 11.355310 -72.707871 374.108605 13.809882 56.434312 11.533272 -10.990670 -18.734593 330.928572 3.200700 -21.086133 343.296333 706.888445 -76.297106 1064.973405 -4.345229 67.277484 51.029286 -18.575793 -12.485964 314.928019
0.327680 0.031850 0.450157 -6.597566 49.053537 -336.030053 -0.000000 -0.000000 -0.000000 -0.000000 -0.000000 -0.000000 -0.000000 -0.000000 -0.000000 -0.886975 -44.251696 343.176908 0.000000 0.000000 0.000000 -444.930129 -14.909261 -22.882277 5.981445 -16.282395 25.140410 -0.282968 -11.782184 21.129303 33.691634 -34.812204 -88.747354 -272.788304 -60.232791 11.345748 -3.465617 -4.955647 -6.084437 -363.560246 -6.956106 -370.275652 -38.781770 -24.522979 63.387268 -5.120147 -10.622067 337.648793 11.224916 -72.685298 374.446270 14.746307 57.856898 10.167825 -11.617537 -20.650866 330.944777 3.258772 -23.696616 343.665589 708.451161 -70.479645 1069.656921 -0.218964 64.739002 46.184031 -18.555194 -13.003084 315.024435
0.328759 0.030206 0.452084 -6.024334 49.175251 -336.211220 -0.000000 0.000000 -0.000000 -0.000000 0.000000 -0.000000 -0.000000 0.000000 -0.000000 -1.134321 -44.190631 343.105904 0.000000 -0.000000 -0.000000 -445.276062 -15.018284 -22.488815 4.741605 -15.932860 24.770843 -2.481465 -10.165624 19.626495 37.275895 -36.834060 -86.992395 -273.283029 -60.699639 10.913136 -4.524274 -5.683423 -6.663641 -362.534662 -6.100805 -369.620271 -38.598989 -24.529503 63.663071 -5.636807 -9.579464 337.279087 12.489457 -73.358138 375.367933 16.618609 58.371302 8.540943 -12.735566 -21.165611 330.848699 3.041899 -25.625623 343.812073 708.916180 -65.678429 1072.411812 3.194616 62.040056 42.633852 -18.735535 -12.891795 314.930790
0.329615 0.028606 0.454060 -5.462620 49.300720 -336.379602 -0.000000 -0.000000 0.000000 -0.000000 -0.000000 0.000000 -0.000000 -0.000000 0.000000 -1.580678 -44.225817 342.892234 0.000000 0.000000 0.000000 -445.850474 -15.423132 -21.561767 1.936350 -14.329379 22.459277 -4.183993 -9.336522 18.627273 42.123941 -39.100240 -84.143436 -273.258287 -60.900153 11.054560 -6.020320 -6.713023 -7.509458 -361.422135 -5.166696 -368.970094 -38.362839 -24.549403 64.046760 -6.428530 -7.912999 336.712544 15.581041 -74.736134 377.229828 19.187892 58.050901 6.974449 -14.335651 -20.301601 330.560765 2.663233 -26.930776 343.777671 709.058825 -62.092570 1073.983329 5.830606 59.788676 40.448869 -19.271829 -12.433688 314.583179
0.330265 0.027108 0.456063 -4.928242 49.423555 -336.536840 -0.000000 0.000000 -0.000000 -0.000000 0.000000 -0.000000 -0.000000 0.000000 -0.000000 -2.222299 -44.356722 342.540013 -0.000000 0.000000 0.000000 -446.591358 -16.095517 -20.180264 -1.844715 -11.383896 18.636509 -5.036275 -9.654210 18.323880 47.391994 -41.051355 -80.472741 -272.718997 -60.853610 11.712296 -7.845631 -7.881324 -8.418104 -360.636788 -4.460235 -368.542175 -37.715686 -24.417790 64.707382 -7.409008 -5.737618 336.017054 20.895149 -76.604734 380.623993 21.933413 57.607466 5.699147 -16.212180 -18.916747 330.098582 2.220222 -27.758536 343.640080 709.121206 -59.537721 1074.832135 7.575001 58.325103 39.446545 -20.056610 -12.086151 314.024704
0.330738 0.025751 0.458074 -4.447110 49.547120 -336.690036 0.000000 -0.000000 0.000000 0.000000 -0.000000 0.000000 0.000000 -0.000000 0.000000 -2.921134 -44.571686 342.154624 -0.000000 -0.000000 0.000000 -447.373592 -16.842670 -18.698474 -5.417775 -7.755596 14.568422 -4.855820 -11.067365 18.760157 51.506106 -42.282763 -77.282875 -271.878763 -60.663164 12.622787 -9.650860 -8.929734 -9.135368 -360.540395 -4.273662 -368.488919 -36.462285 -24.022846 65.720452 -8.447384 -3.250691 335.296929 29.176181 -78.739035 386.564540 24.547560 57.649564 4.530331 -18.086587 -17.756121 329.665107 1.764804 -28.263729 343.461262 709.198296 -57.769541 1075.226203 8.367173 57.697954 39.349747 -20.913958 -12.133114 313.390426
0.331075 0.024552 0.460073 -4.082493 49.683303 -336.817491 0.000000 -0.000000 0.000000 0.000000 -0.000000 0.000000 0.000000 -0.000000 0.000000 -3.447363 -44.830412 341.888211 0.000000 0.000000 0.000000 -448.075180 -17.406749 -17.562473 -7.920907 -4.582430 11.408132 -3.650335 -13.212659 19.895126 53.073453 -42.782176 -76.133721 -270.999672 -60.460835 13.501963 -11.033744 -9.638433 -9.477210 -361.245990 -4.690826 -368.810984 -34.710910 -23.354712 66.954231 -9.351767 -0.770735 334.673108 41.764591 -80.916552 396.712530 27.015023 58.122356 2.908722 -19.651795 -16.884090 329.755752 1.331220 -28.542100 343.271384 709.352030 -56.659973 1075.318791 8.339978 57.694905 39.773730 -21.653446 -12.552183 312.897081
0.331336 0.023498 0.462048 -3.870490 49.821988 -336.904392 -0.000000 -0.000000 -0.000000 -0.000000 -0.000000 -0.000000 -0.000000 -0.000000 -0.000000 -3.647315 -45.043671 341.833581 -0.000000 0.000000 -0.000000 -448.596775 -17.604763 -17.070615 -9.140179 -2.810398 9.751582 -1.826875 -15.432608 21.436621 52.023979 -42.738600 -77.296909 -270.291125 -60.329338 14.153682 -11.703136 -9.894280 -9.392977 -362.589883 -5.566446 -369.386020 -32.850526 -22.541850 68.120190 -9.944601 1.338129 334.247403 60.638113 -82.783144 413.387157 29.297726 58.537091 0.357082 -20.605695 -15.983968 330.959029 0.948249 -28.606062 343.083698 709.610847 -56.113621 1075.270368 7.906824 57.911672 40.192297 -22.118343 -13.106175 312.754011
0.331599 0.022557 0.463996 -3.763672 49.915926 -336.973963 -0.000000 -0.000000 0.000000 -0.000000 -0.000000 0.000000 -0.000000 -0.000000 0.000000 -3.533050 -45.103226 341.978360 0.000000 -0.000000 0.000000 -448.880560 -17.403488 -17.227625 -9.277094 -2.742282 9.687411 -0.106385 -17.015253 22.792686 49.529024 -42.342402 -79.672598 -269.873976 -60.260458 14.500972 -11.587859 -9.708881 -8.967468 -364.202427 -6.624019 -370.037303 -31.389760 -21.827968 68.917718 -10.220964 2.897823 334.031789 87.032366 -83.816729 437.950733 30.850095 58.554553 -2.786540 -20.682107 -14.781203 333.492912 0.606974 -28.392991 342.887377 709.984723 -56.019205 1075.220968 7.584456 58.014208 40.127808 -22.289494 -13.551191 313.053550
0.331943 0.021690 0.465919 -3.680865 49.916547 -337.050233 0.000000 0.000000 0.000000 0.000000 0.000000 0.000000 0.000000 0.000000 0.000000 -3.226996 -44.949658 342.232375 -0.000000 0.000000 -0.000000 -448.942431 -16.939756 -17.748024 -8.741293 -3.849501 10.724373 0.963316 -17.698649 23.534188 47.019535 -41.830167 -81.907218 -269.687464 -60.157673 14.656127 -10.915630 -9.229044 -8.375555 -365.652886 -7.571257 -370.574737 -30.713332 -21.430302 69.134858 -10.364618 4.000811 333.930126 115.856180 -83.550936 465.111176 30.996709 58.228418 -5.521403 -19.862090 -13.097618 336.962621 0.260107 -27.828332 342.641162 710.490301 -56.301124 1075.212933 7.593748 57.905778 39.433304 -22.233503 -13.804450 313.784045
0.332431 0.020868 0.467831 -3.605352 49.824530 -337.103289 -0.000000 -0.000000 0.000000 -0.000000 -0.000000 0.000000 -0.000000 -0.000000 0.000000 -2.864216 -44.612842 342.478109 0.000000 0.000000 -0.000000 -448.864383 -16.447726 -18.247453 -8.045799 -5.102067 11.917359 1.344417 -17.772309 23.755859 45.411248 -41.445320 -83.256404 -269.471251 -59.904412 14.900720 -10.107995 -8.677107 -7.782046 -366.624058 -8.194087 -370.837136 -30.928906 -21.402942 68.672407 -10.528202 4.750928 333.835359 137.402218 -82.196264 484.979245 29.865604 57.749739 -7.231865 -18.581388 -10.896993 340.597202 -0.115244 -26.937998 342.310116 711.128506 -56.898604 1075.230394 7.816124 57.651205 38.271563 -22.007995 -13.931162 314.869767
0.333094 0.020065 0.469746 -3.608407 49.697170 -337.056623 -0.000000 -0.000000 -0.000000 -0.000000 -0.000000 -0.000000 -0.000000 -0.000000 -0.000000 -2.538079 -44.208220 342.619322 -0.000000 -0.000000 -0.000000 -448.747827 -16.124176 -18.471626 -7.612716 -5.692847 12.438850 1.302155 -17.645213 23.754412 44.986697 -41.303014 -83.561464 -268.971390 -59.474335 15.462176 -9.482857 -8.198249 -7.234435 -367.019971 -8.419116 -370.769650 -31.902585 -21.645334 67.552002 -10.634890 4.981678 333.741715 149.601037 -80.704340 495.774155 27.914246 57.372239 -7.835933 -17.187140 -8.673940 343.724590 -0.476933 -25.895733 341.905672 711.853672 -57.682401 1075.283187 8.091145 57.347089 36.893509 -21.679490 -14.025837 316.144258
0.333924 0.019261 0.471672 -3.771605 49.602318 -336.857029 0.000000 -0.000000 -0.000000 0.000000 -0.000000 -0.000000 0.000000 -0.000000 -0.000000 -2.296006 -43.873355 342.615290 -0.000000 0.000000 -0.000000 -448.662657 -16.054853 -18.367740 -7.580776 -5.386467 12.005579 1.037694 -17.479661 23.620970 45.692422 -41.373207 -82.850985 -268.180824 -58.971191 16.300275 -9.051997 -7.763365 -6.658270 -366.964088 -8.321360 -370.448906 -33.382657 -22.001268 65.910524 -10.467187 4.353318 333.736432 154.772879 -80.101035 500.496638 25.227380 57.380460 -7.394760 -15.511735 -7.318731 346.029199 -0.754339 -24.930270 341.481901 712.586514 -58.450949 1075.414749 8.318488 57.047800 35.547815 -21.317775 -14.162004 317.376010
0.334896 0.018440 0.473599 -4.098594 49.562910 -336.533462 0.000000 -0.000000 -0.000000 0.000000 -0.000000 -0.000000 0.000000 -0.000000 -0.000000 -2.158413 -43.646648 342.480665 -0.000000 0.000000 -0.000000 -448.632725 -16.237970 -17.989789 -7.846196 -4.333681 10.777536 0.634972 -17.252138 23.305952 47.314850 -41.541223 -81.200915 -267.307871 -58.524597 17.183802 -8.648217 -7.268730 -5.980882 -366.688994 -8.057426 -370.015064 -35.090883 -22.339549 63.971748 -9.895351 2.672348 333.919691 154.119537 -80.962140 500.842446 21.824829 57.747694 -6.130024 -13.319621 -7.295165 347.571419 -0.911800 -24.160443 341.099906 713.265541 -59.040181 1075.662527 8.418985 56.731665 34.437524 -20.940096 -14.371794 318.383509
0.335992 0.017588 0.475522 -4.503371 49.545393 -336.188413 -0.000000 0.000000 -0.000000 -0.000000 0.000000 -0.000000 -0.000000 0.000000 -0.000000 -2.131657 -43.410335 342.259682 -0.000000 0.000000 0.000000 -448.659573 -16.621473 -17.401934 -8.217125 -2.820838 9.075239 0.232938 -17.004106 22.880223 49.380909 -41.652718 -78.929504 -266.568931 -58.155895 17.924214 -8.198492 -6.704817 -5.246915 -366.367213 -7.770544 -369.621152 -36.780513 -22.603760 62.022180 -8.966700 0.067381 334.348105 145.733501 -83.211542 494.828839 18.130832 58.001474 -4.559450 -10.771821 -8.234075 348.650385 -0.966127 -23.522762 340.800912 713.879557 -59.425719 1076.034887 8.403420 56.311853 33.626290 -20.526827 -14.594941 319.104569
0.337219 0.016705 0.477443 -4.872772 49.499273 -335.929050 0.000000 -0.000000 -0.000000 0.000000 -0.000000 -0.000000 0.000000 -0.000000 -0.000000 -2.208772 -43.015087 342.000746 -0.000000 -0.000000 0.000000 -448.739628 -17.118711 -16.670342 -8.527272 -1.174103 7.246891 0.013597 -16.860405 22.522984 51.264409 -41.616336 -76.648786 -266.093746 -57.796987 18.457757 -7.796469 -6.176095 -4.587270 -366.041944 -7.548674 -369.418619 -38.254671 -22.805337 60.358635 -7.832070 -3.108728 335.010242 115.767840 -85.923249 468.127605 14.474298 57.837488 -2.964534 -8.079190 -9.617929 349.457021 -0.956993 -22.870395 340.598766 714.443967 -59.700980 1076.500744 8.382206 55.706194 33.034689 -20.071550 -14.705038 319.583575
0.338592 0.015815 0.479371 -5.144195 49.404362 -335.793182 0.000000 0.000000 0.000000 0.000000 0.000000 0.000000 0.000000 0.000000 0.000000 -2.363455 -42.443392 341.740658 -0.000000 0.000000 0.000000 -448.854467 -17.632807 -15.887183 -8.715931 0.300213 5.623110 0.004195 -16.852603 22.310784 52.606347 -41.491523 -74.882046 -265.935226 -57.416750 18.786609 -7.555112 -5.778943 -4.090854 -365.759804 -7.452566 -369.499974 -39.317708 -22.934988 59.180580 -6.687093 -6.413745 335.801562 49.936806 -85.614219 405.810127 10.687686 57.346647 -1.059269 -5.246296 -11.206391 349.975412 -0.928466 -22.117808 340.470646 714.984496 -59.975325 1076.988109 8.400896 54.894114 32.579839 -19.565403 -14.613433 319.936456
0.340100 0.014962 0.481304 -5.348327 49.286001 -335.732629 -0.000000 0.000000 0.000000 -0.000000 0.000000 0.000000 -0.000000 0.000000 0.000000 -2.538085 -41.792594 341.504833 0.000000 0.000000 -0.000000 -448.973742 -18.093657 -15.164111 -8.825812 1.386911 4.458273 0.044579 -16.892904 22.182575 53.444989 -41.440217 -73.819394 -266.019715 -57.036061 18.983439 -7.513142 -5.524909 -3.738306 -365.646325 -7.510578 -369.827492 -39.819930 -22.920173 58.473471 -5.742084 -9.352261 336.537477 21.434052 -82.043968 380.362681 6.717078 56.672174 1.435039 -2.409879 -12.778729 350.102871 -0.924869 -21.289848 340.364180 715.558597 -60.310121 1077.424118 8.379807 53.886864 32.270325 -18.967349 -14.285686 320.282427
0.341704 0.014199 0.483227 -5.584736 49.193474 -335.674637 -0.000000 -0.000000 0.000000 -0.000000 -0.000000 0.000000 -0.000000 -0.000000 0.000000 -2.649878 -41.144248 341.325399 -0.000000 0.000000 -0.000000 -449.085540 -18.495523 -14.585603 -8.917943 1.991126 3.877433 -0.063469 -16.874623 22.040886 53.982216 -41.617853 -73.442569 -266.123307 -56.624814 19.224722 -7.669516 -5.371177 -3.442000 -365.670234 -7.629731 -370.236281 -39.927744 -22.744944 57.946697 -5.116977 -11.514629 337.072431 12.611684 -78.525006 373.606832 3.021322 55.875990 4.318292 0.012556 -14.073257 349.764466 -0.935139 -20.478708 340.267596 716.196526 -60.743547 1077.798951 8.328481 52.722653 32.091811 -18.272890 -13.692997 320.640860
0.343361 0.013569 0.485120 -5.930928 49.157356 -335.607376 -0.000000 0.000000 0.000000 -0.000000 0.000000 0.000000 -0.000000 0.000000 0.000000 -2.632378 -40.518647 341.254055 -0.000000 -0.000000 -0.000000 -449.201599 -18.904034 -14.161031 -9.020976 2.132955 3.862039 -0.441020 -16.701706 21.783708 54.427474 -42.087638 -73.589312 -266.076628 -56.102611 19.642028 -7.927439 -5.229305 -3.106352 -365.451170 -7.589993 -370.519401 -40.280301 -22.581165 57.126297 -4.733950 -12.852941 337.442096 9.320015 -75.928279 371.387234 -0.007463 55.083416 7.167125 1.785041 -15.047610 349.074534 -0.837140 -19.731178 340.271490 716.791941 -61.395676 1078.168644 8.405861 51.560690 31.890694 -17.543475 -12.886199 320.947353
0.345034 0.013099 0.486963 -6.371883 49.160952 -335.595014 -0.000000 0.000000 -0.000000 -0.000000 0.000000 -0.000000 -0.000000 0.000000 -0.000000 -2.459959 -39.926102 341.351637 -0.000000 0.000000 -0.000000 -449.328141 -19.392950 -13.839091 -9.144784 1.899849 4.306927 -1.032758 -16.364807 21.394628 54.822337 -42.796405 -74.124068 -266.007008 -55.471633 20.112193 -7.991759 -4.948375 -2.665447 -364.546967 -7.208269 -370.517929 -41.624508 -22.669344 55.609506 -4.411005 -13.657647 337.813229 7.909193 -74.129160 370.512945 -2.562211 54.452787 9.700750 3.198038 -15.893118 348.396899 -0.488145 -18.900093 340.490571 717.208585 -62.568201 1078.579769 8.564968 50.669802 31.512795 -16.735623 -12.084437 321.247991
0.346706 0.012806 0.488736 -6.850812 49.165833 -335.690012 0.000000 -0.000000 0.000000 0.000000 -0.000000 0.000000 0.000000 -0.000000 0.000000 -2.122184 -39.414711 341.655945 -0.000000 -0.000000 0.000000 -449.451642 -19.943444 -13.610969 -9.287865 1.313866 5.169210 -1.512324 -16.085158 21.071954 54.725533 -43.608613 -75.351639 -266.186225 -54.841288 20.384559 -7.542773 -4.415177 -2.135326 -362.919300 -6.478796 -370.163825 -44.196467 -23.033446 53.298252 -4.058640 -14.202046 338.283204 7.159400 -72.797960 370.181371 -4.703182 54.083364 11.689803 4.445260 -16.783128 347.922993 0.103031 -17.636309 340.906963 717.559857 -64.701282 1079.015644 8.433205 50.227046 30.992683 -15.632236 -11.476852 321.768267
0.348373 0.012689 0.490421 -7.367285 49.164220 -335.847827 -0.000000 -0.000000 -0.000000 -0.000000 -0.000000 -0.000000 -0.000000 -0.000000 -0.000000 -1.614017 -39.072191 342.144538 0.000000 -0.000000 -0.000000 -449.547923 -20.408786 -13.600439 -9.416021 0.230274 6.569134 -1.459010 -16.172485 21.044954 53.395559 -44.335459 -77.840739 -266.639047 -54.277731 20.436635 -6.562516 -3.697497 -1.647337 -361.030125 -5.572269 -369.517212 -47.467343 -23.433187 50.506411 -3.702721 -14.590889 338.807446 6.803397 -71.795501 370.200236 -6.089821 54.043667 13.037310 5.273728 -17.749158 347.462207 0.758577 -15.628947 341.348539 718.261493 -68.158020 1079.466647 7.767866 50.202286 30.528688 -14.109194 -10.919873 322.661200
0.350035 0.012738 0.492011 -7.963811 49.184476 -335.960796 0.000000 -0.000000 0.000000 0.000000 -0.000000 0.000000 0.000000 -0.000000 0.000000 -0.964631 -38.992976 342.736638 -0.000000 -0.000000 -0.000000 -449.596543 -20.615497 -13.968829 -9.432730 -1.526039 8.634542 -0.820165 -16.578815 21.191249 50.724031 -44.770921 -81.376276 -267.103696 -53.745843 20.502745 -5.338081 -3.005600 -1.368100 -359.511816 -4.750152 -368.770365 -50.496407 -23.637182 47.854544 -3.387711 -14.864509 339.286482 6.833977 -71.125077 370.461431 -6.586375 54.382753 13.927554 5.445706 -18.779615 346.764454 1.286838 -12.874904 341.636983 719.865157 -72.948498 1080.136325 6.692076 50.401718 30.399549 -12.291236 -10.007648 323.768851
0.351688 0.012928 0.493504 -8.645849 49.255413 -335.952015 -0.000000 0.000000 -0.000000 -0.000000 0.000000 -0.000000 -0.000000 0.000000 -0.000000 -0.230214 -39.230695 343.348675 -0.000000 -0.000000 0.000000 -449.605247 -20.524845 -14.702089 -9.170687 -3.900926 11.242898 -0.119473 -16.786338 21.056661 47.674345 -44.888546 -84.749752 -267.348363 -53.235185 20.758200 -4.176266 -2.506323 -1.360757 -358.786182 -4.248489 -368.159059 -52.504470 -23.617738 45.945660 -3.134666 -15.056883 339.649671 7.202463 -70.788521 370.868433 -6.547075 55.098735 14.728847 5.086359 -19.894628 345.776120 1.587836 -9.678868 341.699668 723.340628 -78.639253 1081.949872 5.450711 50.598612 30.914937 -10.410107 -8.459194 324.675224
0.353320 0.013209 0.494890 -9.355095 49.379815 -335.825364 0.000000 0.000000 0.000000 0.000000 0.000000 0.000000 0.000000 0.000000 0.000000 0.526816 -39.724708 343.931143 0.000000 -0.000000 -0.000000 -449.622935 -20.259303 -15.580597 -8.453024 -6.600368 14.057594 -0.037948 -16.240850 20.319446 45.391563 -44.949047 -87.066458 -267.349206 -52.804430 21.162209 -3.213301 -2.211669 -1.540833 -358.963056 -4.204626 -367.866060 -53.178678 -23.472796 45.083285 -2.971720 -15.144424 339.867685 7.881025 -70.789266 371.387397 -6.298679 56.168615 15.725267 4.344106 -21.113144 344.473499 1.644041 -6.411913 341.561004 733.390948 -84.562144 1089.791372 4.266201 50.661022 32.191729 -8.638990 -6.303119 325.026563
0.354926 0.013523 0.496164 -9.973180 49.523791 -335.676200 0.000000 0.000000 0.000000 0.000000 0.000000 0.000000 0.000000 0.000000 0.000000 1.191743 -40.252621 344.435111 -0.000000 0.000000 -0.000000 -449.683788 -19.957776 -16.388340 -7.209041 -9.330790 16.812772 -0.873661 -14.737470 19.073425 44.337512 -45.226791 -88.296693 -267.212975 -52.467854 21.582896 -2.403435 -2.010119 -1.749304 -359.860175 -4.594918 -367.935026 -52.809580 -23.303528 45.108631 -2.960621 -15.028589 339.944569 8.936163 -71.149596 372.051672 -5.891167 57.528234 16.941280 3.231534 -22.364465 342.853902 1.520615 -3.334481 341.323391 830.807055 -88.282015 1184.778232 3.330995 50.511658 33.944732 -6.988199 -3.717165 324.827678
0.356507 0.013810 0.497327 -10.344137 49.628252 -335.660971 -0.000000 0.000000 0.000000 -0.000000 0.000000 0.000000 -0.000000 0.000000 0.000000 1.589205 -40.536557 344.792884 -0.000000 -0.000000 -0.000000 -449.743921 -19.688779 -17.047321 -5.561913 -11.863931 19.370967 -2.481787 -12.457275 17.690747 44.447746 -45.792722 -88.690668 -267.083446 -52.149004 21.910993 -1.618734 -1.778512 -1.867302 -361.036801 -5.202642 -368.221330 -52.180951 -23.194931 45.476286 -3.160390 -14.631190 339.924896 10.396137 -71.813537 372.908528 -5.401880 59.018605 18.208785 1.909121 -23.520205 341.126835 1.374100 -0.648730 341.153479 884.587413 -83.863534 1236.413985 2.738157 50.107960 35.575201 -5.378207 -0.983390 324.421568
0.358062 0.014026 0.498382 -10.370396 49.653313 -335.892189 -0.000000 0.000000 -0.000000 -0.000000 0.000000 -0.000000 -0.000000 0.000000 -0.000000 1.623779 -40.454419 344.983150 0.000000 -0.000000 0.000000 -449.726348 -19.501611 -17.552425 -3.827030 -13.907087 21.507581 -4.448237 -9.902461 16.570751 45.447716 -46.503545 -88.425466 -267.076399 -51.785586 22.073783 -0.824967 -1.496214 -1.890991 -362.079697 -5.783991 -368.523031 -51.881577 -23.200378 45.757567 -3.552449 -14.017674 339.887815 12.049189 -72.552294 373.925002 -4.825269 60.393451 19.170993 0.630303 -24.479856 339.600728 1.382482 1.413520 341.204052 892.099009 -79.785166 1242.636748 2.422439 49.565893 36.466000 -3.867440 1.399515 324.265391
0.359588 0.014140 0.499331 -10.107218 49.611260 -336.338403 -0.000000 -0.000000 0.000000 -0.000000 -0.000000 0.000000 -0.000000 -0.000000 0.000000 1.387959 -40.110157 345.067533 0.000000 0.000000 0.000000 -449.596987 -19.426780 -17.929649 -2.370509 -15.205656 22.929669 -6.173069 -7.826995 15.973165 46.688578 -47.020100 -87.780893 -267.194387 -51.408219 22.058296 -0.154357 -1.260319 -1.908283 -362.972580 -6.300881 -368.801750 -51.702288 -23.285784 46.076930 -4.028678 -13.395897 339.898884 13.444763 -73.035316 374.919959 -3.787969 61.358064 19.232089 -0.496208 -25.134875 338.490217 1.625673 2.634250 341.513924 895.008580 -77.202566 1245.409773 2.171569 49.145158 36.330504 -2.688964 2.854380 324.702205
0.361082 0.014126 0.500186 -9.715981 49.547584 -336.855821 0.000000 -0.000000 0.000000 0.000000 -0.000000 0.000000 0.000000 -0.000000 0.000000 1.055385 -39.701609 345.113524 0.000000 -0.000000 -0.000000 -449.364610 -19.407958 -18.271821 -1.361846 -15.807110 23.613470 -7.055597 -6.914223 15.967353 47.134901 -46.980083 -87.343254 -267.334045 -51.106000 21.910719 0.242546 -1.181230 -2.011063 -363.972757 -6.879736 -369.174423 -51.030102 -23.377852 46.869380 -4.480995 -12.952140 339.957302 14.224045 -73.045467 375.683625 -1.862288 61.690967 17.921536 -1.500750 -25.380859 337.870868 2.020489 2.897450 341.990641 896.103356 -76.460111 1247.346796 1.780226 48.895351 35.307369 -1.967174 3.141049 325.817123
0.362548 0.013974 0.500961 -9.319024 49.497977 -337.318957 -0.000000 0.000000 0.000000 -0.000000 0.000000 0.000000 -0.000000 0.000000 0.000000 0.713805 -39.370694 345.126032 -0.000000 0.000000 0.000000 -449.063507 -19.351097 -18.665699 -0.703261 -15.983919 23.819142 -6.851530 -7.323103 16.503502 46.122679 -46.258294 -87.607134 -267.418245 -50.962806 21.667243 0.334615 -1.307297 -2.258123 -365.074354 -7.512267 -369.636711 -49.739826 -23.458683 48.255568 -4.883632 -12.694920 340.006753 14.452127 -72.643413 376.196799 0.833325 61.410402 15.485479 -2.444156 -25.256235 337.646678 2.368716 2.207686 342.487290 895.931190 -77.708726 1248.565018 1.221771 48.585493 33.748265 -1.629255 2.411820 327.402086
0.363993 0.013680 0.501653 -8.922080 49.466452 -337.700392 0.000000 -0.000000 -0.000000 0.000000 -0.000000 -0.000000 0.000000 -0.000000 -0.000000 0.358275 -39.161856 345.085403 0.000000 0.000000 0.000000 -448.760557 -19.238811 -19.066326 -0.258822 -15.846780 23.614980 -5.837418 -8.658708 17.501328 44.084129 -45.026360 -88.347186 -267.512826 -51.041005 21.286175 0.170511 -1.648381 -2.696066 -365.896508 -7.990242 -369.992804 -48.266981 -23.580522 49.961506 -5.275695 -12.482039 339.994878 14.481948 -72.107306 376.606999 3.878013 60.796508 12.646148 -3.468493 -24.938756 337.532021 2.498800 0.645542 342.898917 894.212146 -80.904308 1248.426238 0.590435 48.196299 32.186279 -1.650522 0.775581 328.931017
0.365410 0.013256 0.502229 -8.471233 49.438127 -338.028961 -0.000000 0.000000 -0.000000 -0.000000 0.000000 -0.000000 -0.000000 0.000000 -0.000000 0.007205 -39.071020 345.015092 0.000000 0.000000 0.000000 -448.528352 -19.110894 -19.352570 -0.024899 -15.231654 22.704466 -4.610098 -10.311874 18.839077 42.241543 -43.677732 -88.818150 -267.784829 -51.387363 20.676886 -0.183572 -2.180305 -3.335463 -366.203861 -8.214721 -370.179127 -46.879166 -23.792647 51.830162 -5.693878 -12.182985 339.902276 14.588986 -71.715256 377.040314 7.245515 60.223750 9.821041 -4.868943 -24.601033 337.163267 2.384408 -1.681716 343.202311 887.394850 -85.703597 1243.194848 -0.133134 48.159123 31.463778 -2.134641 -1.893694 329.633966
0.366761 0.012744 0.502624 -7.944794 49.404921 -338.310300 -0.000000 0.000000 0.000000 -0.000000 0.000000 0.000000 -0.000000 0.000000 0.000000 -0.251822 -39.111052 344.977254 0.000000 -0.000000 0.000000 -448.391723 -18.960397 -19.493595 -0.011404 -14.005823 20.866759 -3.792750 -11.701737 20.249017 41.747593 -42.655685 -88.352734 -268.341315 -52.011258 19.804899 -0.640126 -2.820387 -4.112160 -366.235937 -8.361951 -370.417549 -45.357956 -24.051113 54.022490 -6.141795 -11.769909 339.723190 14.887277 -71.635871 377.560050 11.120694 59.932827 7.007714 -6.814416 -24.301759 336.386032 2.138675 -4.633822 343.428415 744.962415 -88.121489 1102.283090 -1.123248 48.694623 32.153628 -3.060081 -5.392688 329.127948
0.367994 0.012210 0.502770 -7.372632 49.376589 -338.510645 0.000000 -0.000000 -0.000000 0.000000 -0.000000 -0.000000 0.000000 -0.000000 -0.000000 -0.342268 -39.317403 345.009234 0.000000 0.000000 0.000000 -448.318420 -18.716374 -19.588049 -0.085261 -12.337860 18.352814 -3.834203 -12.349695 21.234388 43.189239 -42.147140 -86.437885 -269.122293 -52.861121 18.752205 -1.155879 -3.495141 -4.942954 -366.373392 -8.623807 -370.865869 -43.417305 -24.215669 56.635060 -6.591187 -11.246916 339.452405 15.466159 -71.996017 378.268146 15.306908 59.867906 4.130107 -9.000165 -23.917005 335.460082 1.903793 -7.972678 343.608189 722.821229 -82.122824 1081.572465 -2.289455 49.397862 33.858738 -4.237486 -8.870551 327.794332
0.369061 0.011737 0.502622 -6.801579 49.374382 -338.588809 -0.000000 -0.000000 -0.000000 -0.000000 -0.000000 -0.000000 -0.000000 -0.000000 -0.000000 -0.258125 -39.710465 345.097644 0.000000 -0.000000 -0.000000 -448.259196 -18.313317 -19.762880 -0.105541 -10.552509 15.651894 -4.801062 -12.047158 21.318099 46.518094 -41.909728 -82.575138 -269.965793 -53.871751 17.646422 -1.824175 -4.220979 -5.798664 -366.678048 -8.914771 -371.319548 -41.103753 -24.138571 59.393519 -6.986910 -10.556205 339.093500 16.464100 -72.903024 379.389089 19.258835 59.629820 1.232793 -10.828715 -23.137732 334.850567 1.755444 -11.383614 343.742609 718.831133 -76.413498 1078.915527 -3.123678 49.852866 35.643023 -5.525348 -11.500733 326.234286
0.369942 0.011398 0.502177 -6.272992 49.420524 -338.514785 -0.000000 0.000000 -0.000000 -0.000000 0.000000 -0.000000 -0.000000 0.000000 -0.000000 -0.025173 -40.288757 345.214354 0.000000 -0.000000 0.000000 -448.183027 -17.735273 -20.088643 -0.156987 -8.814531 13.061041 -6.249449 -11.078466 20.512475 51.045847 -41.489523 -76.731535 -270.768367 -55.042182 16.532262 -2.767787 -5.032174 -6.663971 -366.904904 -8.991297 -371.447756 -38.710307 -23.782646 61.881750 -7.282720 -9.588874 338.647501 18.141930 -74.392007 381.267076 22.443682 58.629439 -1.455157 -11.897078 -21.543507 334.864879 1.652034 -14.539691 343.778303 716.615911 -71.641498 1077.866916 -3.125222 50.004121 36.780782 -6.883602 -12.942394 324.848635
0.370640 0.011254 0.501469 -5.819824 49.531542 -338.274476 0.000000 -0.000000 -0.000000 0.000000 -0.000000 -0.000000 0.000000 -0.000000 -0.000000 0.317725 -41.034391 345.331582 0.000000 -0.000000 0.000000 -448.081907 -17.003599 -20.580995 -0.530884 -7.100018 10.682496 -7.462301 -10.185160 19.437062 55.592585 -40.720940 -70.290012 -271.542193 -56.421718 15.352603 -3.915719 -5.858332 -7.462500 -366.827878 -8.740271 -371.153213 -36.545741 -23.262195 63.877272 -7.491491 -8.240769 338.092160 21.270780 -76.543038 384.475324 24.575271 56.608419 -3.472366 -12.310598 -18.787429 335.394958 1.415607 -17.124998 343.586355 715.306425 -68.114331 1077.340153 -2.064867 49.867836 36.919173 -8.275617 -13.155576 323.888550
0.371170 0.011348 0.500555 -5.466950 49.719636 -337.879340 -0.000000 0.000000 0.000000 -0.000000 0.000000 0.000000 -0.000000 0.000000 0.000000 0.669425 -41.892493 345.390529 0.000000 0.000000 0.000000 -447.958599 -16.164311 -21.235083 -1.489369 -5.370354 8.612332 -7.892359 -10.189504 18.962213 59.050566 -39.965613 -65.405258 -272.322129 -58.014917 14.063574 -5.005775 -6.563211 -8.100088 -366.367362 -8.208282 -370.566930 -34.876638 -22.791317 65.373611 -7.677615 -6.455593 337.400020 28.282624 -79.588089 390.804440 25.686987 54.354743 -4.178713 -12.546014 -15.027545 335.867974 0.827706 -18.923770 343.027281 714.925955 -65.861483 1077.094954 -0.055363 49.394381 36.083610 -9.642906 -12.296213 323.469710
0.371557 0.011692 0.499498 -5.228231 49.990902 -337.370027 -0.000000 -0.000000 -0.000000 -0.000000 -0.000000 -0.000000 -0.000000 -0.000000 -0.000000 0.884774 -42.764921 345.311162 0.000000 -0.000000 0.000000 -447.825813 -15.298241 -22.013712 -3.038807 -3.604011 6.856957 -7.383662 -11.544102 19.713098 60.924668 -39.702089 -63.085514 -273.097968 -59.734383 12.715552 -5.830702 -7.084850 -8.574501 -365.488357 -7.463456 -369.886315 -33.879555 -22.585387 66.498572 -7.915849 -4.270556 336.569936 47.994529 -83.356071 408.306511 25.968533 53.419802 -3.074897 -12.949722 -11.103862 335.706459 -0.176364 -19.988095 342.093822 715.424523 -64.609175 1077.029275 2.464578 48.797949 34.813108 -11.071627 -10.859812 323.336045
0.371847 0.012266 0.498365 -5.091935 50.326685 -336.808825 -0.000000 -0.000000 -0.000000 -0.000000 -0.000000 -0.000000 -0.000000 -0.000000 -0.000000 0.895438 -43.541731 345.069235 -0.000000 0.000000 -0.000000 -447.721518 -14.504745 -22.805933 -4.899156 -1.749508 5.231746 -6.100911 -14.095222 21.742594 61.379510 -40.014660 -63.057367 -273.855818 -61.432800 11.411486 -6.401888 -7.484380 -8.996969 -364.201682 -6.573410 -369.344662 -33.500006 -22.744473 67.508468 -8.287250 -1.814484 335.623231 105.242866 -85.123199 461.480767 25.522029 54.633419 -0.194947 -13.599233 -7.859042 334.907180 -1.448893 -20.600054 340.942366 716.483644 -63.958069 1077.051838 5.024340 48.517694 33.774271 -12.696764 -9.434062 323.035399
0.372109 0.013022 0.497242 -5.016746 50.674409 -336.266244 0.000000 0.000000 -0.000000 0.000000 0.000000 -0.000000 0.000000 0.000000 -0.000000 0.780873 -44.153389 344.745167 -0.000000 0.000000 0.000000 -447.708242 -13.848886 -23.451524 -6.645344 0.081886 3.695116 -4.459492 -17.079204 24.442145 60.991199 -40.644446 -64.326956 -274.538642 -62.928936 10.302818 -6.916649 -7.903394 -9.524288 -362.679768 -5.666833 -369.150631 -33.411558 -23.184782 68.704472 -8.842804 0.729095 334.607716 150.468753 -81.777216 500.961688 24.249088 57.651523 4.040830 -14.565438 -5.622544 333.947440 -2.781680 -20.980269 339.759651 717.735001 -63.683703 1077.075984 7.174726 48.778525 33.326348 -14.352708 -8.355451 322.407176
0.372424 0.013897 0.496221 -4.978773 50.981478 -335.784242 -0.000000 0.000000 0.000000 -0.000000 0.000000 0.000000 -0.000000 0.000000 0.000000 0.698370 -44.611944 344.468104 -0.000000 0.000000 -0.000000 -447.833702 -13.340000 -23.840013 -7.918049 1.475541 2.586281 -3.150139 -19.415024 26.687562 60.534051 -41.323548 -65.740562 -274.857461 -64.027706 9.706027 -7.630489 -8.493224 -10.274156 -361.258784 -4.905764 -369.310520 -33.206547 -23.678256 70.216121 -9.468199 3.041804 333.643542 166.608887 -77.409585 510.291138 21.798315 61.535399 9.253990 -15.922042 -4.340726 333.426639 -4.027309 -21.146407 338.658928 718.998565 -63.799985 1077.078062 8.511657 49.339011 33.437208 -15.562313 -7.610918 321.730734
0.372879 0.014817 0.495375 -5.031356 51.236480 -335.321683 0.000000 0.000000 -0.000000 0.000000 0.000000 -0.000000 0.000000 0.000000 -0.000000 0.754443 -44.973742 344.295265 -0.000000 -0.000000 0.000000 -448.083533 -12.954424 -23.977083 -8.569475 2.017969 2.284955 -3.115946 -20.069401 27.151307 61.128367 -41.891329 -65.899700 -274.346086 -64.614807 10.021721 -8.689904 -9.315378 -11.246905 -360.266655 -4.375604 -369.563463 -32.675928 -23.977335 71.836673 -9.804022 4.556490 332.923420 174.562713 -74.232459 511.554230 17.993420 65.009839 15.156963 -17.672970 -3.710285 333.637173 -5.085356 -21.073885 337.678546 720.244630 -64.337528 1077.108772 8.997161 49.889666 33.924931 -16.098388 -7.058295 321.219598
0.373561 0.015711 0.494745 -5.273672 51.452929 -334.761663 0.000000 0.000000 0.000000 0.000000 0.000000 0.000000 0.000000 0.000000 0.000000 0.939953 -45.233069 344.150161 -0.000000 0.000000 -0.000000 -448.378485 -12.630035 -23.961956 -8.639870 1.681719 2.785297 -5.105556 -18.261870 24.912495 64.205263 -42.135639 -63.102764 -272.862683 -64.774421 11.283045 -9.969578 -10.247109 -12.268883 -359.845694 -4.045937 -369.553086 -31.938185 -23.952889 73.086890 -9.422082 4.649674 332.614020 178.990383 -73.164003 511.084001 14.230400 67.167536 20.653193 -19.864513 -3.292868 334.103895 -5.877948 -20.855882 336.807047 721.426049 -65.144687 1077.241871 8.867582 50.455856 34.732927 -16.176930 -6.736240 320.704084
0.374576 0.016516 0.494346 -5.723468 51.609775 -334.025607 0.000000 -0.000000 -0.000000 0.000000 -0.000000 -0.000000 0.000000 -0.000000 -0.000000 1.152277 -45.274430 343.885520 0.000000 -0.000000 0.000000 -448.614230 -12.236571 -23.929565 -8.265325 0.689509 3.854776 -8.679389 -13.728560 20.230852 70.120131 -41.483040 -56.705282 -270.859829 -64.761981 12.952407 -11.072211 -11.009642 -13.017657 -359.929028 -3.852246 -369.091574 -31.335849 -23.673506 73.518754 -8.194236 3.143056 332.747622 181.130381 -74.375378 511.190667 12.636997 68.125427 24.270461 -22.420186 -2.883598 333.960596 -6.389371 -20.603179 336.003993 722.459342 -65.959184 1077.542108 8.324063 51.183836 35.863018 -16.089567 -6.810255 319.944749
0.376033 0.017191 0.494181 -6.245949 51.637824 -333.178560 0.000000 -0.000000 0.000000 0.000000 -0.000000 0.000000 0.000000 -0.000000 0.000000 1.246042 -44.941326 343.387631 0.000000 0.000000 0.000000 -448.692249 -11.632763 -23.998510 -7.600818 -0.827723 5.408927 -12.041504 -7.493623 14.689832 76.442400 -39.537346 -48.982379 -268.973028 -64.810447 14.362972 -11.605542 -11.345342 -13.164286 -360.363486 -3.801854 -368.329111 -31.161579 -23.334640 73.032576 -6.427374 0.505361 333.209447 182.210278 -77.268768 512.723758 12.531746 68.671316 26.956283 -24.929711 -2.808423 332.606361 -6.697897 -20.264486 335.229845 723.349445 -66.644639 1078.062968 7.523960 52.096115 37.197110 -15.993433 -7.332344 318.911936
0.378002 0.017721 0.494233 -6.669122 51.490150 -332.370711 0.000000 -0.000000 -0.000000 0.000000 -0.000000 -0.000000 0.000000 -0.000000 -0.000000 1.105048 -44.168363 342.632719 0.000000 0.000000 0.000000 -448.539449 -10.815741 -24.213846 -6.788321 -2.734381 7.393365 -13.744078 -1.996131 10.220812 79.919557 -37.358322 -43.673883 -267.548257 -64.972665 15.211100 -11.544812 -11.188391 -12.567932 -361.027005 -3.971784 -367.669437 -31.386518 -23.043489 71.922019 -4.594229 -2.551755 333.814281 183.828173 -80.946860 516.224584 11.302596 69.655254 31.037287 -27.059026 -3.762281 329.822818 -6.917583 -19.675552 334.472998 724.234179 -67.298215 1078.833457 6.632643 53.163075 38.531574 -15.952429 -8.194601 317.737969
0.380482 0.018127 0.494461 -6.989196 51.217669 -331.661280 0.000000 0.000000 0.000000 0.000000 0.000000 0.000000 0.000000 0.000000 0.000000 0.757988 -43.110467 341.714075 -0.000000 -0.000000 0.000000 -448.154034 -9.971619 -24.523619 -5.932489 -4.699418 9.517326 -13.787992 0.847503 7.887622 80.034878 -36.392964 -42.485292 -266.477552 -65.117495 15.731050 -11.332933 -10.724194 -11.402831 -361.832691 -4.379553 -367.426592 -31.654218 -22.695695 70.592237 -3.022346 -5.558098 334.399210 188.269155 -84.772808 523.375444 7.179296 71.119004 37.429033 -28.655087 -6.187715 326.125125 -7.088407 -18.786151 333.755809 725.272497 -68.124345 1079.856643 5.889924 54.325864 39.585832 -15.979761 -9.160955 316.625632
0.383411 0.018460 0.494811 -7.404423 50.952172 -330.963636 -0.000000 -0.000000 0.000000 -0.000000 -0.000000 0.000000 -0.000000 -0.000000 0.000000 0.414859 -42.127109 340.827716 -0.000000 -0.000000 0.000000 -447.626748 -9.320724 -24.856428 -5.046936 -6.432305 11.456070 -12.665213 0.983632 7.530947 77.347567 -36.736993 -44.951680 -265.270503 -65.000147 16.570895 -11.530195 -10.295534 -10.096460 -362.729699 -4.911756 -367.540078 -31.600993 -22.106540 69.235647 -1.793779 -8.409768 334.890836 212.696001 -88.420454 551.265042 0.959980 72.212396 44.371403 -29.354888 -9.676224 322.871029 -7.132432 -17.734521 333.129986 726.545015 -69.301068 1081.144868 5.596316 55.409624 39.973836 -15.973614 -9.916268 315.837530
0.386681 0.018782 0.495232 -8.106357 50.806029 -330.192972 -0.000000 -0.000000 0.000000 -0.000000 -0.000000 0.000000 -0.000000 -0.000000 0.000000 0.286609 -41.530429 340.156705 0.000000 -0.000000 -0.000000 -447.077363 -8.953774 -25.211314 -4.082274 -7.938169 13.180769 -10.706999 -0.532589 8.333299 72.378278 -37.577582 -49.874938 -263.428314 -64.359480 18.325062 -12.353939 -10.157675 -9.064794 -363.713014 -5.411590 -367.667265 -31.202063 -21.237747 67.758953 -0.812189 -11.206502 335.333148 340.487930 -87.327667 683.181578 -3.687293 72.425606 47.880887 -28.692674 -13.388957 321.241913 -6.945109 -16.644352 332.659314 728.154788 -71.018475 1082.779913 5.913226 56.230618 39.415933 -15.732851 -10.209001 315.604677
0.390187 0.019153 0.495692 -9.079264 50.796202 -329.398947 -0.000000 -0.000000 -0.000000 -0.000000 -0.000000 -0.000000 -0.000000 -0.000000 -0.000000 0.402297 -41.366933 339.766999 -0.000000 -0.000000 -0.000000 -446.589116 -8.845091 -25.603747 -3.071064 -9.330464 14.820236 -8.361308 -2.488874 9.420001 66.437769 -38.156310 -55.680696 -260.965994 -63.057177 20.992347 -13.606028 -10.316921 -8.492617 -364.700709 -5.741883 -367.475896 -30.830470 -20.277468 65.930477 0.054139 -14.027003 335.831652 351.349109 -83.553446 698.480274 -4.356670 71.877861 45.998683 -26.795492 -16.652905 321.446010 -6.540160 -15.417274 332.369593 730.510732 -73.496061 1085.070234 6.771179 56.728935 37.914708 -15.103827 -9.925600 316.019083
0.393849 0.019606 0.496194 -10.125987 50.857869 -328.720638 -0.000000 -0.000000 0.000000 -0.000000 -0.000000 0.000000 -0.000000 -0.000000 0.000000 0.670921 -41.513212 339.639386 -0.000000 0.000000 0.000000 -446.196772 -8.963090 -25.951023 -2.174159 -10.596346 16.385230 -6.298264 -3.990083 10.166863 61.304175 -38.306164 -60.746369 -258.487353 -61.219475 23.938392 -14.827933 -10.572763 -8.316276 -365.437298 -5.767277 -366.796948 -31.079339 -19.542989 63.542471 0.823512 -16.709525 336.408063 353.571955 -79.825312 704.992135 -2.352115 70.859855 40.860571 -24.348286 -19.185560 322.810197 -6.058864 -13.792191 332.217725 734.674576 -76.809669 1088.969733 8.158870 56.797545 35.465301 -14.055113 -8.960586 317.083724
0.397610 0.020144 0.496761 -11.032842 50.907429 -328.276029 -0.000000 -0.000000 0.000000 -0.000000 -0.000000 0.000000 -0.000000 -0.000000 0.000000 1.030167 -41.866283 339.751294 0.000000 0.000000 0.000000 -445.869085 -9.326853 -26.115202 -1.551839 -11.717224 17.901041 -5.003147 -4.781950 10.505171 57.722471 -38.431590 -64.618589 -256.669123 -59.243022 26.400690 -15.403755 -10.617463 -8.267431 -365.619640 -5.394713 -365.685013 -32.535408 -19.326169 60.527036 1.390846 -18.863834 336.953148 354.395719 -76.512281 709.488116 0.411759 69.712604 35.297782 -22.153428 -21.016031 324.278581 -5.609537 -11.586281 332.157077 743.326551 -80.737836 1097.244679 10.135126 56.140363 31.938979 -12.599570 -7.175495 318.793003
0.401378 0.020748 0.497403 -11.679317 50.897443 -328.131192 -0.000000 0.000000 -0.000000 -0.000000 0.000000 -0.000000 -0.000000 0.000000 -0.000000 1.457509 -42.337220 340.090500 0.000000 -0.000000 0.000000 -445.503667 -9.977404 -26.060284 -1.226603 -12.825447 19.608508 -4.512083 -5.183715 10.898637 55.110268 -38.973674 -68.287472 -255.779761 -57.530942 27.972337 -14.813488 -10.173652 -7.976799 -365.096862 -4.656352 -364.455530 -35.547016 -19.750336 57.009456 1.634296 -20.134196 337.343763 355.156552 -74.091782 712.830907 2.750877 68.833430 31.099784 -20.713865 -22.321020 325.106465 -5.155574 -8.860715 332.226500 766.574403 -84.643190 1120.186663 12.255901 54.821911 27.789990 -10.857039 -4.752019 320.927443
0.405012 0.021391 0.498078 -12.065853 50.844051 -328.297998 0.000000 -0.000000 -0.000000 0.000000 -0.000000 -0.000000 0.000000 -0.000000 -0.000000 1.923527 -42.816261 340.631923 0.000000 -0.000000 -0.000000 -445.018890 -10.933735 -25.865966 -1.049819 -14.063141 21.733912 -4.563900 -5.587537 11.770445 52.468765 -39.970433 -72.844095 -255.657834 -56.188099 28.727045 -13.027268 -9.162642 -7.243799 -363.943057 -3.741257 -363.555791 -39.983387 -20.689293 53.289458 1.555316 -20.519749 337.592398 356.215025 -72.841485 715.165106 4.040005 68.574051 29.041156 -20.140346 -23.322847 325.059258 -4.600004 -5.925648 332.517423 831.627885 -85.836915 1184.908497 13.731960 53.951159 24.363518 -9.250047 -2.489671 322.786784
0.408371 0.022042 0.498710 -12.310886 50.817576 -328.693505 0.000000 0.000000 0.000000 0.000000 0.000000 0.000000 0.000000 0.000000 0.000000 2.419121 -43.277721 341.341591 -0.000000 0.000000 -0.000000 -444.456977 -12.161877 -25.615060 -0.739796 -15.425465 24.225943 -4.750825 -6.112109 13.045288 49.137912 -40.974936 -78.293953 -255.968195 -55.093622 29.016604 -10.484436 -7.729177 -6.179141 -362.484542 -2.996872 -363.331241 -45.091799 -21.838816 49.848505 1.336890 -20.462235 337.854768 357.410675 -72.452828 716.745303 4.400065 68.900542 28.765600 -20.227667 -24.175057 324.276754 -3.916231 -3.212152 333.059601 873.347475 -82.206941 1225.835784 14.082832 54.992500 23.091102 -8.224990 -1.354755 323.588890
0.411373 0.022666 0.499243 -12.567710 50.889102 -329.167730 0.000000 0.000000 -0.000000 0.000000 0.000000 -0.000000 0.000000 0.000000 -0.000000 2.954370 -43.791783 342.170143 -0.000000 -0.000000 -0.000000 -443.938396 -13.533224 -25.388566 0.071751 -16.902702 26.993385 -4.597093 -6.743101 14.361907 44.734810 -41.313439 -83.855270 -256.426635 -54.171242 29.152275 -7.689366 -6.104967 -5.020649 -361.200711 -2.799648 -363.891354 -49.789922 -22.951626 47.254351 1.208590 -20.485183 338.272687 358.367006 -72.282235 717.968660 4.565404 69.302067 28.986965 -20.470661 -24.832617 323.280284 -3.176285 -1.052515 333.780682 887.490888 -77.368220 1238.320001 12.759079 58.389847 24.959324 -7.827518 -1.703206 323.139543
0.414004 0.023226 0.499664 -12.859557 51.059203 -329.647296 -0.000000 -0.000000 0.000000 -0.000000 -0.000000 0.000000 -0.000000 -0.000000 0.000000 3.485135 -44.321624 343.033296 -0.000000 0.000000 0.000000 -443.534759 -14.814504 -25.318530 1.691465 -18.564590 30.136704 -3.662124 -7.619529 15.504365 39.076189 -40.354348 -88.753067 -256.910576 -53.416823 29.235254 -4.981985 -4.485680 -3.938214 -360.381336 -3.252142 -365.063482 -53.422390 -23.970819 45.748511 1.232709 -20.714552 338.842022 358.957559 -72.032004 719.072460 5.200550 69.353812 28.555874 -20.428777 -25.141824 322.644851 -2.531870 0.459778 334.561700 894.673325 -72.645218 1242.761675 8.452359 63.269890 31.162399 -7.916454 -3.225375 321.640278
0.416288 0.023680 0.499991 -13.028798 51.244223 -330.198432 -0.000000 -0.000000 0.000000 -0.000000 -0.000000 0.000000 -0.000000 -0.000000 0.000000 3.889200 -44.652924 343.818588 -0.000000 0.000000 -0.000000 -443.243319 -15.784980 -25.473733 4.065393 -20.312761 33.607192 -1.808121 -8.912566 16.432258 32.768971 -37.840800 -92.308636 -257.447698 -52.777823 29.225250 -2.587417 -3.031780 -3.038418 -359.978582 -4.095318 -366.453428 -56.054482 -24.893332 45.041212 1.266460 -20.864884 339.433868 359.417205 -71.904100 720.053310 6.070338 69.112172 27.600409 -20.058717 -25.125743 322.516782 -2.179344 1.374400 335.290091 899.473243 -68.725258 1243.732788 -1.519556 67.750342 44.105329 -8.370274 -5.363376 319.328257
0.418250 0.023975 0.500231 -12.919524 51.355493 -330.884992 -0.000000 -0.000000 0.000000 -0.000000 -0.000000 0.000000 -0.000000 -0.000000 0.000000 4.084228 -44.648539 344.449229 -0.000000 -0.000000 0.000000 -443.057973 -16.407093 -25.715290 6.616736 -21.762963 36.798251 0.496163 -10.422692 17.104732 27.268848 -34.427419 -94.324872 -258.097314 -52.202666 29.076197 -0.652911 -1.875227 -2.396401 -359.887281 -5.021656 -367.711555 -57.897142 -25.665106 44.765585 1.142413 -20.659558 339.905639 360.015880 -72.169698 720.837331 6.485184 68.877512 26.930872 -19.527395 -24.977160 322.705223 -2.220616 1.677129 335.892471 902.996806 -66.414160 1242.930259 -18.629054 70.023139 64.308401 -8.944690 -7.483720 316.636871
0.419891 0.024056 0.500361 -12.575877 51.382735 -331.622823 0.000000 -0.000000 -0.000000 0.000000 -0.000000 -0.000000 0.000000 -0.000000 -0.000000 4.133169 -44.445271 344.934374 -0.000000 -0.000000 -0.000000 -442.997930 -16.825919 -25.812287 8.584221 -22.567063 38.840013 2.377570 -11.598790 17.489552 23.728873 -31.483510 -95.190967 -258.815425 -51.748341 28.800666 0.780747 -1.054891 -2.003566 -360.098443 -5.922642 -368.770757 -58.913328 -26.261088 44.884258 0.829238 -20.108558 340.183953 360.845130 -72.850639 721.441932 6.149224 68.817277 26.947351 -18.939352 -24.845315 323.024943 -2.496798 1.256116 336.379906 905.283019 -66.256130 1241.689769 -34.769320 69.834867 75.733023 -9.274531 -9.060876 314.163512
0.421186 0.023892 0.500330 -12.198440 51.386510 -332.237370 -0.000000 0.000000 -0.000000 -0.000000 0.000000 -0.000000 -0.000000 0.000000 -0.000000 4.177335 -44.294177 345.329405 0.000000 -0.000000 0.000000 -443.071317 -17.189213 -25.678042 9.577012 -22.668152 39.276427 3.192551 -12.016271 17.647271 22.379959 -30.015396 -95.350367 -259.450611 -51.516909 28.467708 1.736691 -0.529623 -1.788405 -360.497882 -6.759710 -369.707889 -59.116608 -26.732555 45.465605 0.415935 -19.428812 340.274606 361.852155 -73.761901 721.950700 5.131916 68.867287 27.590594 -18.271982 -24.749750 323.430788 -2.679398 0.080254 336.830892 906.219217 -68.066538 1240.975734 -41.964580 68.422301 77.974098 -9.318652 -10.009649 312.176404
0.422103 0.023501 0.500102 -11.941645 51.420520 -332.616854 0.000000 -0.000000 -0.000000 0.000000 -0.000000 -0.000000 0.000000 -0.000000 -0.000000 4.278836 -44.303143 345.647333 0.000000 0.000000 -0.000000 -443.261691 -17.516747 -25.395011 9.687258 -22.203111 38.244971 2.828690 -11.631927 17.673791 22.927466 -30.159641 -95.030011 -259.879314 -51.540490 28.150619 2.230094 -0.299915 -1.749142 -360.857447 -7.377622 -370.431126 -58.736449 -27.101126 46.369269 0.017393 -18.865651 340.232875 362.856679 -74.621534 722.404540 3.689650 68.869618 28.581099 -17.480396 -24.652570 323.933156 -2.573737 -1.736062 337.297419 906.001364 -71.263893 1241.032979 -42.766220 67.069978 78.346082 -9.644119 -10.613716 310.416211
0.422636 0.022936 0.499692 -11.800524 51.476205 -332.764492 -0.000000 0.000000 -0.000000 -0.000000 0.000000 -0.000000 -0.000000 0.000000 -0.000000 4.345338 -44.402375 345.810132 -0.000000 -0.000000 -0.000000 -443.534214 -17.714847 -25.079718 9.172851 -21.321540 36.139900 1.555048 -10.661122 17.569940 25.029186 -31.499591 -94.224461 -260.118837 -51.802340 27.846484 2.229688 -0.458009 -1.992667 -361.105969 -7.595277 -370.702811 -57.872115 -27.289724 47.412129 -0.298934 -18.546421 340.107146 363.600018 -75.182726 722.766494 2.276100 68.732227 29.492712 -16.630262 -24.537329 324.484508 -2.252832 -4.024032 337.741166 904.971802 -75.417424 1241.578275 -40.809710 66.521881 78.296004 -11.011882 -11.058731 308.454680
0.422800 0.022273 0.499178 -11.663792 51.498621 -332.734486 0.000000 -0.000000 -0.000000 0.000000 -0.000000 -0.000000 0.000000 -0.000000 -0.000000 4.181069 -44.467740 345.667662 0.000000 -0.000000 0.000000 -443.820004 -17.623795 -24.849093 8.259055 -20.148708 33.411505 -0.111496 -9.464680 17.265255 28.316598 -33.343459 -92.755623 -260.299669 -52.330878 27.449826 1.639479 -1.093592 -2.601255 -361.332922 -7.403960 -370.468078 -56.325218 -27.224982 48.677146 -0.572305 -18.362733 339.863315 364.047020 -75.469055 723.016330 1.256419 68.518011 30.058160 -15.895779 -24.408996 324.983752 -1.932033 -6.570407 338.045452 903.210955 -80.233061 1242.012286 -37.457137 66.877805 78.054995 -13.597338 -11.298796 306.203644
0.422603 0.021597 0.498654 -11.429268 51.440154 -332.560161 0.000000 -0.000000 0.000000 0.000000 -0.000000 0.000000 0.000000 -0.000000 0.000000 3.607582 -44.396826 345.074652 0.000000 -0.000000 0.000000 -444.042361 -17.067194 -24.842356 7.171122 -18.831529 30.522524 -1.438171 -8.632343 16.959319 31.965519 -34.850544 -90.593116 -260.550838 -53.205871 26.828048 0.351510 -2.183048 -3.516338 -361.504687 -6.955453 -369.968105 -53.947994 -26.944370 50.412873 -0.944633 -18.008705 339.376715 364.584664 -75.848643 723.211686 0.515544 68.436746 30.549471 -15.474101 -24.266387 325.318919 -1.801940 -9.107068 338.077760 899.512896 -85.319491 1240.555421 -33.181459 67.685151 77.623104 -16.867889 -11.274760 303.944821
0.422036 0.020988 0.498178 -11.070202 51.298838 -332.241006 -0.000000 0.000000 -0.000000 -0.000000 0.000000 -0.000000 -0.000000 0.000000 -0.000000 2.577263 -44.114907 343.987125 -0.000000 0.000000 0.000000 -444.194893 -15.945158 -25.149254 6.104247 -17.469607 27.699155 -1.853881 -8.818810 17.289325 34.831276 -35.549987 -88.287070 -260.918406 -54.472313 25.929221 -1.632401 -3.591282 -4.588445 -361.423947 -6.372885 -369.489066 -50.931444 -26.537270 52.684843 -1.528756 -17.220166 338.547799 365.710039 -76.751808 723.410840 -0.526013 68.691926 31.705806 -15.471621 -24.093455 325.393776 -1.940293 -11.430294 337.770378 779.100269 -89.489854 1122.014519 -28.704862 68.417229 77.036684 -20.105809 -11.043593 301.956320
0.421099 0.020503 0.497755 -10.624532 51.118541 -331.773010 0.000000 0.000000 -0.000000 0.000000 0.000000 -0.000000 0.000000 0.000000 -0.000000 1.188193 -43.605605 342.495138 -0.000000 -0.000000 -0.000000 -444.354442 -14.321603 -25.721481 5.099127 -15.960261 24.710569 -1.462000 -10.124397 18.726706 36.689386 -35.713262 -86.357175 -261.351456 -56.071726 24.832053 -4.178930 -5.171369 -5.699146 -360.963986 -5.687069 -369.167324 -47.628912 -26.055964 55.332130 -2.313135 -15.924924 337.393258 367.798828 -78.394922 723.742950 -2.675823 69.272531 34.389495 -15.783266 -23.823012 325.198462 -2.303559 -13.474437 337.160851 727.776584 -85.205404 1072.064153 -25.038497 68.774412 76.478236 -22.736286 -10.777440 300.364573
0.419824 0.020191 0.497368 -10.143563 50.959932 -331.180058 -0.000000 0.000000 0.000000 -0.000000 0.000000 0.000000 -0.000000 0.000000 0.000000 -0.387248 -42.980424 340.780086 -0.000000 0.000000 -0.000000 -444.593673 -12.417530 -26.400760 4.050551 -14.081065 21.211549 -0.843033 -11.991901 20.980655 38.466179 -35.870860 -84.413165 -261.736886 -57.860336 23.706329 -7.137894 -6.835407 -6.797830 -360.216488 -4.948346 -369.064272 -44.212998 -25.489912 58.221942 -3.246750 -14.111324 335.986820 371.635073 -80.866726 724.857318 -6.702902 69.951378 39.317307 -16.150153 -23.277147 324.857920 -2.793753 -15.184550 336.348339 724.708591 -81.489891 1069.950696 -22.971398 68.667404 76.162109 -24.360750 -10.716586 299.289404
0.418275 0.020099 0.497009 -9.667499 50.870482 -330.517260 -0.000000 0.000000 -0.000000 -0.000000 0.000000 -0.000000 -0.000000 0.000000 -0.000000 -1.929044 -42.504609 339.085051 0.000000 -0.000000 0.000000 -444.905756 -10.510915 -27.042743 2.858130 -11.848058 17.399347 -0.398743 -13.872708 23.336654 40.827266 -36.258789 -81.975312 -261.969717 -59.672786 22.726349 -10.388615 -8.534304 -7.866467 -359.524007 -4.297981 -369.199192 -40.551229 -24.700480 61.309141 -4.300393 -11.717607 334.403605 380.554449 -84.207326 729.934111 -12.827114 70.488895 46.670377 -16.419267 -22.227562 324.535936 -3.330316 -16.423433 335.430746 723.293406 -78.853622 1069.115203 -22.624682 68.157941 76.139640 -24.865251 -10.979173 298.827370
0.416539 0.020253 0.496690 -9.241374 50.867569 -329.847752 -0.000000 0.000000 -0.000000 -0.000000 0.000000 -0.000000 -0.000000 0.000000 -0.000000 -3.167901 -42.485445 337.685400 0.000000 -0.000000 -0.000000 -445.224194 -8.824458 -27.590635 1.480216 -9.669194 14.066955 -0.162603 -15.532718 25.251137 43.517360 -36.872321 -79.409016 -262.026143 -61.356560 22.004200 -13.755285 -10.203380 -8.908499 -359.434162 -3.938739 -369.433487 -36.375667 -23.393235 64.432653 -5.390319 -8.793292 332.763499 421.508307 -87.712824 766.017594 -20.130786 70.779298 55.541457 -16.690691 -20.593171 324.274676 -3.866542 -17.083705 334.487120 722.534465 -77.445790 1068.484258 -23.598618 67.475941 76.364685 -24.596342 -11.424797 298.820950
0.414714 0.020623 0.496431 -8.906433 50.929887 -329.220453 0.000000 -0.000000 -0.000000 0.000000 -0.000000 -0.000000 0.000000 -0.000000 -0.000000 -3.905288 -43.044982 336.766594 -0.000000 0.000000 -0.000000 -445.487850 -7.471703 -28.029474 -0.085176 -8.051324 11.961206 -0.151609 -16.809949 26.408549 46.080361 -37.741319 -77.418802 -261.998149 -62.796496 21.545499 -16.962080 -11.732938 -9.933373 -360.450821 -4.068405 -369.512553 -31.584556 -21.297352 67.232395 -6.364180 -5.654607 331.231134 514.039139 -86.176265 853.247872 -26.896133 70.885741 63.877500 -17.178136 -18.560069 323.962260 -4.372080 -17.229020 333.583473 722.225196 -77.070806 1067.810265 -25.471501 66.916343 76.803662 -24.150467 -11.845987 298.905306
0.412904 0.021125 0.496236 -8.662930 51.006885 -328.657936 -0.000000 -0.000000 0.000000 -0.000000 -0.000000 0.000000 -0.000000 -0.000000 0.000000 -4.164416 -44.002563 336.299099 0.000000 -0.000000 0.000000 -445.663468 -6.460347 -28.336358 -1.734560 -7.294353 11.342059 -0.356666 -17.590678 26.740051 48.138723 -38.828561 -76.445680 -262.066868 -63.971873 21.224309 -19.713984 -12.991945 -10.899899 -362.655946 -4.754012 -369.263969 -26.449640 -18.445370 69.283195 -7.115611 -2.729404 329.918033 531.505277 -82.495149 865.796833 -32.135241 71.000486 69.652663 -18.036236 -16.524481 323.396477 -4.819431 -17.018463 332.758717 722.206883 -77.359743 1067.054775 -27.975981 66.608965 77.371788 -23.888657 -12.191409 298.841802
0.411193 0.021655 0.496071 -8.495856 51.059223 -328.133955 -0.000000 -0.000000 -0.000000 -0.000000 -0.000000 -0.000000 -0.000000 -0.000000 -0.000000 -4.152231 -45.042926 336.073917 -0.000000 0.000000 -0.000000 -445.726967 -5.716279 -28.525878 -3.207994 -7.451408 12.045657 -0.382141 -18.102339 26.746866 48.857639 -39.900071 -77.119916 -262.384761 -64.978090 20.860698 -21.804391 -13.889165 -11.704031 -365.564767 -5.814977 -368.656517 -21.554733 -15.263472 70.285166 -7.618736 -0.365334 328.839836 537.037278 -79.620232 867.461301 -36.362249 71.279457 73.313594 -19.272580 -14.984309 322.383073 -5.180067 -16.585301 332.008645 722.338634 -78.010563 1066.281659 -30.745372 66.497094 77.914096 -23.834783 -12.476910 298.653820
0.409632 0.022117 0.495870 -8.445416 51.093331 -327.564297 -0.000000 0.000000 -0.000000 -0.000000 0.000000 -0.000000 -0.000000 0.000000 -0.000000 -4.093521 -45.943447 335.848990 -0.000000 -0.000000 -0.000000 -445.672382 -5.130584 -28.674181 -4.169540 -8.271621 13.527883 0.221343 -18.766319 27.152044 47.518206 -40.601441 -79.721109 -262.911093 -65.932171 20.407071 -23.148220 -14.410999 -12.259294 -368.429044 -6.917288 -367.741597 -17.503909 -12.359557 70.239877 -7.841414 1.102988 327.986820 539.030093 -78.032413 867.229931 -40.556681 71.714578 75.726611 -20.711394 -14.432278 320.887495 -5.419843 -16.089714 331.310457 722.483722 -78.789360 1065.535981 -33.337635 66.494645 78.333108 -23.918858 -12.678881 298.439344
0.408246 0.022447 0.495567 -8.584195 51.142783 -326.871382 0.000000 -0.000000 -0.000000 0.000000 -0.000000 -0.000000 0.000000 -0.000000 -0.000000 -4.148877 -46.576188 335.448549 -0.000000 -0.000000 -0.000000 -445.543299 -4.641031 -28.822245 -4.482455 -9.192693 14.961316 1.187476 -19.436886 27.811790 45.121386 -40.687244 -82.653071 -263.378345 -66.845364 20.040528 -23.762988 -14.611027 -12.567588 -370.656924 -7.791321 -366.697547 -14.698946 -10.230579 69.523697 -7.731564 1.297971 327.391612 538.678090 -78.022343 866.851031 -44.730669 72.209700 77.169500 -22.101788 -15.150891 319.141672 -5.502188 -15.758761 330.671738 722.449493 -79.452650 1064.789277 -35.535903 66.540105 78.629674 -24.101770 -12.814405 298.215166
0.407037 0.022634 0.495126 -8.914945 51.221181 -326.075181 0.000000 -0.000000 -0.000000 0.000000 -0.000000 -0.000000 0.000000 -0.000000 -0.000000 -4.404812 -46.840919 334.808807 -0.000000 -0.000000 0.000000 -445.424423 -4.294518 -28.876876 -4.331688 -9.737861 15.752270 1.733336 -19.430546 27.736504 43.685115 -40.349099 -83.879157 -263.495762 -67.619590 20.001924 -23.751803 -14.570560 -12.678407 -371.930795 -8.284084 -365.822328 -13.344777 -9.138176 68.675981 -7.334525 0.057317 327.095336 535.978767 -79.660093 866.381030 -47.557184 72.725531 77.765952 -23.278685 -16.958821 317.587924 -5.417369 -15.772240 330.143123 722.065307 -79.780577 1064.038807 -37.188799 66.617953 78.824414 -24.386865 -12.919147 297.950362
0.405997 0.022703 0.494548 -9.347052 51.310838 -325.286783 0.000000 -0.000000 -0.000000 0.000000 -0.000000 -0.000000 0.000000 -0.000000 -0.000000 -4.826607 -46.759641 334.019224 -0.000000 0.000000 0.000000 -445.414539 -4.229618 -28.618153 -3.941428 -9.849534 15.888455 1.586278 -18.483287 26.458216 43.750483 -39.864126 -83.207527 -263.205935 -68.166695 20.341274 -23.254640 -14.346729 -12.585620 -372.155987 -8.307939 -365.264609 -13.481735 -9.105913 67.938303 -6.817622 -2.333178 327.077681 529.765143 -82.619352 863.973496 -47.017146 73.259826 77.520485 -24.141782 -19.234981 316.676951 -5.211824 -16.145082 329.771432 721.386573 -79.670584 1063.432998 -37.958111 66.812915 78.921587 -24.850578 -12.914714 297.619380
0.405113 0.022702 0.493860 -9.782394 51.394459 -324.610782 0.000000 -0.000000 -0.000000 0.000000 -0.000000 -0.000000 0.000000 -0.000000 -0.000000 -5.267486 -46.550463 333.274209 -0.000000 -0.000000 0.000000 -445.621800 -4.614771 -27.770888 -3.370146 -9.689917 15.613744 0.839731 -16.818208 24.359458 44.618272 -39.424633 -81.616731 -262.667758 -68.489764 20.903890 -22.344115 -13.936277 -12.201467 -371.519428 -7.888353 -364.834217 -14.933568 -9.924193 67.044699 -6.323900 -5.310796 327.263485 512.376876 -86.161767 851.016087 -41.456106 73.718585 75.736744 -24.579706 -21.328584 316.614950 -4.969845 -16.756049 329.554529 720.675985 -79.177468 1063.164216 -37.537837 67.248830 78.925894 -25.607093 -12.629860 297.191718
0.404371 0.022678 0.493097 -10.180281 51.476010 -324.088606 -0.000000 -0.000000 -0.000000 -0.000000 -0.000000 -0.000000 -0.000000 -0.000000 -0.000000 -5.594273 -46.448354 332.727212 -0.000000 -0.000000 -0.000000 -446.115369 -5.613990 -26.108933 -2.661104 -9.439414 15.182100 -0.578058 -14.544046 21.798299 45.831964 -39.310332 -79.991487 -262.026265 -68.640946 21.538055 -20.950748 -13.276658 -11.430111 -370.426707 -7.176290 -364.252778 -17.426217 -11.279552 65.592220 -5.876004 -8.391089 327.591450 431.538170 -87.895971 774.550160 -31.134301 73.933125 69.959063 -24.591324 -22.888251 317.223664 -4.755013 -17.466080 329.461532 720.114048 -78.468638 1063.223563 -35.995283 67.911058 78.852513 -26.641564 -11.987804 296.658183
0.403751 0.022680 0.492285 -10.531636 51.562131 -323.732122 0.000000 0.000000 -0.000000 0.000000 0.000000 -0.000000 0.000000 0.000000 -0.000000 -5.797481 -46.459723 332.394030 -0.000000 0.000000 0.000000 -446.802232 -7.397886 -23.557421 -1.945454 -9.503143 15.247886 -2.345255 -11.732430 18.971172 46.530670 -39.617765 -79.564697 -261.366773 -68.656210 22.154333 -18.910038 -12.272558 -10.244938 -369.075538 -6.260653 -363.489216 -20.960470 -13.048579 63.452763 -5.432367 -11.265436 328.038356 383.542542 -85.132607 730.501730 -19.046035 73.803780 58.373224 -24.346034 -23.818452 318.091371 -4.568592 -18.182551 329.485308 719.660015 -77.738352 1063.404531 -33.767091 68.639374 78.724085 -27.759833 -11.094420 296.077329
0.403227 0.022769 0.491448 -10.813630 51.638838 -323.568659 0.000000 -0.000000 0.000000 0.000000 -0.000000 0.000000 0.000000 -0.000000 0.000000 -5.975080 -46.365439 332.186687 0.000000 0.000000 0.000000 -447.354600 -10.102813 -20.247721 -1.181231 -10.608101 17.051183 -3.766170 -8.651982 16.207354 44.851681 -40.177373 -82.320807 -260.850138 -68.561303 22.604660 -16.127821 -10.844589 -8.716020 -367.265040 -5.052040 -362.673831 -25.866174 -15.296067 60.634215 -4.963914 -13.699238 328.594202 372.521877 -82.180487 722.788977 -8.820820 73.375929 47.092433 -24.016412 -24.183502 318.851272 -4.358398 -18.849304 329.659501 719.159646 -77.135182 1063.503591 -31.369478 69.296013 78.564466 -28.747350 -10.138905 295.544590
0.402783 0.023001 0.490619 -10.992818 51.679507 -323.642328 -0.000000 0.000000 -0.000000 -0.000000 0.000000 -0.000000 -0.000000 0.000000 -0.000000 -6.219293 -45.927213 332.027509 0.000000 0.000000 0.000000 -447.321329 -13.639477 -16.558887 0.407696 -13.505817 21.967288 -4.493769 -5.529693 13.826824 38.970226 -40.199418 -88.709554 -260.665905 -68.372477 22.713304 -12.726247 -8.992066 -6.985301 -364.882818 -3.517610 -361.925945 -32.223767 -17.872862 57.125299 -4.470657 -15.552169 329.256796 367.744844 -79.882795 720.627020 -1.939764 72.812042 39.579134 -23.675649 -24.215587 319.331794 -4.060072 -19.436133 330.037932 718.476921 -76.727923 1063.420677 -29.242024 69.804188 78.398979 -29.444901 -9.315550 295.140305
0.402430 0.023422 0.489850 -11.051159 51.665726 -323.999719 0.000000 0.000000 -0.000000 0.000000 0.000000 -0.000000 0.000000 0.000000 -0.000000 -6.501098 -45.025824 331.952632 -0.000000 0.000000 -0.000000 -446.456510 -17.518197 -13.076822 4.885070 -18.404903 31.039829 -4.371368 -2.689001 12.065497 28.339544 -37.322413 -95.141603 -260.804210 -68.019489 22.494244 -9.046873 -6.830493 -5.215751 -362.200532 -1.923387 -361.504098 -39.483551 -20.388900 53.229958 -3.975202 -16.871575 330.046056 365.050638 -78.188172 719.984147 2.316818 72.269146 34.921241 -23.336050 -24.186722 319.595158 -3.636086 -19.940450 330.671747 717.565814 -76.503379 1063.142501 -27.742131 70.093397 78.257376 -29.716980 -8.794885 294.925354
0.402195 0.024049 0.489204 -10.996981 51.593062 -324.668701 -0.000000 -0.000000 -0.000000 -0.000000 -0.000000 -0.000000 -0.000000 -0.000000 -0.000000 -6.674528 -43.669695 332.097336 0.000000 -0.000000 -0.000000 -444.983997 -21.203708 -10.140942 15.490800 -24.022935 44.768241 -3.041107 -0.814278 10.718787 15.319768 -27.694599 -98.271214 -261.056984 -67.347534 22.173745 -5.575151 -4.601563 -3.568198 -359.187340 -0.516309 -361.761168 -47.143538 -22.734450 49.478748 -3.510856 -17.809962 330.985828 363.366180 -76.859885 719.947492 5.277623 71.760933 31.549111 -22.957502 -24.175360 319.878645 -3.091408 -20.370528 331.584016 716.502946 -76.388268 1062.739388 -26.838563 70.161028 78.139372 -29.564990 -8.588176 294.921948
0.402097 0.024885 0.488739 -10.873824 51.472054 -325.599083 -0.000000 -0.000000 0.000000 -0.000000 -0.000000 0.000000 -0.000000 -0.000000 0.000000 -6.632766 -42.004760 332.537752 -0.000000 0.000000 0.000000 -443.242945 -24.826463 -7.211797 34.084469 -26.910083 61.424813 -0.548040 -0.653274 9.164509 3.790605 -9.050552 -99.203084 -261.427966 -66.368734 21.799223 -2.892403 -2.691556 -2.221191 -355.222976 0.902008 -362.644041 -55.117618 -24.959038 45.962413 -3.102086 -18.464837 332.045623 362.354293 -75.759240 720.233125 7.663570 71.183758 28.603873 -22.449066 -24.074821 320.403378 -2.467445 -20.729077 332.723533 715.459813 -76.297970 1062.360661 -25.933613 70.130349 77.982904 -29.217506 -8.482941 295.077162
0.402138 0.025916 0.488501 -10.764656 51.333717 -326.618658 0.000000 0.000000 0.000000 0.000000 0.000000 0.000000 0.000000 0.000000 0.000000 -6.425317 -40.338112 333.173699 -0.000000 0.000000 -0.000000 -441.200641 -29.026643 -3.073543 57.935362 -24.957479 75.400500 2.280913 -2.342688 7.156944 -6.503187 17.003064 -99.377937 -262.494706 -65.533852 20.856569 -1.468024 -1.518818 -1.345831 -350.558003 2.436680 -363.716030 -62.079360 -26.665543 42.989658 -2.751634 -18.883670 333.114464 361.854862 -74.879042 720.684330 9.490953 70.488410 26.083561 -21.785000 -23.827243 321.175076 -1.828995 -21.024962 333.939086 714.606848 -76.188219 1062.146305 -24.501155 70.121001 77.719225 -28.908857 -8.280035 295.305733
0.402300 0.027112 0.488507 -10.756055 51.219313 -327.504638 -0.000000 0.000000 0.000000 -0.000000 0.000000 0.000000 -0.000000 0.000000 0.000000 -6.181227 -39.055143 333.813908 0.000000 0.000000 0.000000 -438.471843 -34.028935 3.119892 82.628511 -21.572015 82.280468 5.252646 -6.782396 4.890325 -23.425845 46.621927 -98.818177 -265.292884 -65.563121 18.367094 -1.349875 -1.233454 -0.991316 -347.032021 3.373310 -364.881057 -64.729665 -27.504639 42.230567 -2.442711 -19.141618 334.057412 361.685621 -74.228575 721.165729 10.677276 69.780900 24.212114 -21.099409 -23.532099 321.972416 -1.250465 -21.279991 335.035404 714.037154 -76.067903 1062.132285 -22.683678 70.134339 77.346444 -28.678003 -8.002955 295.567264
0.402539 0.028440 0.488740 -10.884784 51.156763 -328.111019 -0.000000 0.000000 -0.000000 -0.000000 0.000000 -0.000000 -0.000000 0.000000 -0.000000 -5.994863 -38.423159 334.316329 0.000000 0.000000 0.000000 -434.567223 -39.350037 11.377510 105.533390 -21.491973 84.363990 8.369041 -16.999948 1.354531 -58.425845 64.753559 -70.530927 -270.963605 -66.797973 13.263789 -2.489709 -1.766788 -1.065423 -346.207633 3.058617 -366.247671 -60.589132 -27.253755 45.071622 -2.156066 -19.336630 334.791163 361.655026 -73.776139 721.568104 11.327821 69.234897 23.054329 -20.580295 -23.332916 322.537758 -0.795996 -21.506452 335.868917 713.765511 -75.976892 1062.268157 -21.036669 70.115913 76.937491 -28.440697 -7.805068 295.874940
0.402807 0.029871 0.489145 -11.131658 51.156950 -328.406083 0.000000 -0.000000 0.000000 0.000000 -0.000000 0.000000 0.000000 -0.000000 0.000000 -5.922605 -38.449322 334.609682 0.000000 -0.000000 0.000000 -429.075138 -44.257305 21.230596 125.047130 -25.112208 86.250164 7.410078 -34.075220 -6.535813 -93.425845 39.126394 -35.530927 -280.378877 -68.773618 4.761360 -5.195535 -3.098944 -1.424696 -347.962507 2.118140 -367.321470 -50.426981 -24.855866 50.162526 -1.893171 -19.546661 335.294455 361.636029 -73.466122 721.834929 11.511859 68.934412 22.607142 -20.275390 -23.295401 322.770955 -0.495050 -21.703074 336.391785 713.742718 -75.957306 1062.488427 -19.877965 70.065476 76.572418 -28.169690 -7.750920 296.213986
0.403061 0.031371 0.489653 -11.452647 51.219314 -328.435198 0.000000 0.000000 -0.000000 0.000000 0.000000 -0.000000 0.000000 0.000000 -0.000000 -5.971084 -38.929496 334.691722 0.000000 0.000000 0.000000 -422.718054 -47.887149 31.105055 139.657876 -29.744232 89.622427 -5.998761 -49.382352 -23.170604 -99.323694 7.217629 -2.838144 -293.679985 -70.556684 -7.257792 -9.467678 -4.996897 -1.825979 -350.812496 1.562949 -367.322234 -37.775880 -19.821312 54.103612 -1.677198 -19.807578 335.584204 361.593872 -73.250990 721.968993 11.180726 68.870304 22.888945 -20.114725 -23.424663 322.697343 -0.329094 -21.871240 336.641239 713.867207 -76.030723 1062.735666 -19.071380 70.037364 76.278668 -27.935669 -7.741303 296.484416
0.403278 0.032887 0.490193 -11.785516 51.310108 -328.314385 0.000000 0.000000 0.000000 0.000000 0.000000 0.000000 0.000000 0.000000 0.000000 -5.980286 -39.592777 334.717152 -0.000000 0.000000 0.000000 -418.348103 -49.795584 37.914202 146.142996 -32.929424 92.792308 -25.522955 -55.016817 -42.550962 -99.003430 -9.523052 4.326210 -310.079699 -71.316200 -22.030633 -14.459782 -6.945192 -1.953013 -353.366768 1.446554 -366.359127 -25.509025 -13.476005 55.123437 -1.522183 -20.087696 335.722809 361.555880 -73.108951 722.008780 10.400260 69.024821 23.819484 -20.087441 -23.707088 322.335737 -0.240090 -21.990437 336.722885 714.028051 -76.192800 1062.947753 -18.282553 70.067929 76.039661 -27.811070 -7.602445 296.564673
0.403447 0.034345 0.490704 -12.056589 51.350013 -328.193844 -0.000000 0.000000 -0.000000 -0.000000 0.000000 -0.000000 -0.000000 0.000000 -0.000000 -5.612106 -40.167213 334.983476 0.000000 0.000000 -0.000000 -418.894865 -50.230466 39.083847 139.971169 -34.137959 93.021536 -37.972967 -58.846012 -56.447740 -98.901421 -10.814819 5.086130 -328.312192 -70.425301 -38.215737 -19.439234 -8.676277 -1.568391 -355.141863 1.447612 -365.252703 -13.959580 -7.091765 53.692705 -1.405850 -20.292797 335.802216 361.551576 -73.033208 721.995601 9.522590 69.361680 25.067363 -20.280680 -24.074401 321.702584 -0.164124 -21.987594 336.754191 714.163353 -76.432754 1063.066097 -17.263174 70.147376 75.824175 -27.803620 -7.211231 296.416558
0.403565 0.035659 0.491137 -12.241586 51.264814 -328.116875 0.000000 0.000000 -0.000000 0.000000 0.000000 -0.000000 0.000000 0.000000 -0.000000 -4.621462 -40.410559 335.657485 -0.000000 -0.000000 -0.000000 -424.081635 -49.408653 35.293024 118.485196 -35.414914 88.509393 -40.841466 -68.276839 -63.953793 -99.242957 2.545645 -1.044195 -345.510029 -67.489040 -52.843913 -25.082062 -10.620728 -0.478562 -355.993428 1.593698 -364.601768 -1.941348 -0.909763 50.214592 -1.283462 -20.348114 335.854220 361.570496 -73.011420 721.950998 9.008559 69.786011 26.140934 -20.739460 -24.398974 320.900718 -0.076319 -21.787100 336.753659 714.284297 -76.756226 1063.063867 -16.050418 70.251628 75.629130 -27.869753 -6.587317 296.108073
0.403637 0.036754 0.491454 -12.401754 51.044280 -327.955309 0.000000 -0.000000 0.000000 0.000000 -0.000000 0.000000 0.000000 -0.000000 0.000000 -3.106997 -40.220344 336.570186 -0.000000 0.000000 -0.000000 -431.405084 -47.310745 29.188208 82.074369 -37.669981 75.359391 11.306032 -73.170387 -11.589420 -99.262947 37.545645 -17.345806 -358.763606 -63.009679 -63.095433 -32.193887 -13.371133 1.381640 -357.227025 1.521009 -363.986656 12.608818 5.087239 43.810251 -1.125855 -20.268176 335.805096 361.573857 -73.027003 721.871111 9.097508 70.209437 26.709355 -21.407303 -24.597560 320.074845 -0.004767 -21.385767 336.611554 714.447364 -77.182605 1062.948228 -15.100380 70.360411 75.538162 -27.931765 -5.926663 295.767388
0.403671 0.037593 0.491619 -12.612271 50.734960 -327.561018 0.000000 -0.000000 -0.000000 0.000000 -0.000000 -0.000000 0.000000 -0.000000 -0.000000 -1.395214 -39.710499 337.402525 0.000000 -0.000000 -0.000000 -438.783432 -44.047094 22.825876 40.613183 -34.464921 53.290620 14.555115 -30.650708 9.767114 -64.262947 43.238914 -52.345806 -368.262285 -57.882173 -69.326550 -39.713709 -16.778283 3.859980 -361.464507 0.079325 -361.690473 31.587404 9.435737 32.531695 -0.941363 -20.129257 335.563624 361.536236 -73.067160 721.739912 9.629155 70.622001 26.860119 -22.196146 -24.705599 319.284256 0.001960 -20.843012 336.212210 714.705398 -77.723562 1062.732298 -15.174966 70.448102 75.711654 -27.891800 -5.531685 295.533401
0.403670 0.038188 0.491615 -12.890865 50.405431 -326.910911 0.000000 -0.000000 0.000000 0.000000 -0.000000 0.000000 0.000000 -0.000000 0.000000 0.214901 -39.124642 337.959438 0.000000 -0.000000 0.000000 -445.131073 -39.941507 17.152003 13.049615 -24.315491 34.587809 -3.004196 3.877970 6.121920 -29.262947 8.238914 -87.345806 -375.214309 -52.722729 -72.941179 -46.329692 -20.487956 6.804600 -367.230343 -2.985187 -357.361228 52.000146 8.579184 17.485822 -0.772061 -20.016415 335.112228 361.462682 -73.116051 721.550010 10.104228 71.042637 27.052840 -22.990834 -24.811190 318.512150 -0.090754 -20.235478 335.542984 715.079464 -78.361797 1062.426061 -16.839890 70.487231 76.229702 -27.694723 -5.621362 295.491665
0.403642 0.038597 0.491460 -13.227598 50.134122 -326.061764 -0.000000 0.000000 0.000000 -0.000000 0.000000 0.000000 -0.000000 0.000000 0.000000 1.524455 -38.706619 338.189221 -0.000000 0.000000 -0.000000 -449.824896 -35.698318 12.719761 1.177308 -14.762825 22.861315 -6.334850 10.934923 2.005901 5.737053 -26.761086 -97.222041 -380.173947 -48.231897 -74.944009 -51.647101 -24.367561 9.992094 -369.978878 -5.667540 -353.653757 66.460366 3.152540 4.810438 -0.670081 -20.011818 334.491015 361.374126 -73.150679 721.316148 9.932088 71.439375 27.820876 -23.615020 -24.955626 317.778923 -0.283792 -19.664078 334.676997 715.539384 -79.038419 1062.056596 -19.909133 70.472358 76.945180 -27.395780 -6.154166 295.607870
0.403598 0.038888 0.491209 -13.609775 49.982260 -325.110989 0.000000 0.000000 -0.000000 0.000000 0.000000 -0.000000 0.000000 0.000000 -0.000000 2.451350 -38.606789 338.150044 -0.000000 -0.000000 0.000000 -452.743391 -32.269674 9.885058 -2.181592 -9.215023 15.855449 -6.307446 9.822721 1.135680 40.737053 -49.493211 -92.213481 -383.217104 -45.237397 -76.013294 -55.699911 -27.872832 12.623230 -369.441877 -6.743183 -351.914663 73.478851 -2.140321 -2.866257 -0.656570 -20.169373 333.788698 361.278727 -73.148468 721.071370 8.783217 71.756618 29.430635 -23.928204 -25.140123 317.142738 -0.529941 -19.239797 333.748917 715.989383 -79.668242 1061.672195 -23.480862 70.438914 77.607852 -27.132816 -6.858729 295.747355
0.403548 0.039116 0.490930 -13.989352 49.949584 -324.215723 0.000000 -0.000000 0.000000 0.000000 -0.000000 0.000000 0.000000 -0.000000 0.000000 3.067183 -38.811670 338.009893 0.000000 0.000000 -0.000000 -454.189327 -30.271321 8.623103 -1.906859 -7.561184 12.443907 -6.306993 7.608924 2.334391 45.692554 -49.219600 -90.351671 -384.708774 -43.863841 -76.678885 -58.095056 -29.724324 13.647109 -367.919457 -7.431650 -350.796934 75.618506 -5.213399 -6.707678 -0.703094 -20.467093 333.142258 361.157298 -73.091970 720.852749 6.837749 71.977441 31.694406 -23.951276 -25.367704 316.612858 -0.757175 -19.006762 332.927931 716.312229 -80.182072 1061.320763 -26.561693 70.451543 78.081305 -27.028768 -7.435825 295.782745
0.403494 0.039314 0.490675 -14.311370 49.991617 -323.462293 0.000000 -0.000000 0.000000 0.000000 -0.000000 0.000000 0.000000 -0.000000 0.000000 3.486945 -39.222921 337.883403 0.000000 -0.000000 0.000000 -454.290399 -29.885704 8.761807 -0.610677 -8.454385 12.029378 -6.088314 5.317503 4.250228 40.565978 -47.785745 -92.983397 -385.133475 -43.712599 -77.471247 -59.394282 -30.344072 13.383503 -366.267135 -8.431557 -349.324907 75.311712 -6.588870 -8.523538 -0.776839 -20.836926 332.611747 360.987041 -72.969564 720.686702 4.735475 72.103883 34.019064 -23.821628 -25.596744 316.171440 -0.933093 -18.933513 332.278102 716.460005 -80.552253 1061.042187 -28.559310 70.561973 78.360648 -27.129086 -7.708799 295.672454
0.403432 0.039504 0.490447 -14.592823 50.093596 -322.725834 -0.000000 -0.000000 -0.000000 -0.000000 -0.000000 -0.000000 -0.000000 -0.000000 -0.000000 3.661762 -39.854334 337.648171 0.000000 -0.000000 0.000000 -452.739827 -31.228765 10.440435 0.377744 -10.147695 13.830362 -4.896004 2.627622 5.931107 31.171291 -44.225967 -96.352042 -384.856199 -44.474698 -79.064250 -60.210273 -31.044265 12.816548 -364.752971 -9.810953 -347.229560 73.979825 -7.309107 -9.688929 -0.897103 -21.260323 332.080483 360.768340 -72.781940 720.570788 3.252475 72.119101 35.669790 -23.653779 -25.705216 315.858400 -1.101302 -19.011495 331.669230 716.482477 -80.772410 1060.880015 -29.314094 70.771470 78.483210 -27.394381 -7.651908 295.463350
0.403352 0.039695 0.490200 -14.898549 50.292949 -321.827185 -0.000000 0.000000 -0.000000 -0.000000 0.000000 -0.000000 -0.000000 0.000000 -0.000000 3.355778 -40.851888 337.053207 -0.000000 0.000000 -0.000000 -448.913005 -34.537511 14.427579 1.294698 -11.923629 17.167177 -2.712357 -0.186394 6.546864 20.455704 -36.882017 -98.315321 -383.923623 -46.399489 -81.663327 -60.294139 -31.616295 11.837910 -363.771431 -11.357882 -344.610445 71.644209 -6.992129 -9.675633 -1.115799 -21.792381 331.403925 360.506710 -72.538493 720.467303 2.686019 72.014342 36.341464 -23.464989 -25.614866 315.743062 -1.339907 -19.298971 330.940902 716.454676 -80.829079 1060.870034 -29.036773 71.022997 78.486608 -27.715624 -7.391677 295.254397
0.403247 0.039883 0.489867 -15.249217 50.623062 -320.762492 0.000000 -0.000000 0.000000 0.000000 -0.000000 0.000000 0.000000 -0.000000 0.000000 2.304659 -42.256982 335.924129 0.000000 -0.000000 -0.000000 -441.686487 -39.723352 22.018195 4.342757 -14.794274 21.801355 -0.244077 -2.575658 5.765267 10.070017 -23.487170 -99.173420 -382.215002 -49.974771 -84.780762 -57.935019 -30.181136 9.538392 -363.859985 -12.336851 -342.104492 66.734586 -3.848229 -5.840535 -1.461973 -22.485625 330.586816 360.200320 -72.233024 720.346855 2.569299 71.841536 36.482383 -23.239339 -25.431782 315.786380 -1.689402 -19.840806 330.090949 716.388233 -80.714012 1060.985626 -28.399720 71.221557 78.432049 -27.952051 -7.183769 295.120553
0.403108 0.040048 0.489391 -15.617005 51.065502 -319.654309 -0.000000 0.000000 -0.000000 -0.000000 0.000000 -0.000000 -0.000000 0.000000 -0.000000 0.366051 -43.801114 334.178982 -0.000000 -0.000000 0.000000 -429.185045 -45.515612 34.553508 13.396730 -20.941681 27.756316 2.044806 -5.217205 3.914520 -0.031463 0.089340 -99.483576 -379.654980 -55.313601 -87.623877 -51.575451 -26.235446 6.345819 -364.006917 -10.449153 -342.405941 55.369739 2.801626 5.336939 -1.938321 -23.310386 329.716754 359.899925 -71.838437 720.264551 2.410444 71.705211 36.644343 -23.061862 -25.353114 315.792538 -2.119709 -20.603384 329.228863 716.202802 -80.455012 1061.088976 -28.495245 71.290458 78.443363 -28.020326 -7.287011 295.009734
0.402934 0.040162 0.488749 -15.980635 51.557258 -318.602162 -0.000000 0.000000 -0.000000 -0.000000 0.000000 -0.000000 -0.000000 0.000000 -0.000000 -2.331703 -45.004961 331.868099 -0.000000 0.000000 -0.000000 -410.177728 -49.290049 52.320291 31.384790 -31.592516 34.596321 4.354307 -11.520319 0.925911 -15.552950 35.089340 -99.271560 -376.038120 -61.982558 -89.137009 -41.715942 -21.061142 3.721130 -360.301369 -3.855156 -348.050596 32.166144 7.440713 25.418632 -2.533840 -24.122765 328.840037 359.761194 -71.364962 720.365053 2.475424 71.679569 36.699623 -23.129008 -25.441145 315.554143 -2.549593 -21.518502 328.458273 715.776691 -80.094925 1060.987838 -30.294080 71.210330 78.642092 -27.959618 -7.811608 294.739078
0.402721 0.040205 0.487962 -16.328377 52.021758 -317.684579 -0.000000 0.000000 0.000000 -0.000000 0.000000 0.000000 -0.000000 0.000000 0.000000 -5.304206 -45.523477 329.326996 -0.000000 -0.000000 0.000000 -387.805342 -48.584491 71.660032 56.460055 -45.966257 42.393007 3.472845 -20.556265 -5.022831 -50.552950 63.056295 -68.607449 -370.092383 -69.341124 -87.317398 -29.801012 -15.236016 1.957898 -354.722711 2.145750 -354.251629 4.670452 1.867348 43.566824 -3.189904 -24.709856 327.998518 359.950105 -70.922126 720.762207 3.338062 71.766909 36.149057 -23.559799 -25.617126 315.027117 -2.892408 -22.548006 327.868638 715.050970 -79.632671 1060.597573 -33.962748 70.984481 78.988528 -27.873595 -8.705007 294.152798
0.402468 0.040185 0.487085 -16.631859 52.394041 -316.974789 -0.000000 -0.000000 0.000000 -0.000000 -0.000000 0.000000 -0.000000 -0.000000 0.000000 -7.956161 -45.353061 327.037584 0.000000 -0.000000 0.000000 -368.324521 -43.794507 86.463826 82.946835 -61.186143 52.653540 -2.696722 -23.257784 -11.101767 -85.552950 36.191573 -33.607449 -357.695890 -76.414137 -77.736408 -18.895864 -9.910120 0.881057 -354.124724 3.597494 -356.773055 -14.382534 -6.873710 50.906979 -3.785713 -24.928722 327.274937 360.468516 -70.666726 721.423919 5.152456 71.944965 34.781380 -24.296654 -25.813277 314.323729 -3.108593 -23.652181 327.510767 714.131373 -79.037844 1060.043013 -38.754426 70.620258 79.322564 -27.853503 -9.814513 293.244539
0.402180 0.040145 0.486203 -16.858676 52.636437 -316.461666 0.000000 -0.000000 0.000000 0.000000 -0.000000 0.000000 0.000000 -0.000000 0.000000 -9.980017 -44.733814 325.247393 -0.000000 -0.000000 0.000000 -354.263130 -37.630290 94.805301 110.608567 -73.913493 69.593939 -7.943831 -20.410050 -12.506452 -98.765350 12.747545 -6.245073 -330.696002 -81.273894 -52.397412 -11.000103 -5.957874 0.280880 -357.143639 2.294259 -357.599673 -25.536541 -12.809528 52.702968 -4.212759 -24.810446 326.710037 361.124589 -70.674318 722.193469 7.602733 72.189076 32.786507 -25.167708 -26.019488 313.607742 -3.237502 -24.725277 327.311136 713.261426 -78.329208 1059.557560 -43.504194 70.168830 79.552041 -27.953989 -10.913104 292.131628
0.401862 0.040150 0.485406 -17.008114 52.746427 -316.037272 0.000000 0.000000 0.000000 0.000000 0.000000 0.000000 0.000000 0.000000 0.000000 -11.402780 -44.025710 323.906601 0.000000 -0.000000 0.000000 -344.985159 -32.429716 98.368220 149.635788 -81.216058 103.102633 -10.740905 -17.465134 -11.474524 -98.398081 -0.869191 0.462735 -296.783419 -82.362503 -19.357577 -7.362187 -4.094833 0.057530 -359.454303 0.848828 -358.502734 -31.177907 -15.930841 53.270267 -4.436602 -24.522978 326.260863 361.660372 -70.891025 722.863915 9.909233 72.424104 30.787724 -25.875539 -26.224067 313.075147 -3.364336 -25.626496 327.102431 712.675788 -77.586915 1059.327470 -47.168553 69.743715 79.679874 -28.166897 -11.759665 291.019558
0.401522 0.040243 0.484777 -17.119575 52.754616 -315.610911 0.000000 0.000000 0.000000 0.000000 0.000000 0.000000 0.000000 0.000000 0.000000 -12.358954 -43.655217 322.908653 -0.000000 0.000000 -0.000000 -339.794595 -29.301180 99.402352 191.517328 -82.129139 142.540814 -12.602952 -15.842322 -10.459625 -97.961355 -7.999860 4.603982 -280.717168 -82.040654 -3.691080 -7.012681 -3.870400 0.174260 -360.565626 -0.117902 -359.451348 -32.252811 -16.769468 54.023134 -4.460670 -24.269732 325.900439 361.865789 -71.218002 723.206871 10.618905 72.569724 30.087516 -26.041894 -26.432163 312.901442 -3.527663 -26.276814 326.792561 712.486101 -76.883219 1059.471115 -49.047019 69.490163 79.734237 -28.419529 -12.220622 290.190511
0.401163 0.040415 0.484371 -17.236547 52.712408 -315.193397 -0.000000 -0.000000 -0.000000 -0.000000 -0.000000 -0.000000 -0.000000 -0.000000 -0.000000 -12.992046 -43.942730 322.200990 0.000000 -0.000000 -0.000000 -338.485961 -28.482667 99.494683 207.887972 -80.267130 157.667310 -14.432865 -15.260469 -10.151640 -97.570116 -11.073679 6.735898 -280.487468 -82.320966 -3.521458 -8.901936 -4.750329 0.583015 -360.921628 -0.493340 -359.926730 -29.909958 -15.690223 54.573187 -4.289092 -24.215588 325.685257 361.615463 -71.595675 723.021900 8.262659 72.628956 32.114473 -25.456817 -26.706995 313.100649 -3.675148 -26.687222 326.450529 712.651085 -76.252174 1060.038251 -48.813763 69.512594 79.731795 -28.633709 -12.310546 289.892143
0.400786 0.040592 0.484190 -17.355699 52.671000 -314.886680 0.000000 0.000000 -0.000000 0.000000 0.000000 -0.000000 0.000000 0.000000 -0.000000 -13.460175 -44.878929 321.745608 0.000000 0.000000 -0.000000 -341.068049 -30.017517 99.011319 205.410489 -78.101026 154.433576 -16.632504 -15.794369 -11.081141 -97.273510 -11.223036 7.071294 -294.629770 -83.060576 -17.407576 -11.883046 -6.103866 1.407678 -360.181754 -0.029248 -359.763565 -26.160206 -13.509999 54.024469 -3.960676 -24.417646 325.696621 360.925105 -71.985032 722.270927 2.742014 72.622656 37.095383 -24.264055 -27.078678 313.517975 -3.714262 -26.898539 326.235676 713.003234 -75.731229 1060.928160 -46.495182 69.766577 79.669698 -28.744543 -12.111606 290.165701
0.400395 0.040661 0.484195 -17.424297 52.652183 -314.826655 -0.000000 -0.000000 0.000000 -0.000000 -0.000000 0.000000 -0.000000 -0.000000 0.000000 -13.779750 -46.095913 321.582614 -0.000000 0.000000 -0.000000 -348.233352 -34.266962 96.835982 185.993408 -75.759298 135.264040 -18.358723 -17.842443 -13.743756 -97.399805 -7.840457 4.864370 -325.683783 -82.708484 -47.845120 -15.256596 -7.612755 2.896332 -358.110578 1.081064 -359.610399 -21.667619 -10.785861 52.514062 -3.565035 -24.778942 325.966259 360.011495 -72.332184 721.159379 -4.033710 72.532327 43.345989 -22.914338 -27.429933 313.977553 -3.567279 -26.933399 326.300293 713.329267 -75.377458 1061.888447 -42.495698 70.056616 79.526437 -28.684486 -11.687335 290.803922
0.400003 0.040518 0.484333 -17.388506 52.627782 -315.117664 0.000000 -0.000000 -0.000000 0.000000 -0.000000 -0.000000 0.000000 -0.000000 -0.000000 -13.638129 -47.098924 321.949973 0.000000 -0.000000 -0.000000 -361.478302 -40.982936 90.309056 151.829739 -70.750053 104.849098 -17.236581 -22.074127 -17.672798 -98.096817 2.130687 -1.198746 -354.094740 -79.256034 -75.074290 -19.380723 -9.684420 5.133818 -355.425460 2.174627 -360.197455 -15.181366 -7.182937 50.439682 -3.179089 -25.107073 326.475984 359.194205 -72.605480 720.005567 -9.406302 72.418531 48.379813 -21.940725 -27.588453 314.385265 -3.182105 -26.808088 326.739467 713.460629 -75.217173 1062.662877 -37.622485 70.182420 79.276783 -28.406369 -11.076932 291.492659
0.399630 0.040104 0.484556 -17.221078 52.534332 -315.803035 0.000000 -0.000000 -0.000000 0.000000 -0.000000 -0.000000 0.000000 -0.000000 -0.000000 -12.583491 -47.526312 323.161855 -0.000000 -0.000000 -0.000000 -381.863477 -47.483265 76.362024 112.906679 -61.425668 77.350059 -10.233030 -27.946536 -18.592655 -98.535323 24.846174 -12.995230 -367.698655 -73.614425 -86.599874 -25.652488 -13.330350 7.589644 -353.124048 2.850104 -361.334636 -4.924876 -2.146024 47.069577 -2.798173 -25.238530 327.210043 358.664388 -72.830045 719.027914 -12.112753 72.427407 50.935883 -21.639071 -27.525973 314.746103 -2.547162 -26.543128 327.572198 713.330712 -75.211552 1063.120037 -32.893180 70.070783 78.934408 -27.940273 -10.338950 291.981129
0.399290 0.039433 0.484807 -16.923111 52.315909 -316.850236 0.000000 0.000000 0.000000 0.000000 0.000000 0.000000 0.000000 0.000000 0.000000 -10.460980 -47.174116 325.280289 -0.000000 -0.000000 -0.000000 -406.622865 -49.672765 56.179836 70.658064 -49.200254 54.979412 1.464965 -28.586549 -10.626883 -90.254382 58.667414 -47.995230 -373.609201 -67.513580 -89.301068 -33.814931 -18.185913 9.358564 -354.180531 2.186603 -361.122509 10.960674 3.999422 39.995183 -2.359854 -25.104656 328.156953 358.402696 -73.047274 718.299779 -12.295043 72.627497 51.054219 -21.973192 -27.342356 315.102013 -1.720495 -26.145801 328.722586 712.990057 -75.296366 1063.246184 -29.165227 69.792969 78.593081 -27.419674 -9.560596 292.140208
0.398989 0.038583 0.485024 -16.549497 51.959816 -318.105474 -0.000000 0.000000 -0.000000 -0.000000 0.000000 -0.000000 -0.000000 0.000000 -0.000000 -7.573537 -45.982974 327.963956 -0.000000 0.000000 -0.000000 -428.458596 -46.408871 36.784387 33.700287 -34.988260 37.252415 6.386582 -19.532480 -1.744591 -55.254382 36.386089 -82.995230 -376.577597 -61.867253 -88.049900 -43.447893 -23.518477 10.449640 -358.671584 -0.087211 -358.518782 32.115219 7.950958 27.148252 -1.828581 -24.717996 329.235467 358.311742 -73.280751 717.823441 -10.475310 72.951322 49.194868 -22.720718 -27.120475 315.450353 -0.825910 -25.618521 330.004760 712.569333 -75.440989 1063.075813 -26.865594 69.488642 78.382981 -27.004914 -8.830426 291.970030
0.398718 0.037689 0.485143 -16.215574 51.510644 -319.311928 0.000000 -0.000000 -0.000000 0.000000 -0.000000 -0.000000 0.000000 -0.000000 -0.000000 -4.456319 -44.201964 330.676494 -0.000000 0.000000 0.000000 -443.123681 -40.137971 22.838034 12.754312 -22.768172 24.962466 5.044677 -11.611028 1.721187 -20.254382 1.386089 -99.198063 -378.552588 -57.008193 -85.357270 -53.411938 -28.825552 11.629239 -361.748311 -2.302333 -355.982094 51.510802 6.214402 12.839329 -1.226487 -24.163792 330.287398 358.305433 -73.549076 717.535008 -7.493623 73.265800 46.192626 -23.575982 -26.880730 315.763599 -0.013434 -24.986733 331.169799 712.231541 -75.667663 1062.674213 -25.959231 69.267169 78.349647 -26.762908 -8.236355 291.651709
0.398462 0.036901 0.485121 -16.021113 51.066716 -320.269500 -0.000000 0.000000 0.000000 -0.000000 0.000000 0.000000 -0.000000 0.000000 0.000000 -1.592455 -42.404740 333.023692 0.000000 0.000000 0.000000 -451.349079 -34.024474 14.364416 4.800833 -15.326968 16.794746 3.341124 -7.579716 2.670038 13.453142 -24.862895 -98.373158 -380.155281 -53.099413 -82.549900 -61.968428 -33.766662 13.385592 -361.391161 -2.928281 -355.496205 63.915518 1.349386 2.162859 -0.606465 -23.592193 331.193761 358.295524 -73.868187 717.305449 -4.761478 73.470608 43.453768 -24.218963 -26.630780 316.032005 0.594254 -24.317328 332.045803 712.106537 -76.012278 1062.155101 -25.997397 69.158163 78.407650 -26.628838 -7.851784 291.521731
0.398213 0.036358 0.484958 -15.970994 50.738475 -320.957460 0.000000 -0.000000 -0.000000 0.000000 -0.000000 -0.000000 0.000000 -0.000000 -0.000000 0.691052 -41.124245 334.865565 0.000000 -0.000000 0.000000 -455.342492 -30.116218 10.043833 2.809125 -11.700933 11.897754 2.034662 -4.942841 2.366014 23.572476 -34.378993 -96.560525 -381.408892 -50.293997 -80.214422 -67.444307 -37.394219 15.235285 -360.148410 -3.530149 -355.023030 70.676301 -3.934273 -5.546569 -0.038734 -23.145101 331.941545 358.227808 -74.220513 717.055251 -3.389339 73.534247 42.096745 -24.466659 -26.364629 316.240186 0.942695 -23.696112 332.626591 712.227841 -76.474739 1061.657440 -26.206864 69.133013 78.425701 -26.478933 -7.648167 291.853995
0.397971 0.036174 0.484699 -15.997042 50.572932 -321.435581 0.000000 -0.000000 0.000000 0.000000 -0.000000 0.000000 0.000000 -0.000000 0.000000 2.217570 -40.523167 336.164321 -0.000000 0.000000 0.000000 -457.024852 -28.576471 8.384505 2.657682 -10.470607 9.755036 1.088772 -3.014636 1.740249 29.445144 -37.897163 -94.741637 -382.084066 -48.769656 -78.634466 -70.117311 -39.539077 16.684286 -359.540380 -5.360191 -352.963503 73.865325 -8.905209 -11.823663 0.386936 -22.879302 332.522762 358.144913 -74.522933 716.851988 -3.111923 73.450432 41.873209 -24.341377 -26.035910 316.388434 1.039640 -23.178967 332.966743 712.544885 -77.002483 1061.294016 -25.814961 69.140213 78.309898 -26.218907 -7.474694 292.665896
0.397739 0.036426 0.484413 -16.036047 50.529854 -321.687292 0.000000 -0.000000 0.000000 0.000000 -0.000000 0.000000 0.000000 -0.000000 0.000000 2.935841 -40.465195 336.841481 0.000000 -0.000000 -0.000000 -457.621817 -28.301244 8.002221 3.286500 -11.490451 10.244148 0.266855 -1.905210 1.843123 30.098634 -38.779323 -94.774289 -381.874532 -48.698518 -78.039865 -72.205913 -41.301591 17.299907 -359.258974 -8.241276 -349.543305 75.090881 -13.386146 -17.346769 0.582185 -22.779616 332.836463 358.149434 -74.656630 716.829312 -2.775799 73.217618 41.608783 -23.986246 -25.591935 316.536373 0.926987 -22.803102 333.052026 712.967943 -77.483283 1061.135492 -24.466998 69.120048 78.006998 -25.823937 -7.206647 293.777028
0.397521 0.037139 0.484143 -16.050975 50.554429 -321.672687 -0.000000 0.000000 -0.000000 -0.000000 0.000000 -0.000000 -0.000000 0.000000 -0.000000 2.858419 -40.771667 336.829525 -0.000000 -0.000000 0.000000 -457.771494 -28.264424 8.007402 5.248876 -15.265627 13.500714 -0.409625 -1.498418 2.756298 25.840475 -37.358530 -96.491254 -380.640795 -50.110223 -78.474832 -75.112190 -43.304388 16.719641 -358.828722 -12.053793 -344.844346 75.129327 -17.470196 -22.574458 0.494398 -22.818222 332.786659 358.300982 -74.558235 717.029295 -1.710247 72.855944 40.589666 -23.545330 -25.025339 316.753413 0.670869 -22.640447 332.871334 713.354320 -77.772006 1061.195413 -22.320604 69.055365 77.491997 -25.373691 -6.840901 294.950678
0.397313 0.038261 0.483879 -16.002754 50.643716 -321.484322 0.000000 0.000000 0.000000 0.000000 0.000000 0.000000 0.000000 0.000000 0.000000 2.021727 -41.328919 336.194925 0.000000 -0.000000 -0.000000 -457.444236 -28.666426 8.560558 9.771398 -21.698375 19.569998 -0.588360 -1.444148 3.678593 18.022888 -31.875236 -98.172742 -378.327244 -53.000228 -79.480365 -78.905371 -44.959303 14.425735 -357.543234 -16.373090 -338.920022 73.667286 -20.449994 -27.071819 0.140256 -22.977175 332.445738 358.561011 -74.267638 717.372502 -0.118446 72.411730 39.006680 -23.105777 -24.383387 317.040740 0.343222 -22.758986 332.541384 713.516405 -77.809492 1061.368950 -19.835624 69.012978 76.797633 -25.024643 -6.428808 295.965060
0.397117 0.039681 0.483575 -15.864881 50.825671 -321.304829 -0.000000 -0.000000 -0.000000 -0.000000 -0.000000 -0.000000 -0.000000 -0.000000 -0.000000 0.517720 -42.074632 335.125112 0.000000 0.000000 0.000000 -455.741583 -31.012985 11.014292 18.440464 -29.598302 28.296629 -0.070078 -1.649665 4.002152 8.743945 -19.726594 -99.085628 -374.581750 -57.451876 -80.059101 -81.991065 -44.520837 9.963849 -356.113944 -19.961683 -332.430306 71.091896 -20.384975 -28.248347 -0.392085 -23.250698 332.018317 358.826960 -73.876480 717.750816 1.519540 71.960031 37.356415 -22.719327 -23.762222 317.331885 -0.010121 -23.106135 332.234772 713.336002 -77.744067 1061.427705 -17.598270 69.086553 76.069581 -24.867574 -6.019792 296.691498
0.396941 0.041243 0.483173 -15.659175 51.109612 -321.263484 0.000000 -0.000000 0.000000 0.000000 -0.000000 0.000000 0.000000 -0.000000 0.000000 -1.445679 -43.018469 333.858925 0.000000 0.000000 -0.000000 -451.119433 -36.265100 16.864549 34.067654 -37.880938 40.233042 1.184101 -2.760998 3.613362 -0.781913 2.142276 -99.437354 -368.313524 -63.392983 -78.380686 -80.877515 -40.301532 3.863477 -357.387373 -21.291660 -327.723772 68.171149 -14.945796 -21.940810 -0.980204 -23.639811 331.693621 359.009598 -73.463904 718.091807 2.881905 71.592444 35.955581 -22.420122 -23.284826 317.571749 -0.353864 -23.497716 332.063175 712.816261 -77.872570 1061.131567 -16.158046 69.308333 75.538378 -24.832843 -5.670255 297.153384
0.396790 0.042773 0.482625 -15.428038 51.469698 -321.451385 -0.000000 0.000000 0.000000 -0.000000 0.000000 0.000000 -0.000000 0.000000 0.000000 -3.528415 -44.238099 332.697702 -0.000000 0.000000 -0.000000 -441.970963 -43.176870 26.832026 61.559701 -45.402958 57.723731 3.485179 -7.488707 2.107948 -15.104652 36.781822 -99.296756 -356.571367 -70.046903 -70.556288 -74.743722 -34.172451 -1.908511 -361.179467 -15.947071 -332.950984 59.804957 -1.936345 -3.366422 -1.503069 -24.122608 331.619824 359.086237 -73.079965 718.360321 3.844587 71.356060 34.884554 -22.191158 -23.017821 317.785062 -0.614781 -23.745059 332.123585 711.955335 -78.433219 1060.320269 -15.696804 69.627758 75.324316 -24.753773 -5.410433 297.488501
0.396647 0.044131 0.481882 -15.192415 51.852974 -321.964144 -0.000000 -0.000000 0.000000 -0.000000 -0.000000 0.000000 -0.000000 -0.000000 0.000000 -5.336000 -45.780635 331.967498 0.000000 0.000000 0.000000 -426.737039 -49.446070 41.816163 100.131578 -49.364227 79.515172 4.629574 -19.348326 -3.051529 -50.104652 64.297765 -66.630343 -332.941013 -75.297384 -49.436950 -63.362543 -27.378016 -6.643865 -359.384707 -4.170206 -346.889443 33.907455 8.671363 27.932606 -1.851489 -24.636561 331.922347 359.081355 -72.755761 718.547863 4.315357 71.212918 34.200186 -21.942419 -22.928644 318.032037 -0.704186 -23.755008 332.525975 710.612854 -79.491777 1058.831768 -15.922105 69.944666 75.320766 -24.456299 -5.192844 297.888500
0.396472 0.045256 0.480902 -14.976209 52.197730 -322.789852 -0.000000 0.000000 -0.000000 -0.000000 0.000000 -0.000000 -0.000000 0.000000 -0.000000 -6.569777 -47.571818 331.844355 -0.000000 -0.000000 -0.000000 -406.406059 -52.412784 60.764807 137.652179 -50.387743 98.788193 -3.183793 -29.809775 -13.153340 -85.104652 29.297765 -31.630343 -298.691961 -75.973797 -16.361228 -49.143260 -21.545506 -9.863846 -357.224314 1.009725 -354.959212 7.904529 3.663364 49.676355 -1.948326 -25.099085 332.617336 359.019988 -72.524110 718.668672 3.976600 71.116677 34.245319 -21.565017 -22.998870 318.277326 -0.638216 -23.465804 333.232721 708.472932 -81.045757 1056.240179 -16.590576 70.165479 75.411075 -23.803887 -4.928214 298.538957
0.396213 0.046171 0.479667 -14.824553 52.459701 -323.749544 -0.000000 0.000000 0.000000 -0.000000 0.000000 0.000000 -0.000000 0.000000 0.000000 -7.137574 -49.415084 332.256340 -0.000000 0.000000 -0.000000 -388.092281 -51.451846 77.215689 166.757122 -50.544816 114.232593 -14.338199 -30.079178 -19.689875 -98.839255 0.977816 -0.467596 -274.680695 -72.478902 7.207355 -35.965156 -17.444212 -11.370241 -361.381886 -0.605295 -356.964638 -5.851925 -3.220232 57.617389 -1.798207 -25.441854 333.551609 358.927181 -72.427762 718.745412 2.356541 71.087662 35.561004 -21.009231 -23.298575 318.386682 -0.612614 -22.708793 333.958317 704.744120 -83.156738 1051.419385 -17.963295 70.241262 75.679997 -22.751484 -4.567571 299.493192
0.395815 0.046944 0.478184 -14.749669 52.633301 -324.658026 0.000000 -0.000000 -0.000000 0.000000 -0.000000 -0.000000 0.000000 -0.000000 -0.000000 -7.128488 -51.046686 333.012397 -0.000000 0.000000 -0.000000 -377.677066 -49.506950 86.444825 185.647912 -49.298085 125.043996 -20.430616 -27.194951 -20.065464 -98.075844 -11.996058 6.788890 -263.676313 -68.462317 17.924369 -26.827245 -14.990617 -11.710938 -365.611279 -3.111971 -357.926230 -13.546224 -7.915627 60.445394 -1.504963 -25.628619 334.512231 358.852412 -72.518817 718.772984 -0.616586 71.126127 38.257731 -20.281577 -23.802698 318.338982 -0.902693 -21.219212 334.358486 695.876508 -85.845475 1040.503684 -20.210515 70.157794 76.199842 -21.398550 -4.098733 300.576812
0.395213 0.047644 0.476457 -14.711387 52.756428 -325.457603 0.000000 -0.000000 0.000000 0.000000 -0.000000 0.000000 0.000000 -0.000000 0.000000 -6.721042 -52.231280 333.949682 -0.000000 0.000000 -0.000000 -373.379665 -48.564228 90.548273 193.707015 -47.905949 129.793267 -22.656446 -25.774266 -19.270635 -97.507110 -16.631331 10.221196 -259.436836 -66.001222 21.700324 -21.548388 -13.430664 -10.880152 -366.796617 -3.923749 -358.737937 -18.955904 -11.241643 61.039965 -1.205974 -25.674849 335.369064 358.837149 -72.857961 718.678842 -4.377086 71.136130 41.753344 -19.379234 -24.250739 318.326653 -1.665813 -18.866062 334.293722 649.444383 -88.435889 991.108947 -22.738932 69.902136 76.788375 -19.960487 -3.552336 301.503159
0.394323 0.048308 0.474471 -14.712282 52.891290 -326.110032 0.000000 -0.000000 -0.000000 0.000000 -0.000000 -0.000000 0.000000 -0.000000 -0.000000 -6.131791 -52.884939 334.901667 -0.000000 -0.000000 -0.000000 -371.995066 -48.508696 92.229473 193.785357 -47.607931 130.133429 -22.479249 -25.827399 -18.951277 -97.603264 -17.015188 10.334249 -258.525902 -65.271528 22.060895 -18.378901 -11.985784 -9.042902 -365.996300 -3.464758 -359.242472 -23.095111 -13.495117 60.148052 -0.974155 -25.688566 336.074995 358.833732 -73.464006 718.329522 -7.987151 71.000081 45.061784 -18.288213 -24.298359 318.620818 -2.828834 -15.886678 333.852038 563.030444 -87.089385 901.288229 -24.673471 69.492158 77.232693 -18.741589 -3.078949 302.008923
0.393053 0.048924 0.472186 -14.852818 53.069240 -326.459244 -0.000000 -0.000000 0.000000 -0.000000 -0.000000 0.000000 -0.000000 -0.000000 0.000000 -5.567972 -53.103747 335.637144 0.000000 0.000000 0.000000 -372.687936 -49.243884 92.036020 189.334534 -47.865030 127.815291 -20.676792 -26.794321 -18.894941 -98.102156 -14.980124 8.452750 -259.514964 -65.714836 20.778372 -17.347731 -10.977024 -7.009453 -364.378677 -2.489316 -359.566014 -25.185085 -14.307393 58.657679 -0.781737 -25.853211 336.579526 358.669893 -74.230025 717.595900 -10.518132 70.682144 47.223277 -17.095087 -23.748013 319.367261 -4.099448 -12.867544 333.193104 546.813116 -84.924603 882.117829 -24.992949 68.987357 77.358724 -18.045037 -2.862120 301.909449
0.391336 0.049436 0.469558 -15.181924 53.226029 -326.350445 -0.000000 -0.000000 0.000000 -0.000000 -0.000000 0.000000 -0.000000 -0.000000 0.000000 -5.136213 -53.008279 335.971475 -0.000000 0.000000 -0.000000 -377.171993 -51.188718 88.428260 180.279413 -47.678380 122.605919 -18.347264 -29.403878 -19.668283 -98.656216 -10.546642 5.310653 -262.422524 -67.125239 18.018239 -18.600977 -10.853755 -5.331548 -362.507756 -1.398559 -359.816599 -24.434903 -13.487940 57.280338 -0.571270 -26.264210 336.805457 358.135027 -74.966118 716.411360 -11.428427 70.285863 47.787535 -16.099643 -22.634125 320.428488 -5.096626 -10.422334 332.449347 536.305451 -84.217518 870.438162 -21.491808 68.350452 76.628376 -17.962202 -2.836111 301.246849
0.389141 0.049786 0.466563 -15.518221 53.212023 -325.866089 0.000000 -0.000000 0.000000 0.000000 -0.000000 0.000000 0.000000 -0.000000 0.000000 -4.789579 -52.589339 335.933674 0.000000 0.000000 0.000000 -387.929979 -53.916885 78.968640 162.379751 -47.244262 113.121773 -14.842676 -34.777279 -20.964620 -99.152026 -0.081415 0.034831 -268.526047 -69.450872 12.507687 -22.186738 -11.795546 -4.050136 -360.337527 -0.144882 -359.822809 -20.762082 -11.069178 55.752616 -0.363398 -26.765024 336.701433 357.143634 -75.592108 714.764080 -10.870604 70.006288 47.128245 -15.659671 -21.148635 321.457995 -5.590032 -8.822703 331.719126 515.682349 -85.283273 851.538909 -11.953682 67.137810 73.208579 -18.408328 -2.625244 300.368933
0.386440 0.049967 0.463193 -15.566829 52.909153 -325.296026 0.000000 -0.000000 0.000000 0.000000 -0.000000 0.000000 0.000000 -0.000000 0.000000 -4.407745 -51.778564 335.726138 -0.000000 0.000000 -0.000000 -405.104065 -55.138388 63.054324 128.557171 -47.989600 96.598268 -5.586639 -40.618298 -17.003447 -99.395899 26.096189 -9.950749 -279.750184 -72.087482 2.316028 -28.527055 -13.953710 -2.927593 -358.109041 1.039896 -359.592463 -13.728364 -6.919354 53.333039 -0.245945 -27.049816 336.292266 355.763181 -76.217675 712.645693 -9.829990 69.997254 46.371880 -15.835815 -19.578997 322.175992 -5.619830 -7.945183 331.070972 459.294119 -86.164772 799.596729 1.348358 64.235026 63.792006 -19.213026 -1.967737 299.818078
0.383169 0.050042 0.459436 -15.250504 52.343411 -324.823817 0.000000 0.000000 -0.000000 0.000000 0.000000 -0.000000 0.000000 0.000000 -0.000000 -3.962032 -50.615518 335.477113 0.000000 0.000000 0.000000 -423.938289 -52.644800 44.882770 74.622024 -46.011738 67.546592 6.528266 -30.384432 -2.856487 -75.008492 61.096189 -44.950749 -296.645628 -73.853893 -13.117270 -37.599647 -17.284253 -1.819299 -356.997110 1.423661 -358.984406 -2.518833 -1.142901 48.806077 -0.216411 -27.033399 335.699776 353.990301 -76.918782 710.057206 -9.589124 70.288942 46.699887 -16.343782 -18.256525 322.518882 -5.345503 -7.538540 330.528350 409.535446 -83.113259 755.579071 12.454155 58.880771 52.068204 -19.955139 -1.077027 300.134988
0.379239 0.050106 0.455260 -14.785661 51.672892 -324.397187 -0.000000 0.000000 -0.000000 -0.000000 0.000000 -0.000000 -0.000000 0.000000 -0.000000 -3.557319 -49.276119 335.144925 -0.000000 0.000000 0.000000 -438.560276 -46.856352 29.956830 25.497923 -31.793563 38.825976 1.775815 -5.011467 1.986399 -40.008492 26.096189 -79.950749 -315.551621 -73.911053 -30.199346 -48.145533 -21.263465 -0.705021 -358.479121 0.233646 -357.163661 13.187227 4.861621 40.331805 -0.068378 -27.090470 335.163719 351.538814 -77.508969 707.041690 -10.903594 70.786870 48.615640 -16.835770 -17.418465 322.586426 -4.868913 -7.459345 330.087886 391.305751 -78.632844 742.829473 18.836945 52.268510 43.941379 -20.127949 -0.291951 301.537178
0.374603 0.050231 0.450637 -14.405926 51.072992 -323.926393 0.000000 0.000000 0.000000 0.000000 0.000000 0.000000 0.000000 0.000000 0.000000 -3.336966 -47.985458 334.657896 -0.000000 -0.000000 -0.000000 -447.474454 -39.976428 19.653184 2.481100 -14.795377 22.057437 -1.885356 4.667546 -0.419224 -5.008492 -8.903811 -98.602172 -331.192752 -72.554787 -43.777646 -58.818862 -25.363812 0.385251 -362.061712 -2.648496 -353.649611 31.921721 7.968319 27.372840 0.430393 -27.703673 334.932601 348.060555 -77.795849 703.531625 -14.038836 71.327884 52.197789 -17.088883 -17.015950 322.581073 -4.280736 -7.612533 329.731148 382.799550 -74.806098 738.479642 21.519466 46.435769 38.942489 -19.699816 0.226283 303.669154
0.369311 0.050452 0.445593 -14.114518 50.622025 -323.472717 0.000000 -0.000000 -0.000000 0.000000 -0.000000 -0.000000 0.000000 -0.000000 -0.000000 -3.371184 -46.924670 334.055758 -0.000000 -0.000000 0.000000 -452.121778 -33.655073 12.598060 -4.613360 -2.952869 10.689848 -2.395105 4.950923 -1.003526 29.991508 -43.903811 -90.780974 -342.020552 -70.636053 -52.488577 -68.973053 -29.404032 1.443891 -365.080912 -6.157267 -349.771499 49.292178 6.123130 13.298395 1.137176 -28.666838 334.964814 343.532908 -78.142819 698.920358 -19.593781 71.744438 58.057353 -17.004907 -16.688894 322.752529 -3.744679 -7.809288 329.424099 378.500997 -72.462019 736.382722 21.862197 42.945403 36.432745 -19.083135 0.268413 305.705054
0.363499 0.050788 0.440229 -13.702678 50.266909 -323.234898 -0.000000 -0.000000 -0.000000 -0.000000 -0.000000 -0.000000 -0.000000 -0.000000 -0.000000 -3.596008 -46.142651 333.501054 -0.000000 -0.000000 0.000000 -454.204051 -28.025033 6.925866 -4.997384 3.384650 2.526936 -3.991297 3.418868 1.336031 58.659676 -45.874498 -73.949861 -348.934154 -68.755528 -57.489571 -78.057347 -33.245208 2.371951 -366.296188 -9.192657 -346.690012 61.932744 1.011701 1.685916 1.434389 -28.895691 334.804931 337.694574 -79.368640 691.586762 -27.087354 71.862556 65.396473 -16.704240 -15.820629 323.328973 -3.407444 -7.799669 329.157990 376.863706 -71.890699 734.862547 20.667537 42.562416 36.405600 -18.648622 -0.291207 306.809996
0.357329 0.051287 0.434686 -12.972405 49.890710 -323.359889 0.000000 0.000000 -0.000000 0.000000 0.000000 -0.000000 0.000000 0.000000 -0.000000 -3.859812 -45.566599 333.153210 0.000000 0.000000 -0.000000 -454.568762 -22.384356 1.086176 -3.387141 4.981497 -1.814302 -7.126247 1.522717 5.179191 67.213578 -43.830749 -62.378770 -352.790333 -67.250409 -59.909022 -85.312761 -36.452154 2.959988 -366.669733 -12.338842 -343.461089 70.018443 -5.281500 -7.534648 0.761672 -27.371290 333.981210 327.971283 -81.819049 678.054657 -32.102275 71.673793 69.744347 -16.671279 -13.516974 324.496081 -3.278491 -7.444869 328.953950 376.848560 -72.750714 733.488976 18.614636 44.531986 38.538970 -18.547157 -1.080569 306.739718
0.350926 0.052032 0.429091 -11.965851 49.446093 -323.749872 0.000000 -0.000000 0.000000 0.000000 -0.000000 0.000000 0.000000 -0.000000 0.000000 -4.056848 -45.188884 333.020926 -0.000000 0.000000 -0.000000 -453.193473 -16.780209 -5.371131 -2.079079 3.547149 -2.190927 -10.816819 -1.198854 9.885776 70.970772 -42.834027 -57.638404 -354.131090 -66.375289 -60.466298 -91.067930 -39.001318 3.183478 -366.525906 -16.003488 -339.465028 74.480731 -11.789667 -15.460553 -0.764998 -24.138261 332.539644 303.469917 -84.588066 647.658647 -29.649823 71.435592 68.902093 -17.494035 -8.914219 326.417696 -3.257473 -6.904310 328.805992 377.344250 -74.245787 732.146852 16.613358 47.505391 41.738802 -18.968319 -1.609531 305.820245
0.344375 0.053120 0.423533 -10.965196 49.038577 -324.126488 0.000000 0.000000 -0.000000 0.000000 0.000000 -0.000000 0.000000 0.000000 -0.000000 -4.236972 -45.152692 332.953707 -0.000000 0.000000 -0.000000 -450.254680 -12.180469 -11.907662 -1.770608 1.017368 0.172379 -13.728169 -4.878887 15.021512 71.117452 -43.164296 -57.916731 -353.337129 -66.354035 -59.605641 -95.874821 -40.876209 2.874226 -365.910371 -19.574382 -335.335439 76.219729 -17.317864 -21.939494 -2.600627 -20.035907 330.866904 254.115149 -84.828372 591.142806 -21.121754 71.100727 63.382207 -19.124411 -2.450622 328.988941 -3.234074 -6.635375 328.697067 377.227652 -75.579689 730.511134 15.516924 50.794778 44.607116 -20.198722 -1.833540 304.562876
0.337773 0.054608 0.418081 -10.238319 48.840037 -324.297374 -0.000000 -0.000000 -0.000000 -0.000000 -0.000000 -0.000000 -0.000000 -0.000000 -0.000000 -4.638336 -45.474822 332.716113 -0.000000 -0.000000 -0.000000 -446.539141 -9.286054 -17.839558 -2.237820 -1.655798 3.904203 -14.836290 -8.310178 19.424774 68.321595 -43.701685 -61.159770 -350.277807 -67.370162 -57.214670 -99.656037 -41.676949 1.661762 -365.401431 -22.231981 -332.040070 76.438123 -20.388216 -25.681296 -4.391898 -15.742183 329.219237 225.501655 -81.966921 555.195311 -13.189941 70.619773 57.466717 -20.878105 3.653413 331.523618 -3.149786 -7.110771 328.665077 375.665853 -76.292769 728.070356 15.839478 54.141389 46.063327 -22.301015 -1.810442 303.501494
0.331273 0.056457 0.412821 -9.827965 48.912642 -324.287654 -0.000000 0.000000 -0.000000 -0.000000 0.000000 -0.000000 -0.000000 0.000000 -0.000000 -5.531834 -45.813943 332.101905 0.000000 -0.000000 0.000000 -442.927319 -8.039064 -22.707651 -2.964938 -4.270499 8.235692 -14.039742 -9.707218 21.361406 64.106926 -42.935044 -64.260607 -343.773151 -69.406633 -52.028642 -101.277692 -40.481625 -0.859388 -366.008812 -23.706942 -330.013474 75.972878 -19.684208 -25.015720 -5.985715 -11.672235 327.749144 214.489096 -79.173054 538.721100 -7.134754 70.268722 52.359592 -22.202259 7.322943 333.222142 -2.993978 -8.485893 328.787794 372.546536 -76.299824 724.652455 17.838285 56.945725 45.599226 -24.800063 -1.208706 303.085306
0.325036 0.058550 0.407821 -9.583950 49.149988 -324.245629 -0.000000 -0.000000 -0.000000 -0.000000 -0.000000 -0.000000 -0.000000 -0.000000 -0.000000 -6.932772 -45.778715 331.111310 -0.000000 -0.000000 0.000000 -440.183235 -7.930365 -26.032008 -3.303649 -6.479816 12.180911 -11.917356 -8.754061 20.098296 60.022576 -40.388795 -64.977036 -331.897719 -71.834711 -41.828247 -98.723150 -36.665731 -4.658439 -368.687257 -23.330424 -330.494249 74.142496 -13.630327 -17.969393 -7.069582 -8.620696 326.741170 206.665861 -78.271165 530.300709 2.349826 69.698698 42.153107 -22.960554 8.154292 333.940470 -2.740483 -10.549209 329.125280 368.394120 -75.752545 720.584476 20.543381 58.541166 44.007382 -26.752273 0.036349 303.474404
0.319076 0.060762 0.403028 -9.350118 49.394477 -324.285619 0.000000 0.000000 -0.000000 0.000000 0.000000 -0.000000 0.000000 0.000000 -0.000000 -8.563647 -45.424130 329.980171 0.000000 -0.000000 0.000000 -438.635286 -8.238700 -27.774561 -2.807174 -8.033988 14.967197 -8.979669 -6.909901 16.890817 56.094801 -36.806634 -63.970250 -314.478546 -73.359814 -26.054066 -91.319182 -31.512708 -8.927465 -371.250072 -17.856059 -337.158071 65.531093 -1.130524 -1.756468 -7.229025 -7.651074 326.518957 197.772253 -80.041285 527.124994 14.890073 67.813918 26.921480 -22.949806 6.591735 334.148615 -2.311621 -12.958687 329.702772 363.800804 -74.867858 716.339616 21.895183 59.057345 43.104899 -27.500245 1.267387 304.381046
0.313188 0.063029 0.398214 -9.139271 49.584491 -324.380824 -0.000000 0.000000 -0.000000 -0.000000 0.000000 -0.000000 -0.000000 0.000000 -0.000000 -10.115598 -45.268920 328.954643 -0.000000 0.000000 -0.000000 -437.953492 -8.457133 -28.625897 -1.576931 -9.005559 16.554165 -5.870327 -5.723753 13.862110 52.053011 -33.289071 -62.953174 -296.400339 -73.206170 -9.408533 -79.565633 -26.798101 -12.522685 -367.083893 -7.421127 -348.600229 41.857257 9.350876 24.141649 -6.141822 -9.643104 327.331831 187.775116 -84.572111 527.924009 24.089859 63.033921 13.110540 -21.626048 4.403641 335.185247 -1.615593 -15.505983 330.515826 359.165431 -73.776726 712.345007 20.919177 59.132326 43.878953 -27.136216 1.837871 305.296016
0.307073 0.065356 0.393085 -9.133260 49.767513 -324.391655 0.000000 -0.000000 -0.000000 0.000000 -0.000000 -0.000000 0.000000 -0.000000 -0.000000 -11.444153 -45.766797 328.101033 -0.000000 0.000000 0.000000 -437.764556 -8.484935 -29.164117 -0.061346 -9.438735 17.005273 -3.265871 -5.498106 12.111620 48.485392 -30.484219 -62.355976 -282.300642 -72.001279 3.354264 -64.241227 -23.091231 -14.391933 -361.134703 -1.078975 -356.534678 14.912684 6.363106 46.023413 -3.880496 -14.390305 329.177095 359.805594 -89.290738 352.705712 26.873160 55.266983 4.079073 -18.641326 3.953070 337.946490 -0.594444 -18.210549 331.553188 354.790907 -72.397082 709.052668 18.282651 58.684495 45.898894 -25.897587 1.866741 306.047813
0.300524 0.067753 0.387436 -9.468610 49.981510 -324.221258 0.000000 -0.000000 -0.000000 0.000000 -0.000000 -0.000000 0.000000 -0.000000 -0.000000 -12.590989 -46.787490 327.314389 -0.000000 0.000000 0.000000 -438.083596 -8.395061 -29.329972 1.295318 -9.455464 16.503183 -1.381786 -5.886776 11.617947 45.919556 -28.748455 -62.342089 -271.959533 -70.503325 12.300214 -47.631053 -19.926507 -14.205119 -359.416511 0.293719 -360.487237 -4.404475 -2.420871 57.573187 -1.150622 -19.943344 331.515174 352.714144 -83.035901 356.884242 24.945729 47.356476 -0.564809 -14.560127 5.373087 341.111687 0.703621 -21.149039 332.781024 351.056875 -70.475794 706.984169 15.958558 56.954761 47.819902 -24.006786 2.327831 306.611521
0.293508 0.070188 0.381214 -10.019278 50.160862 -323.956814 0.000000 0.000000 -0.000000 0.000000 0.000000 -0.000000 0.000000 0.000000 -0.000000 -13.715633 -47.683515 326.455412 0.000000 -0.000000 0.000000 -439.083990 -8.215960 -28.770055 2.207235 -9.569876 15.993792 0.009724 -6.768585 12.138763 44.003954 -28.449365 -64.205489 -264.309688 -68.996541 18.496272 -32.565170 -16.716899 -12.761002 -358.515168 0.083340 -363.415455 -19.560563 -12.073631 63.058956 0.614316 -23.036369 333.018531 351.415937 -76.565500 363.729432 21.164979 39.150007 -2.296927 -10.215483 6.886156 342.760342 2.027445 -24.091344 334.046943 348.357629 -68.044249 706.274657 15.807780 54.028151 49.071950 -22.132214 4.232463 306.297976
0.286104 0.072592 0.374475 -10.454209 50.178795 -323.831596 0.000000 0.000000 -0.000000 0.000000 0.000000 -0.000000 0.000000 0.000000 -0.000000 -14.921188 -47.835918 325.519716 -0.000000 -0.000000 -0.000000 -440.727302 -7.917258 -27.393076 2.646274 -10.407351 16.686821 1.084534 -8.033705 13.234759 42.084839 -29.598386 -68.957488 -259.050342 -67.626548 22.357100 -21.145150 -13.614847 -11.083952 -355.705904 0.330999 -365.760592 -33.258415 -21.202187 64.147815 0.411727 -21.812506 332.715516 353.610912 -72.901564 368.875483 17.881849 32.926199 -1.756043 -6.717088 7.576038 342.098720 3.011090 -26.429125 335.078379 346.769258 -65.826542 706.115256 17.566923 51.461021 50.829052 -21.035054 7.450872 304.283342
0.278387 0.074907 0.367287 -10.580068 49.963143 -323.961412 -0.000000 -0.000000 0.000000 -0.000000 -0.000000 0.000000 -0.000000 -0.000000 0.000000 -16.104021 -47.093783 324.649022 -0.000000 0.000000 -0.000000 -442.754722 -7.447424 -25.487704 2.972268 -12.273155 19.027811 1.567916 -9.025740 13.864344 40.183420 -31.641663 -75.466462 -255.752211 -66.335273 24.517764 -13.133887 -10.821160 -9.557186 -351.369105 1.393337 -367.302765 -46.681821 -28.717381 61.355474 -1.944458 -15.819441 330.543231 361.779338 -72.425730 375.010830 16.329368 28.510650 0.281279 -4.881687 7.189232 339.439041 3.531983 -27.781462 335.724487 345.897184 -64.709426 705.244460 19.755786 50.427003 53.998725 -20.496827 11.297886 300.953997
0.270358 0.077129 0.359649 -10.612213 49.581282 -324.115084 0.000000 0.000000 0.000000 0.000000 0.000000 0.000000 0.000000 0.000000 0.000000 -17.054968 -45.900180 323.917541 -0.000000 0.000000 0.000000 -444.882268 -6.745508 -23.520578 3.763716 -15.281539 23.007169 1.071229 -8.665861 12.766315 38.922775 -34.043436 -81.235654 -253.693415 -64.889671 26.001565 -8.200111 -8.790200 -8.550907 -347.390532 2.586193 -368.080410 -58.351200 -33.357148 56.437771 -5.291194 -7.369455 327.728429 374.374662 -71.756117 383.700888 17.036706 24.049232 1.971561 -5.354524 5.858195 336.109892 3.895840 -28.527198 336.114660 344.995865 -64.846974 702.896645 21.425103 50.771372 58.157524 -19.768720 15.351786 297.453995
0.261998 0.079322 0.351513 -11.012596 49.213785 -323.848325 0.000000 0.000000 -0.000000 0.000000 0.000000 -0.000000 0.000000 0.000000 -0.000000 -17.718562 -45.058558 323.163774 0.000000 0.000000 -0.000000 -446.861899 -5.788650 -21.925084 5.465791 -19.013552 27.893581 -0.283353 -6.678683 10.352116 38.486819 -36.551529 -85.256596 -252.395264 -63.382930 27.482575 -6.214597 -8.068300 -8.429957 -346.967288 2.058007 -368.483120 -62.633864 -34.629338 54.260409 -7.895971 -0.635454 325.584212 383.501008 -69.363792 390.304025 19.836197 20.446042 2.941392 -8.112908 3.697677 332.769985 4.448136 -29.264995 336.371420 343.420815 -65.959398 698.844837 21.638820 51.820951 62.356789 -18.343255 18.851396 295.059455
0.253402 0.081576 0.342908 -12.057581 49.010969 -322.883274 -0.000000 0.000000 -0.000000 -0.000000 0.000000 -0.000000 -0.000000 0.000000 -0.000000 -18.295374 -45.151211 322.102978 0.000000 0.000000 0.000000 -448.485493 -4.670834 -20.884372 7.609299 -22.295634 31.956124 -1.944289 -4.089358 8.378274 38.712510 -39.008583 -87.792246 -251.762662 -62.364032 28.937443 -6.945607 -8.720128 -9.273352 -350.592510 -0.349200 -368.838839 -57.639585 -33.162383 56.842057 -8.936444 2.292525 324.306926 389.067437 -68.778053 394.044288 23.878125 22.120362 4.156265 -12.047114 0.931862 329.250942 5.048933 -29.798564 336.254440 341.010568 -68.241769 692.850192 19.391867 53.309532 65.846389 -16.543149 20.821147 294.959980
0.244835 0.083955 0.334032 -13.587625 48.955100 -321.344835 0.000000 0.000000 -0.000000 0.000000 0.000000 -0.000000 0.000000 0.000000 -0.000000 -19.069924 -46.077985 320.588562 0.000000 -0.000000 0.000000 -449.658129 -3.641821 -20.186708 8.816365 -24.009530 33.423654 -3.528417 -2.148555 7.817959 39.845123 -41.382711 -88.971678 -251.762031 -62.262311 30.016847 -9.282604 -9.890122 -10.549385 -355.528919 -2.640057 -368.765558 -49.002366 -29.574455 60.159191 -8.753441 2.189706 323.523597 392.426304 -69.765031 395.645842 27.048487 27.732372 5.449804 -15.245505 -2.126946 326.078513 5.194726 -29.224208 335.349394 337.398729 -72.091810 684.222476 14.573955 55.307213 68.749850 -15.086854 21.151098 297.115387
0.236586 0.086495 0.325157 -15.160482 48.891407 -319.666468 -0.000000 0.000000 -0.000000 -0.000000 0.000000 -0.000000 -0.000000 0.000000 -0.000000 -20.149324 -47.203501 318.754332 0.000000 -0.000000 -0.000000 -450.428665 -3.040260 -19.375524 8.373212 -23.975494 32.145702 -4.812921 -1.242680 8.209233 41.937766 -43.556195 -88.985070 -252.203034 -62.841949 30.546712 -11.888013 -10.769308 -11.566204 -360.018292 -4.056607 -367.926301 -41.206122 -25.155859 61.379139 -8.130271 0.856580 322.935857 394.683648 -71.222324 396.063857 27.625765 35.040922 7.081680 -16.448069 -5.792154 323.610763 4.714938 -27.102140 333.682198 330.539734 -77.016296 671.384144 8.494968 57.293134 71.278126 -13.960226 20.753300 300.121305
0.228772 0.089238 0.316447 -16.463596 48.718773 -318.243055 0.000000 -0.000000 -0.000000 0.000000 -0.000000 -0.000000 0.000000 -0.000000 -0.000000 -21.439245 -48.029029 316.874286 -0.000000 0.000000 -0.000000 -450.899960 -3.174211 -18.113344 6.759710 -22.652637 29.290876 -5.528826 -1.298783 8.882635 44.048851 -45.186030 -88.518998 -252.781702 -63.505467 30.678064 -14.224869 -11.278105 -12.134754 -364.268148 -5.075638 -366.339017 -34.675470 -20.688175 60.626781 -7.513903 -0.553321 322.488333 396.436200 -72.578912 396.000741 25.228078 42.048402 9.899394 -15.710473 -9.590834 321.873254 3.949128 -23.881548 331.776946 314.135110 -81.705262 649.119808 3.567966 58.120783 72.791449 -12.408987 20.822424 303.055134
0.221297 0.092257 0.307897 -17.532018 48.514699 -317.195599 -0.000000 -0.000000 -0.000000 -0.000000 -0.000000 -0.000000 -0.000000 -0.000000 -0.000000 -22.878884 -48.666554 315.091230 0.000000 -0.000000 -0.000000 -451.133629 -4.213814 -16.427915 4.763439 -20.553378 25.942502 -5.570604 -2.140039 9.608729 45.079964 -46.060724 -88.366213 -253.134588 -63.861296 30.775478 -16.223653 -11.574239 -12.370382 -367.951635 -5.893045 -364.491948 -29.458350 -16.855481 58.810368 -6.943622 -1.909078 322.283738 397.032783 -73.438596 395.259233 19.218921 45.652234 13.813044 -12.159543 -11.837302 322.350065 3.285646 -20.281366 330.142580 275.477114 -84.247822 605.649159 1.384683 57.274417 72.760645 -10.039726 21.742058 305.983548
0.213991 0.095619 0.299416 -18.499338 48.441727 -316.574357 0.000000 0.000000 -0.000000 0.000000 0.000000 -0.000000 0.000000 0.000000 -0.000000 -24.450828 -49.526771 313.493292 -0.000000 0.000000 0.000000 -451.185723 -6.125656 -14.636880 3.024744 -18.154070 22.734684 -5.042575 -3.445192 10.311359 44.650401 -46.126280 -88.797372 -253.083410 -63.737228 31.098488 -17.601337 -11.683440 -12.351585 -370.245266 -6.384660 -363.179294 -26.208800 -14.419695 57.041923 -6.319250 -3.694838 322.542712 395.245932 -73.581318 393.203277 13.003499 45.481970 16.747133 -7.586144 -11.863328 324.471479 2.892031 -16.753776 329.088983 233.054338 -83.057431 560.151353 -0.090854 56.006433 71.831927 -7.758082 21.854400 308.852624
0.206782 0.099330 0.290948 -19.244387 48.561381 -316.673006 0.000000 -0.000000 0.000000 0.000000 -0.000000 0.000000 0.000000 -0.000000 0.000000 -25.893504 -50.631680 312.462595 -0.000000 -0.000000 0.000000 -451.191183 -8.681865 -13.070493 2.047015 -16.114213 20.206256 -3.909811 -5.070742 10.943192 42.501248 -45.199460 -89.861096 -253.018245 -62.975420 31.400378 -17.974439 -11.579337 -12.167958 -371.141515 -6.597250 -362.832341 -25.118691 -13.535741 56.087786 -5.692625 -6.154016 323.508872 390.830235 -72.847449 389.835594 9.053267 43.698878 17.632234 -3.930954 -10.873142 326.631229 2.725103 -13.416839 328.850444 211.645592 -80.275361 538.157519 -3.772541 55.634735 71.071075 -6.115847 18.890631 311.306955
0.199745 0.103302 0.282531 -19.430868 48.795041 -317.910431 0.000000 -0.000000 0.000000 0.000000 -0.000000 0.000000 0.000000 -0.000000 0.000000 -26.715750 -51.565048 312.609758 -0.000000 -0.000000 -0.000000 -451.341642 -11.582681 -11.852570 2.171650 -15.213301 18.928428 -2.030572 -7.001981 11.449182 38.381191 -43.005845 -91.528754 -253.726674 -61.532843 31.034705 -17.329843 -11.304940 -11.981481 -371.083248 -6.681555 -363.344191 -25.710512 -13.859689 56.078677 -5.244526 -8.898409 325.278716 385.375056 -71.303409 386.266718 6.337878 41.279000 16.931026 -0.730907 -9.579433 328.976507 2.537290 -9.992480 329.498060 199.251684 -77.552146 527.942919 -8.175073 55.816109 69.650982 -4.534753 13.536136 313.440567
0.192987 0.107387 0.274262 -18.884114 49.041528 -320.390842 0.000000 -0.000000 0.000000 0.000000 -0.000000 0.000000 0.000000 -0.000000 0.000000 -26.697345 -52.068019 314.164575 -0.000000 0.000000 0.000000 -451.734445 -14.622525 -10.934841 3.473322 -15.799531 19.167257 0.391761 -8.994440 11.713791 32.895424 -39.531210 -93.332697 -255.575712 -59.620637 29.672922 -16.021141 -10.952759 -11.913729 -370.354945 -6.698218 -364.374763 -27.255088 -14.940267 56.814058 -5.069835 -11.300457 327.709016 380.930640 -69.543853 383.551760 3.978800 38.941573 14.871106 2.303082 -8.150449 332.255948 1.995421 -6.056434 330.836634 189.925928 -75.118622 522.678528 -12.974712 56.854195 67.452206 -2.960266 6.336323 315.537453
0.186493 0.111417 0.266180 -17.818442 49.273228 -323.730196 0.000000 -0.000000 -0.000000 0.000000 -0.000000 -0.000000 0.000000 -0.000000 -0.000000 -26.150109 -52.378268 316.655179 -0.000000 0.000000 0.000000 -452.259922 -17.728868 -10.295247 5.719744 -17.525448 20.731061 2.820779 -10.693531 11.641794 27.247154 -35.203690 -94.774512 -258.111348 -57.534112 27.670046 -14.390840 -10.583457 -11.962092 -369.093321 -6.687433 -365.771698 -29.179133 -16.490169 58.210808 -5.035569 -13.160166 330.553825 378.026437 -68.189789 381.561345 2.942356 37.582059 10.799589 3.977985 -6.713797 336.987677 1.014118 -1.898581 332.654350 182.570848 -73.293127 520.130701 -20.050592 59.293079 66.470693 -1.503688 -3.079338 317.662178
0.180122 0.115229 0.258219 -16.626703 49.501579 -327.385843 -0.000000 -0.000000 -0.000000 -0.000000 -0.000000 -0.000000 -0.000000 -0.000000 -0.000000 -25.487762 -52.936261 319.409261 0.000000 -0.000000 -0.000000 -452.655751 -20.823349 -10.044207 8.499632 -19.750806 23.275557 4.954282 -12.082999 11.331590 22.148290 -30.521768 -95.771449 -260.529974 -55.369406 25.681643 -12.617288 -10.224915 -12.083023 -367.546047 -6.830612 -367.684263 -31.111234 -18.412784 60.419626 -4.830618 -14.766046 333.661397 375.841325 -67.194867 379.626612 1.280416 36.986787 4.469801 5.848530 -5.352318 344.772963 -0.101360 1.400375 334.915021 175.879208 -73.139583 518.981474 -25.604463 62.060178 64.564427 -0.240795 -12.357336 320.057086
0.173739 0.118673 0.250271 -15.520262 49.689212 -331.067382 0.000000 -0.000000 -0.000000 0.000000 -0.000000 -0.000000 0.000000 -0.000000 -0.000000 -24.837083 -53.978061 322.111921 0.000000 -0.000000 0.000000 -452.704272 -23.734107 -10.305603 11.493626 -21.992219 26.562686 6.915309 -13.478392 11.055797 17.680097 -25.707214 -96.438418 -262.350427 -52.974174 24.146495 -10.816980 -9.938099 -12.329710 -366.398903 -7.462293 -370.124608 -32.506869 -20.447297 63.484386 -4.198802 -16.327879 337.005739 373.630333 -66.230647 377.381883 -4.589430 37.476412 -2.465630 10.824544 -4.166219 356.057183 -1.021194 3.041366 337.593703 167.111395 -75.674000 516.770741 -20.891753 63.557186 53.109446 0.388695 -17.932034 323.313883
0.167287 0.121621 0.242265 -14.407195 49.729974 -334.810359 0.000000 -0.000000 0.000000 0.000000 -0.000000 0.000000 0.000000 -0.000000 0.000000 -24.106158 -55.445182 324.832774 0.000000 -0.000000 -0.000000 -452.381864 -26.315946 -10.989896 14.534393 -23.945835 30.300304 8.855619 -15.065769 11.083993 13.839573 -20.966413 -96.866599 -263.662065 -50.146881 23.106194 -9.191953 -9.858834 -12.872081 -366.598441 -8.770935 -372.590299 -32.626485 -21.932654 67.015112 -3.161319 -17.574192 340.564942 371.486498 -65.432799 374.939017 -13.305076 39.863434 -7.677770 17.718917 -3.174738 367.915819 -1.836639 3.330079 340.497094 150.974547 -80.196767 507.052358 -8.784113 61.884131 34.197544 0.823981 -19.818332 327.616576
0.160741 0.123986 0.234135 -13.077837 49.502045 -338.732568 -0.000000 -0.000000 -0.000000 -0.000000 -0.000000 -0.000000 -0.000000 -0.000000 -0.000000 -23.228248 -57.102581 327.712775 0.000000 0.000000 -0.000000 -451.820884 -28.498955 -11.817420 17.456477 -25.432188 34.047205 10.658718 -16.631458 11.534463 10.794236 -16.795300 -97.111350 -264.837701 -46.845342 22.377881 -8.003124 -10.138430 -13.865179 -368.404025 -10.482563 -374.381987 -31.354990 -22.334064 70.242016 -2.024795 -17.981397 344.190746 369.905690 -65.359972 372.558554 -20.362444 43.306977 -9.658535 22.754396 -3.131470 376.435881 -2.918486 3.293483 343.350699 116.460811 -83.634262 476.962530 -1.060013 58.215078 20.480751 1.711551 -20.634484 332.014776
0.154052 0.125742 0.225774 -11.522277 48.960378 -342.741816 -0.000000 0.000000 -0.000000 -0.000000 0.000000 -0.000000 -0.000000 0.000000 -0.000000 -22.266993 -58.798185 330.686282 0.000000 0.000000 -0.000000 -451.165591 -30.184632 -12.638205 20.151219 -26.476950 37.542051 12.003946 -17.733149 12.254255 8.746038 -13.782469 -97.217630 -266.074586 -43.268128 21.790494 -7.349471 -10.776938 -15.245780 -370.919783 -12.033115 -375.115731 -29.594575 -21.892587 72.414893 -1.116239 -17.345280 347.641019 369.120022 -66.362737 370.359236 -23.534403 46.275937 -8.088066 24.060882 -4.743313 379.637188 -4.353769 3.739481 346.022970 79.579903 -83.590537 442.075266 1.822545 56.197959 13.908840 2.275201 -22.155486 334.834385
0.147145 0.126940 0.217043 -10.031856 48.197471 -346.478820 0.000000 -0.000000 -0.000000 0.000000 -0.000000 -0.000000 0.000000 -0.000000 -0.000000 -21.254799 -60.633863 333.524430 0.000000 -0.000000 -0.000000 -450.491578 -31.208761 -13.596407 22.759794 -27.277666 40.933473 12.471109 -17.922846 12.804741 7.826842 -12.330870 -97.210014 -267.257409 -39.853682 21.188654 -7.070785 -11.532653 -16.640457 -372.982839 -13.016231 -374.849146 -28.341951 -21.286830 73.305272 -0.470167 -15.884120 350.732662 369.014982 -68.509188 368.430835 -25.118616 48.310752 -4.139560 23.343657 -6.619941 379.438075 -5.742698 4.775117 348.544882 67.480032 -82.772180 430.521211 3.481615 56.265856 11.299626 1.777148 -23.937823 335.527786
0.139938 0.127702 0.207833 -8.917186 47.355734 -349.544846 0.000000 -0.000000 0.000000 0.000000 -0.000000 0.000000 0.000000 -0.000000 0.000000 -20.166338 -62.625475 336.000938 0.000000 0.000000 -0.000000 -449.864191 -31.385401 -14.885549 25.558725 -27.994120 44.417152 11.613351 -16.801018 12.748623 8.195093 -12.729416 -97.077558 -268.229592 -37.179148 20.300152 -6.878193 -12.061988 -17.561010 -374.222347 -13.451452 -374.028994 -27.743379 -20.853415 73.369277 0.134904 -13.639628 353.373503 369.483746 -72.159130 367.183661 -26.226753 49.702754 -0.112401 21.840839 -7.332516 378.356299 -6.647750 6.237232 350.875620 74.461569 -83.051325 437.288685 5.002671 57.487733 10.181942 0.738155 -24.815169 335.389449
0.132393 0.128164 0.198131 -8.188496 46.435291 -351.757626 0.000000 -0.000000 0.000000 0.000000 -0.000000 0.000000 0.000000 -0.000000 0.000000 -19.307905 -64.244494 337.809718 -0.000000 -0.000000 0.000000 -449.384550 -30.513815 -16.473956 28.652208 -28.643863 47.879589 9.274367 -14.203851 12.002843 10.041078 -15.102635 -96.757206 -269.107329 -35.706432 18.738319 -6.498251 -12.151910 -17.750992 -375.109686 -13.746889 -373.312347 -27.188314 -20.462691 73.460053 0.873909 -9.968099 355.495707 371.193657 -77.949503 368.181455 -26.815229 50.570538 2.740309 20.301957 -6.308518 377.094870 -7.063464 8.348611 352.830233 105.309684 -83.444963 467.120388 6.291084 59.171956 9.154990 -0.017897 -24.011560 335.984145
0.124578 0.128374 0.188042 -7.628572 45.256518 -353.192320 -0.000000 -0.000000 -0.000000 -0.000000 -0.000000 -0.000000 -0.000000 -0.000000 -0.000000 -19.328234 -64.676865 338.579087 -0.000000 0.000000 0.000000 -449.067590 -28.461910 -18.150276 31.956816 -29.183507 51.153983 6.045626 -10.644469 10.833607 13.213950 -18.815933 -96.123380 -270.248963 -35.524712 16.173833 -5.765633 -11.812474 -17.331669 -376.149025 -14.279416 -373.105937 -26.177025 -19.955273 74.200208 1.862520 -3.890874 357.101951 383.951444 -85.947764 382.554247 -28.270928 50.823058 4.339935 20.726607 -3.501594 376.054397 -7.319478 11.621667 354.274814 142.930354 -80.652821 502.812252 7.353451 60.009361 7.558399 -0.333183 -20.983804 337.898235
0.116640 0.128245 0.177713 -7.084805 43.660641 -354.063335 0.000000 -0.000000 -0.000000 0.000000 -0.000000 -0.000000 0.000000 -0.000000 -0.000000 -20.396637 -63.528806 338.401457 0.000000 -0.000000 0.000000 -448.752910 -25.322737 -19.776915 35.476509 -29.560613 54.435911 3.265528 -7.488818 9.713456 16.681776 -22.170428 -95.125477 -271.928854 -36.250763 12.595000 -4.856875 -11.311406 -16.790674 -377.157308 -14.962064 -373.247932 -24.853111 -19.424859 75.609570 3.278403 4.949435 358.259669 529.452771 -83.660632 532.941323 -31.162816 50.699250 3.839199 24.024519 0.771357 375.953279 -7.695286 16.213222 355.283762 161.122211 -75.328130 518.161666 7.428856 58.490275 6.388331 -0.411405 -15.611085 340.632808
0.108694 0.127589 0.167225 -6.576762 41.720387 -354.624128 0.000000 0.000000 0.000000 0.000000 0.000000 0.000000 0.000000 0.000000 0.000000 -21.961546 -61.191600 337.898233 -0.000000 -0.000000 -0.000000 -448.252040 -21.518526 -21.383964 39.223581 -29.679284 58.043422 2.099788 -6.110758 9.225512 18.842944 -23.647933 -94.085567 -274.048120 -37.204726 8.458653 -4.347326 -11.151956 -16.830476 -377.496709 -15.404388 -373.264907 -23.549691 -19.048836 77.497974 5.368682 15.730425 359.025321 536.006223 -72.694980 547.416337 -34.454124 51.166079 0.405482 28.644959 6.201405 377.137104 -8.222764 21.667586 356.124744 169.427027 -69.734668 522.683359 5.597525 55.235300 7.584947 -0.412100 -9.348877 343.087263
0.100824 0.126188 0.156609 -6.209189 39.709612 -355.118645 -0.000000 -0.000000 -0.000000 -0.000000 -0.000000 -0.000000 -0.000000 -0.000000 -0.000000 -23.506830 -58.696298 337.499979 -0.000000 -0.000000 -0.000000 -447.503700 -17.777490 -22.954538 42.733513 -29.482619 61.713949 2.587430 -6.636968 9.666185 19.168142 -23.341909 -93.443369 -276.185896 -37.845247 4.401976 -4.724448 -11.711774 -17.898077 -376.991123 -15.450615 -372.937701 -22.154124 -18.738925 79.867787 8.325312 26.782515 359.414814 535.763632 -61.726153 557.277376 -37.291488 53.394281 -5.020061 32.863265 11.787146 379.294399 -8.653035 27.206026 357.129497 174.463572 -64.346816 523.478357 2.352925 52.799358 11.222643 -0.283584 -4.446241 344.695474
0.093214 0.123859 0.145974 -6.075974 37.856764 -355.699990 -0.000000 0.000000 -0.000000 -0.000000 0.000000 -0.000000 -0.000000 0.000000 -0.000000 -24.783989 -57.085699 337.272157 0.000000 0.000000 -0.000000 -446.568220 -14.942040 -24.136098 45.227956 -29.111385 64.594902 3.772781 -7.935520 10.649285 18.696244 -22.471877 -93.138975 -278.001164 -38.074510 0.686065 -5.889377 -12.844903 -19.797778 -376.108706 -15.366854 -372.654346 -20.311908 -18.243070 82.853659 12.093997 35.991827 359.463124 534.266600 -53.511937 567.005537 -39.148383 57.051072 -10.748087 36.508332 16.060317 381.344829 -8.541462 32.088157 358.464024 178.213613 -58.664995 524.414284 -1.194969 53.551285 15.357084 0.175474 -2.396606 345.536850
0.086159 0.120460 0.135527 -6.172228 36.140088 -356.424364 -0.000000 0.000000 0.000000 -0.000000 0.000000 0.000000 -0.000000 0.000000 0.000000 -25.452777 -56.679783 337.382932 0.000000 0.000000 0.000000 -445.604419 -13.712312 -24.207820 46.343844 -28.782125 65.928778 4.499624 -8.721058 11.391082 18.580270 -22.076268 -92.862959 -279.556440 -38.068097 -2.973490 -7.171717 -14.053079 -21.904553 -375.094787 -15.469254 -373.300308 -18.166400 -17.741761 86.549508 16.209196 41.462268 359.441711 533.677045 -51.560169 576.717378 -39.931412 59.914212 -16.407841 40.315704 18.611545 382.692648 -7.694265 35.914616 360.038945 180.359570 -53.039903 527.479034 -3.753595 57.769109 17.376874 1.077582 -3.429526 345.886265
0.079889 0.115854 0.125424 -6.330413 34.325618 -357.347424 -0.000000 -0.000000 0.000000 -0.000000 -0.000000 0.000000 -0.000000 -0.000000 0.000000 -25.114582 -56.879764 338.283072 -0.000000 0.000000 -0.000000 -444.803641 -14.391469 -22.475454 46.090151 -28.606058 65.327159 4.237124 -8.489345 11.450083 19.195482 -22.445864 -92.471672 -281.254179 -37.922791 -7.022355 -7.638051 -14.898817 -23.681110 -373.631465 -15.826329 -375.827639 -16.415806 -18.049328 90.737069 19.746225 42.905971 359.793453 536.521816 -56.503555 586.278875 -42.354551 60.317253 -20.882155 45.083880 20.713472 384.077116 -6.586301 38.826371 361.719994 180.495256 -49.883644 531.477295 -4.342018 62.162358 16.652648 2.013117 -6.323746 346.006334
0.074431 0.109881 0.115639 -6.330678 32.219121 -358.522583 -0.000000 0.000000 0.000000 -0.000000 0.000000 0.000000 -0.000000 0.000000 0.000000 -23.797611 -56.808534 340.225087 0.000000 -0.000000 0.000000 -444.161930 -16.750163 -18.818801 44.273777 -28.617708 62.630789 3.230018 -7.550886 11.027230 20.546178 -23.533537 -91.939836 -283.448611 -37.548833 -11.565798 -6.508983 -15.152671 -24.950525 -371.346581 -16.469122 -380.603658 -15.560526 -20.079124 94.592221 22.217924 41.934860 360.564686 546.652554 -65.598337 599.326862 -49.579157 59.414125 -22.933802 52.103395 23.547789 386.374034 -6.005456 41.365270 363.504523 179.528522 -50.129880 535.090768 -1.741618 64.709952 13.061489 2.119545 -9.995114 345.757741
0.069648 0.102434 0.105983 -6.138353 29.884437 -359.885945 -0.000000 -0.000000 -0.000000 -0.000000 -0.000000 -0.000000 -0.000000 -0.000000 -0.000000 -22.000225 -56.040916 342.894052 0.000000 -0.000000 0.000000 -443.363901 -20.261710 -13.702810 40.858654 -28.644718 58.141788 2.030762 -6.458157 10.469522 22.401349 -25.054072 -91.284640 -286.029627 -36.819847 -16.180245 -3.893772 -14.927372 -26.007927 -367.973193 -17.411891 -386.933579 -15.305982 -24.134906 97.278219 24.350215 40.470462 361.383379 578.033552 -74.075276 631.616326 -59.626472 58.340513 -24.043412 61.983035 26.467051 388.403478 -6.320587 44.027229 365.471108 178.147614 -53.981146 537.750164 4.790675 64.805301 6.918899 0.314373 -14.284047 344.459663
0.065365 0.093591 0.096190 -5.937474 27.595509 -361.282563 -0.000000 0.000000 -0.000000 -0.000000 0.000000 -0.000000 -0.000000 0.000000 -0.000000 -20.137537 -54.767156 345.758418 0.000000 0.000000 -0.000000 -441.895462 -24.482345 -7.675573 37.166065 -28.295927 53.200442 1.306355 -5.729357 10.055825 23.339939 -25.809296 -90.955498 -288.474284 -35.726736 -20.219243 -1.156852 -14.886716 -27.656285 -363.816038 -18.440616 -393.400405 -14.436763 -28.984643 98.753023 27.630425 39.717304 361.866192 627.149144 -71.479847 682.062723 -66.555142 56.375744 -25.995096 72.783319 27.609244 387.214458 -7.518783 47.059167 367.750769 176.563038 -62.185180 537.403798 11.841511 60.930525 3.319608 -5.339246 -18.551576 341.389324
0.061459 0.083657 0.086051 -5.868595 25.601385 -362.629252 0.000000 -0.000000 -0.000000 0.000000 -0.000000 -0.000000 0.000000 -0.000000 -0.000000 -18.403872 -53.483827 348.440450 0.000000 0.000000 -0.000000 -439.318977 -29.019127 -1.097481 35.478928 -27.543429 49.677281 1.698020 -5.862783 10.198140 21.149852 -24.059225 -91.756768 -290.429711 -34.391036 -23.339905 -0.103859 -15.929697 -30.843009 -361.734121 -19.942105 -399.320749 -11.110168 -30.308840 99.458961 33.255898 40.293854 361.623116 643.145730 -61.061121 702.449081 -68.491390 52.720631 -28.869392 80.866639 26.209854 381.856582 -9.828325 50.528511 370.614294 173.515830 -69.555472 525.559033 12.448737 57.552083 11.567258 -16.805871 -20.191497 337.491043
0.057916 0.073072 0.075533 -5.885668 23.991955 -363.905784 -0.000000 0.000000 0.000000 -0.000000 0.000000 0.000000 -0.000000 0.000000 0.000000 -17.039458 -52.546718 350.689558 0.000000 -0.000000 0.000000 -435.620091 -33.305339 5.693450 36.442810 -26.723486 48.017563 3.704250 -7.260791 11.114524 15.572487 -18.896025 -93.328900 -292.098892 -33.046679 -25.767654 -2.073927 -18.326761 -36.092425 -368.349491 -24.248117 -406.154844 -4.974549 -20.077680 99.754596 41.162517 41.937702 360.335599 641.183427 -51.492310 709.453552 -65.280686 47.599956 -31.977438 82.713688 21.826975 373.950703 -13.538313 54.163203 374.300519 171.945326 -68.026335 509.215176 14.131273 60.664270 18.896138 -30.235473 -17.147932 336.912471
0.054794 0.062266 0.064765 -5.891790 22.716367 -365.030154 0.000000 -0.000000 -0.000000 0.000000 -0.000000 -0.000000 0.000000 -0.000000 -0.000000 -16.256157 -51.841076 352.367990 0.000000 0.000000 0.000000 -431.187821 -36.820863 12.369203 39.164050 -25.992205 47.409286 6.867103 -9.341098 12.319211 8.723392 -11.236057 -94.506454 -293.943192 -31.967687 -28.061611 -7.485545 -21.283523 -43.195587 -390.932816 -32.962999 -417.112545 1.471936 7.899187 99.840603 50.025410 43.652082 358.122289 633.665887 -44.277284 714.425869 -55.776659 41.195590 -33.897218 77.794762 14.377155 365.003160 -18.087707 57.404544 378.503155 174.833409 -62.438003 496.556441 11.054814 64.023729 26.451954 -38.563362 -12.017856 341.271818
0.052090 0.051536 0.053875 -5.880498 21.685274 -365.867670 0.000000 0.000000 0.000000 0.000000 0.000000 0.000000 0.000000 0.000000 0.000000 -16.014000 -50.896587 353.510739 -0.000000 0.000000 -0.000000 -426.405993 -39.377264 18.756424 42.395303 -25.369723 46.864112 9.794862 -10.933583 13.288622 2.610770 -3.458077 -94.980040 -296.128498 -31.293260 -30.559357 -15.106497 -23.550862 -51.137618 -425.975849 -41.378152 -433.098826 10.424295 42.899187 99.794627 58.406142 44.857958 355.432912 624.954105 -39.926889 719.196274 -43.256322 34.849737 -33.777043 68.955968 6.074250 355.810199 -22.409088 60.062196 382.524867 181.416976 -54.413927 489.444721 1.003679 65.807941 36.421293 -40.603621 -6.908386 348.426660
0.049661 0.041015 0.042909 -5.912610 20.924364 -366.372630 -0.000000 0.000000 -0.000000 -0.000000 0.000000 -0.000000 -0.000000 0.000000 -0.000000 -16.118395 -49.457207 354.243791 -0.000000 -0.000000 0.000000 -421.623907 -41.051663 24.559285 44.361093 -24.877704 45.574788 11.970489 -11.896590 14.349469 -1.877881 2.508648 -95.121199 -298.401819 -30.967057 -33.062043 -21.479840 -24.510353 -58.208922 -456.586109 -45.969323 -448.547290 37.795608 71.278085 98.844362 65.485409 45.602945 352.757160 616.866769 -38.451615 722.795041 -35.500307 32.615944 -32.818427 63.835376 1.596569 348.964636 -26.393828 62.293521 386.219223 188.938729 -44.637921 486.735533 -10.718435 65.941951 43.890756 -38.319098 -2.606867 357.059518
0.047339 0.030768 0.031938 -6.010461 20.597667 -366.632671 0.000000 0.000000 -0.000000 0.000000 0.000000 -0.000000 0.000000 0.000000 -0.000000 -16.491886 -47.751332 354.623311 -0.000000 0.000000 0.000000 -417.449893 -42.059682 29.068912 43.621911 -24.418720 43.449447 14.009900 -12.947515 16.252800 -4.499172 6.105265 -95.377401 -300.409009 -30.885933 -35.059974 -22.458096 -24.528918 -62.452290 -474.116738 -47.975181 -459.872921 72.795608 77.204137 81.850816 71.152756 46.093681 350.515528 610.358743 -38.510880 724.278960 -35.165119 35.768017 -31.371997 65.793222 0.795920 346.822266 -30.742999 64.016084 389.922790 194.197111 -35.193927 487.456748 -16.690729 65.262377 41.627400 -34.222361 -0.265357 366.076049
0.045092 0.020912 0.021185 -6.112042 20.783119 -366.762598 -0.000000 0.000000 0.000000 -0.000000 0.000000 0.000000 -0.000000 0.000000 0.000000 -17.166619 -46.135094 354.662001 0.000000 0.000000 0.000000 -414.555625 -42.631186 31.592770 40.483990 -23.782644 41.136732 15.874407 -14.106645 19.281214 -5.167395 7.286399 -95.940639 -301.948098 -30.983369 -36.177132 -15.974323 -23.991099 -62.283000 -472.862488 -50.065131 -461.511625 58.100248 76.548859 96.056583 76.106802 46.259578 348.896325 605.590576 -38.224385 724.170237 -41.168540 41.896614 -26.693021 72.653804 0.417376 348.119976 -35.511335 65.032446 393.539113 194.350270 -32.393912 488.082063 -13.464746 61.822988 31.218706 -31.218009 -0.178011 373.181574
0.043041 0.011629 0.010985 -6.130806 21.300826 -366.793317 -0.000000 -0.000000 -0.000000 -0.000000 -0.000000 -0.000000 -0.000000 -0.000000 -0.000000 -18.127215 -44.723248 354.404164 0.000000 -0.000000 -0.000000 -413.075357 -42.858505 32.176204 36.177117 -22.924193 39.185449 16.473236 -14.667294 22.979260 -3.864529 5.789000 -96.682469 -302.996506 -31.198090 -36.422337 -3.830561 -22.365033 -57.917865 -440.832941 -53.715786 -440.696752 23.100248 52.069165 99.786401 81.230641 45.809978 347.829996 602.190863 -36.613867 723.864352 -55.200412 47.233708 -15.933787 83.324120 -0.039491 350.057629 -39.959084 65.497999 396.537658 193.422143 -32.489339 486.328839 -13.066785 58.705493 25.592850 -29.433350 -2.224158 378.266976
0.041333 0.003067 0.001654 -6.031530 21.865976 -366.675332 -0.000000 -0.000000 -0.000000 -0.000000 -0.000000 -0.000000 -0.000000 -0.000000 -0.000000 -19.335342 -43.470550 353.868236 0.000000 -0.000000 -0.000000 -412.447709 -42.763361 31.699823 31.471504 -21.927404 37.541082 15.159598 -14.427591 26.432123 -1.122858 1.796757 -97.329301 -303.707282 -31.482058 -36.128799 10.048555 -18.935714 -51.352473 -395.058779 -46.184321 -406.569087 1.982051 17.069165 99.839895 86.298189 44.561742 347.432733 599.958034 -33.880373 724.406675 -70.842076 48.144348 -2.248050 94.941013 -0.440653 350.846296 -43.639815 65.675269 398.605177 192.680459 -33.149331 482.987086 -11.382482 56.569937 21.317678 -30.006471 -3.911639 382.077388
0.040041 -0.004726 -0.006597 -5.840587 22.329253 -366.378471 -0.000000 0.000000 0.000000 -0.000000 0.000000 0.000000 -0.000000 0.000000 0.000000 -20.750253 -42.352522 353.063369 0.000000 0.000000 0.000000 -412.089626 -42.434527 31.013499 26.675930 -20.842885 35.939399 13.259452 -14.260234 29.057076 1.733824 -2.914673 -97.726149 -304.336354 -31.821118 -35.689249 22.247418 -13.940713 -44.711943 -373.436188 -33.968450 -389.563404 -5.494360 -17.930835 99.736410 89.896352 42.475302 348.295333 599.065715 -31.086062 726.311178 -76.447765 46.268993 6.610804 103.460527 -0.546398 350.865455 -46.066984 65.530557 399.318795 193.310793 -32.821928 479.488633 -6.727375 55.039845 16.706243 -33.307091 -2.930754 385.299797
0.039144 -0.011772 -0.013714 -5.614040 22.718308 -365.960021 0.000000 0.000000 0.000000 0.000000 0.000000 0.000000 0.000000 0.000000 0.000000 -22.214665 -41.379202 352.109918 0.000000 -0.000000 -0.000000 -411.970849 -41.985613 30.196191 21.528528 -19.621728 34.142640 13.485791 -15.621795 31.284725 3.436676 -5.942188 -97.925771 -304.968927 -32.214156 -35.281808 31.183917 -8.585492 -39.283970 -365.076713 -26.032294 -382.365322 -15.529798 -40.362549 99.414277 90.489664 39.676128 350.916093 600.008659 -29.578859 729.539845 -77.280167 45.853282 9.257781 105.669155 -0.826942 351.525763 -46.161517 64.917289 397.991318 195.373443 -31.286727 478.604849 -1.650760 53.653889 12.055760 -36.503294 0.652904 388.096363
0.038552 -0.018075 -0.019779 -5.388668 23.105600 -365.535466 0.000000 -0.000000 0.000000 0.000000 -0.000000 0.000000 0.000000 -0.000000 0.000000 -23.516785 -40.562106 351.205372 -0.000000 0.000000 0.000000 -412.209201 -41.516770 29.077172 15.507260 -18.085027 31.854599 17.350426 -19.119994 34.167872 3.693735 -6.490262 -98.030209 -305.358828 -32.640627 -34.804609 37.592069 -3.811111 -35.283673 -360.567576 -21.396163 -379.128641 -27.953868 -51.833559 98.576311 87.754995 36.364091 354.920317 603.195938 -29.934651 733.585994 -76.879470 47.162890 8.379288 104.059089 -0.168244 352.432209 -43.839461 63.743663 394.797985 198.136851 -28.750325 481.207230 1.525044 52.407819 8.305525 -37.694731 5.966847 390.080647
0.038166 -0.023556 -0.024914 -5.159921 23.503159 -365.191634 0.000000 0.000000 0.000000 0.000000 0.000000 0.000000 0.000000 0.000000 0.000000 -24.615423 -39.919581 350.438494 0.000000 -0.000000 0.000000 -412.678944 -41.090580 27.774129 8.842874 -16.071883 28.996027 24.671890 -23.882397 38.674615 2.839394 -5.033187 -98.082648 -305.183017 -33.061131 -34.072272 42.293722 0.037964 -32.421441 -357.486580 -18.980690 -377.687250 -41.379673 -58.710868 96.611994 82.710454 32.642728 359.351998 608.486882 -31.652248 737.868627 -76.349144 48.274116 5.952015 102.201729 2.369452 352.402807 -40.896702 61.968833 391.070389 200.941126 -25.536919 485.478338 1.528000 51.959004 6.422406 -36.595461 11.565099 391.103898
0.037919 -0.028068 -0.029202 -4.901708 23.891836 -364.953876 0.000000 0.000000 0.000000 0.000000 0.000000 0.000000 0.000000 0.000000 0.000000 -25.652194 -39.492438 349.744565 -0.000000 0.000000 0.000000 -413.321894 -40.684413 26.328946 3.030131 -13.949032 26.267549 33.927735 -28.049745 44.635292 1.265021 -2.245524 -98.088922 -304.435414 -33.442837 -33.061583 44.971019 2.427332 -30.572875 -355.082655 -17.460646 -376.974923 -53.484424 -62.505771 93.094794 76.896719 28.734771 363.310823 615.016295 -33.873350 741.799519 -75.733112 48.315047 2.963305 100.343936 5.564621 351.455687 -38.744805 59.709100 387.758699 203.120881 -22.956010 489.443135 -1.699292 52.709084 6.545712 -33.491000 15.363437 391.344647
0.037773 -0.031493 -0.032715 -4.595297 24.297422 -364.831207 0.000000 -0.000000 -0.000000 0.000000 -0.000000 -0.000000 0.000000 -0.000000 -0.000000 -26.748993 -39.346374 349.039391 -0.000000 -0.000000 0.000000 -414.332881 -40.248288 24.497871 -0.454032 -12.600624 24.654962 41.713435 -30.258773 49.896178 -0.238780 0.421680 -98.057014 -303.403094 -33.794533 -31.931255 45.403306 2.973015 -29.729438 -353.062816 -15.484032 -376.288763 -62.433087 -64.344050 88.836266 71.758806 25.373021 366.166162 621.147386 -36.084860 744.417008 -74.965950 47.314824 0.741826 98.285309 7.889042 350.291151 -37.308005 57.363133 385.039115 203.971816 -22.452356 492.441132 -7.699352 53.727980 8.695621 -28.678625 16.299370 391.225699
0.037681 -0.033842 -0.035577 -4.252703 24.782544 -364.829564 -0.000000 -0.000000 0.000000 -0.000000 -0.000000 0.000000 -0.000000 -0.000000 0.000000 -27.907358 -39.512476 348.298327 0.000000 0.000000 -0.000000 -415.686605 -39.863730 22.362373 -1.461026 -12.389179 24.356414 44.193899 -30.690634 51.890120 -0.464916 0.815803 -98.017272 -302.392248 -34.168780 -30.895355 44.373184 2.269801 -29.633129 -351.456576 -12.676606 -375.334306 -68.638883 -65.055093 84.717172 68.376769 23.658961 367.607673 624.830192 -38.126929 744.594547 -74.165379 45.979776 -0.030743 96.174461 8.783695 349.736383 -36.118707 55.623352 383.061562 203.521360 -23.468608 494.493574 -14.887407 54.189371 12.077514 -23.285966 15.108604 391.200952
0.037586 -0.035275 -0.037933 -3.923641 25.376143 -364.913107 -0.000000 0.000000 -0.000000 -0.000000 0.000000 -0.000000 -0.000000 0.000000 -0.000000 -29.054360 -39.893915 347.537309 0.000000 -0.000000 0.000000 -416.965805 -39.736755 20.521959 -0.584813 -12.955443 24.964002 40.032145 -29.831827 49.616683 1.193886 -2.075513 -97.957954 -301.647374 -34.620093 -30.150832 43.138162 1.423032 -29.859107 -350.188585 -9.548794 -374.242819 -73.799626 -65.250384 80.427502 67.266552 24.200445 367.671484 624.717960 -39.763670 742.064556 -73.686467 45.194454 0.034789 94.662560 8.960939 350.170470 -35.049764 55.060370 382.009263 202.400446 -24.389806 495.659787 -20.700122 54.376326 15.156097 -19.062929 12.989462 391.189008
0.037450 -0.036036 -0.039887 -3.660110 26.031886 -365.013339 0.000000 -0.000000 -0.000000 0.000000 -0.000000 -0.000000 0.000000 -0.000000 -0.000000 -30.094514 -40.277979 346.810835 -0.000000 0.000000 0.000000 -417.813694 -39.977360 19.463673 1.537642 -13.845493 26.061393 31.913402 -27.624389 44.302552 3.974803 -6.738342 -97.791347 -301.369171 -35.158826 -29.844813 42.413631 1.094572 -30.090681 -349.261049 -7.035801 -373.418027 -77.701631 -65.253028 76.665163 68.324517 26.627585 366.585489 621.029200 -40.755581 737.597845 -73.053171 45.464960 0.039762 93.088023 8.373856 351.608395 -34.248399 55.792779 381.892627 201.198897 -24.243777 496.052351 -22.897796 54.689668 16.433569 -17.447605 10.985397 390.978569
0.037279 -0.036371 -0.041477 -3.472830 26.655407 -365.089310 -0.000000 -0.000000 0.000000 -0.000000 -0.000000 0.000000 -0.000000 -0.000000 0.000000 -30.953184 -40.489188 346.201052 0.000000 -0.000000 -0.000000 -418.209170 -40.471082 19.153336 4.061916 -14.693024 27.213003 24.832794 -24.776076 38.915160 6.278896 -10.242723 -97.505615 -301.605259 -35.736809 -30.004398 42.179010 1.417380 -30.112651 -349.114104 -6.240713 -373.138961 -78.099820 -65.055695 76.057265 71.111335 30.118768 364.546962 614.956372 -41.180984 732.040980 -71.786334 46.401203 0.032821 90.870281 6.781547 353.528743 -33.754253 57.577919 382.543770 200.103960 -22.826342 496.174994 -21.712304 55.026065 15.865702 -18.047265 9.832429 390.486561
0.037097 -0.036489 -0.042722 -3.338823 27.177896 -365.148141 0.000000 0.000000 0.000000 0.000000 0.000000 0.000000 0.000000 0.000000 0.000000 -31.622985 -40.523796 345.745689 0.000000 0.000000 -0.000000 -418.200504 -41.072722 19.415786 6.069689 -15.205802 27.950438 21.676544 -22.876587 35.626743 6.918233 -10.956349 -97.253157 -302.174268 -36.278990 -30.485972 42.062013 2.160957 -29.859042 -350.018685 -7.380542 -373.354230 -73.951207 -64.457660 79.518958 74.660008 33.601524 362.037016 608.430107 -41.218427 726.453228 -69.546719 47.385031 0.113546 87.864360 4.276747 355.328454 -33.157984 59.762446 383.441620 198.906700 -20.767711 496.882373 -20.455163 55.455685 15.444951 -18.499059 9.068984 389.593814
0.036926 -0.036565 -0.043665 -3.235694 27.605776 -365.220031 -0.000000 0.000000 0.000000 -0.000000 0.000000 0.000000 -0.000000 0.000000 0.000000 -32.147351 -40.539304 345.404739 -0.000000 0.000000 -0.000000 -417.760560 -41.749952 20.185511 7.061360 -15.263705 28.044087 22.116882 -22.574453 34.811322 5.926890 -9.317087 -97.180497 -302.794895 -36.733637 -31.041485 41.799484 2.892900 -29.521228 -351.433714 -9.288224 -373.825578 -67.612607 -63.431007 84.183072 77.273172 35.685104 360.398211 604.200650 -41.011789 722.825043 -67.265956 47.943538 0.065475 85.277717 2.235672 356.515084 -31.819932 61.211065 383.640493 197.587077 -19.358713 498.495755 -20.729162 56.183021 15.916147 -17.746206 8.093788 388.437033
0.036775 -0.036748 -0.044397 -3.155353 28.008381 -365.330339 -0.000000 -0.000000 0.000000 -0.000000 -0.000000 0.000000 -0.000000 -0.000000 0.000000 -32.547113 -40.746448 345.111192 0.000000 0.000000 0.000000 -417.082280 -42.456184 21.142212 6.850585 -14.880887 27.507958 24.828877 -23.505849 36.102196 4.168491 -6.631901 -97.283834 -303.289444 -37.102979 -31.475123 41.540151 3.470872 -29.264789 -352.472343 -10.817373 -374.383651 -62.659658 -62.531938 87.388220 77.361114 35.267167 361.199757 604.543635 -40.684178 723.123333 -64.882019 47.453047 -0.812726 83.081179 1.027067 356.468326 -29.665334 60.839320 382.498178 196.577583 -19.581883 500.448369 -21.625250 56.889388 16.288928 -16.511934 7.276094 387.658348
0.036649 -0.037127 -0.045038 -3.100156 28.465105 -365.474641 0.000000 0.000000 0.000000 0.000000 0.000000 0.000000 0.000000 0.000000 0.000000 -32.786163 -41.274767 344.826390 -0.000000 -0.000000 -0.000000 -416.625429 -43.081089 21.674936 5.424626 -14.122749 26.464250 28.887970 -25.145558 39.057082 2.459802 -4.003792 -97.475942 -303.635427 -37.436155 -31.725397 41.654805 4.161890 -29.017215 -352.752791 -11.770605 -374.994848 -60.390239 -62.278676 88.845249 74.640109 32.107250 364.613462 609.867999 -39.991840 727.632082 -62.537929 45.463443 -2.399714 81.335910 0.512959 354.768010 -27.413093 58.245684 380.304600 196.327158 -21.563092 501.956030 -22.157923 56.995928 15.562988 -15.609499 7.333310 388.021595
0.036559 -0.037738 -0.045640 -3.072846 28.998143 -365.621382 -0.000000 0.000000 0.000000 -0.000000 0.000000 0.000000 -0.000000 0.000000 0.000000 -32.801865 -42.067381 344.577812 -0.000000 -0.000000 -0.000000 -416.652324 -43.564246 21.487633 3.122204 -13.084820 25.081921 33.662006 -26.981464 43.106486 1.157664 -1.933046 -97.675501 -303.839467 -37.772294 -31.796102 42.226916 5.129183 -28.669493 -352.485754 -12.335499 -375.556508 -60.501138 -62.581654 88.974306 69.990749 26.708178 369.305787 618.831262 -38.379367 734.862735 -61.890924 42.312086 -4.044023 81.129279 1.065349 351.844506 -25.702025 53.781071 377.714072 196.922088 -24.885903 502.726627 -22.527575 56.280250 14.055886 -15.169433 8.444142 389.643180
0.036514 -0.038530 -0.046228 -3.072667 29.581792 -365.719745 0.000000 0.000000 -0.000000 0.000000 0.000000 -0.000000 0.000000 0.000000 -0.000000 -32.592393 -42.930199 344.397115 0.000000 0.000000 -0.000000 -417.027728 -43.927597 20.803953 0.427183 -11.837344 23.488714 38.157041 -28.515505 47.342040 0.467722 -0.798128 -97.832260 -303.867113 -38.133639 -31.691941 42.876697 6.119748 -28.274320 -351.989181 -12.467081 -375.871776 -62.118874 -63.023824 88.143422 64.968299 20.251406 373.641108 628.679586 -35.656758 742.421212 -63.642816 38.991206 -5.581830 82.979886 2.747957 348.645966 -24.587655 48.362700 375.179126 198.117215 -28.870225 502.950544 -23.135031 55.076254 12.668520 -15.114882 10.127813 391.921783
0.036514 -0.039449 -0.046726 -3.088985 30.125568 -365.749119 -0.000000 -0.000000 0.000000 -0.000000 -0.000000 0.000000 -0.000000 -0.000000 0.000000 -32.222052 -43.655850 344.317995 0.000000 0.000000 0.000000 -417.442737 -44.205256 20.073024 -2.218528 -10.471491 21.842775 40.951294 -29.477617 50.501340 0.655339 -1.131836 -97.914441 -303.751251 -38.492025 -31.497251 42.993417 6.614129 -28.025670 -351.398936 -11.855770 -375.805557 -64.111754 -63.271613 86.853337 61.143084 14.537571 376.659075 636.395235 -32.609301 748.147915 -66.212029 36.435877 -6.656411 85.687677 4.401690 346.000865 -24.027498 43.365186 373.119699 199.521363 -32.556193 502.841322 -23.759289 53.933290 11.784563 -15.432113 11.662341 394.062587
0.036555 -0.040400 -0.047152 -3.120808 30.568395 -365.671277 0.000000 -0.000000 -0.000000 0.000000 -0.000000 -0.000000 0.000000 -0.000000 -0.000000 -31.820579 -44.139217 344.272442 0.000000 -0.000000 0.000000 -417.601513 -44.437437 19.695891 -4.277128 -9.237905 20.470984 41.817342 -29.942986 51.793806 1.360907 -2.344777 -97.898813 -303.584150 -38.858720 -31.353163 42.013065 6.127495 -28.133991 -350.714129 -10.177477 -375.345556 -65.309040 -63.182392 85.853147 59.196146 11.001613 378.261625 640.545290 -30.495878 751.137637 -65.933866 35.005207 -6.612282 85.558191 3.327606 344.623212 -23.936761 40.022549 371.753660 200.690735 -35.073450 502.466399 -24.071548 53.432553 11.558444 -15.902086 12.395162 395.207429
0.036621 -0.041269 -0.047528 -3.154774 30.876667 -365.505083 -0.000000 -0.000000 0.000000 -0.000000 -0.000000 0.000000 -0.000000 -0.000000 0.000000 -31.521073 -44.371462 344.197318 -0.000000 0.000000 -0.000000 -417.563162 -44.588336 19.617102 -5.292062 -8.532000 19.752579 41.688093 -30.056396 51.473948 1.905436 -3.236736 -97.801538 -303.429274 -39.201237 -31.289046 40.544017 5.154026 -28.445276 -350.469181 -8.741598 -374.914639 -64.344993 -62.744897 86.262442 58.559629 9.307726 378.965769 642.201551 -29.417137 752.174888 -62.111049 34.347338 -5.905216 81.966422 -0.197978 344.275414 -24.129974 38.298828 370.933560 201.469799 -36.476683 501.922129 -24.014184 53.203224 11.683266 -16.308488 12.718420 395.512995
0.036690 -0.041952 -0.047873 -3.189835 31.062166 -365.300341 -0.000000 -0.000000 0.000000 -0.000000 -0.000000 0.000000 -0.000000 -0.000000 0.000000 -31.362501 -44.433052 344.076798 -0.000000 0.000000 0.000000 -417.197620 -44.745700 20.001778 -5.475013 -8.270925 19.560542 41.944053 -30.039524 50.862013 1.709888 -2.868097 -97.709843 -303.343560 -39.497131 -31.332560 38.773716 3.913165 -28.896042 -350.167147 -7.069149 -374.434771 -63.110488 -62.263049 86.842001 58.598844 9.094437 379.005559 642.200632 -29.346552 751.994031 -54.894627 34.510408 -5.210894 75.879899 -5.155973 344.248365 -24.320206 37.930391 370.561808 201.729061 -36.860362 501.508198 -23.909335 53.521621 12.183211 -16.398342 12.483913 394.961735