HIERARCHY
ROOT mixamorig:Hips
{
  OFFSET 0.000000 0.000000 0.000000
  CHANNELS 6 Xposition Yposition Zposition Zrotation Xrotation Yrotation
  JOINT mixamorig:Spine
  {
    OFFSET 0.002207 0.035357 0.003705
    CHANNELS 3 Zrotation Xrotation Yrotation
    JOINT mixamorig:Spine1
    {
      OFFSET 0.003005 0.048498 -0.015119
      CHANNELS 3 Zrotation Xrotation Yrotation
      JOINT mixamorig:Spine2
      {
        OFFSET 0.003606 0.058197 -0.018143
        CHANNELS 3 Zrotation Xrotation Yrotation
        JOINT mixamorig:Neck
        {
          OFFSET 0.003998 0.051946 -0.028221
          CHANNELS 3 Zrotation Xrotation Yrotation
          JOINT mixamorig:Head
          {
            OFFSET 0.006706 0.048531 -0.051623
            CHANNELS 3 Zrotation Xrotation Yrotation
            End Site
            {
              OFFSET 0.001676 0.012133 -0.012906
            }
          }
        }
        JOINT mixamorig:LeftShoulder
        {
          OFFSET 0.060861 0.038542 0.018154
          CHANNELS 3 Zrotation Xrotation Yrotation
          JOINT mixamorig:LeftArm
          {
            OFFSET 0.023104 -0.081868 -0.055197
            CHANNELS 3 Zrotation Xrotation Yrotation
            JOINT mixamorig:LeftForeArm
            {
              OFFSET 0.008469 -0.038338 -0.091959
              CHANNELS 3 Zrotation Xrotation Yrotation
              JOINT mixamorig:LeftHand
              {
                OFFSET 0.003988 -0.006813 -0.038551
                CHANNELS 3 Zrotation Xrotation Yrotation
                End Site
                {
                  OFFSET 0.000997 -0.001703 -0.009638
                }
              }
            }
          }
        }
        JOINT mixamorig:RightShoulder
        {
          OFFSET -0.056053 0.039054 -0.042344
          CHANNELS 3 Zrotation Xrotation Yrotation
          JOINT mixamorig:RightArm
          {
            OFFSET -0.011695 -0.075695 -0.071900
            CHANNELS 3 Zrotation Xrotation Yrotation
            JOINT mixamorig:RightForeArm
            {
              OFFSET 0.007981 -0.046526 -0.082476
              CHANNELS 3 Zrotation Xrotation Yrotation
              JOINT mixamorig:RightHand
              {
                OFFSET 0.010919 -0.008150 -0.030326
                CHANNELS 3 Zrotation Xrotation Yrotation
                End Site
                {
                  OFFSET 0.002730 -0.002037 -0.007582
                }
              }
            }
          }
        }
      }
    }
  }
  JOINT mixamorig:LeftUpLeg
  {
    OFFSET 0.034820 -0.013668 0.032821
    CHANNELS 3 Zrotation Xrotation Yrotation
    JOINT mixamorig:LeftLeg
    {
      OFFSET -0.025723 -0.030969 -0.132913
      CHANNELS 3 Zrotation Xrotation Yrotation
      JOINT mixamorig:LeftFoot
      {
        OFFSET -0.011062 -0.117471 -0.034516
        CHANNELS 3 Zrotation Xrotation Yrotation
        JOINT mixamorig:LeftToeBase
        {
          OFFSET -0.003304 -0.035913 -0.052284
          CHANNELS 3 Zrotation Xrotation Yrotation
          End Site
          {
            OFFSET -0.000826 -0.008978 -0.013071
          }
        }
      }
    }
  }
  JOINT mixamorig:RightUpLeg
  {
    OFFSET -0.036416 -0.012614 0.004827
    CHANNELS 3 Zrotation Xrotation Yrotation
    JOINT mixamorig:RightLeg
    {
      OFFSET 0.005070 -0.045724 -0.126799
      CHANNELS 3 Zrotation Xrotation Yrotation
      JOINT mixamorig:RightFoot
      {
        OFFSET 0.009583 -0.117456 -0.017324
        CHANNELS 3 Zrotation Xrotation Yrotation
        JOINT mixamorig:RightToeBase
        {
          OFFSET 0.014966 -0.030832 -0.048485
          CHANNELS 3 Zrotation Xrotation Yrotation
          End Site
          {
            OFFSET 0.003742 -0.007708 -0.012121
          }
        }
      }
    }
  }
}
MOTION
Frames: 843
Frame Time: 0.03333333
0.000000 0.000000 0.000000 3.034349 10.724191 6.865726 0.000000 0.000000 0.000000 0.000000 0.000000 0.000000 0.000000 0.000000 0.000000 -0.317035 2.458315 -6.456833 0.000000 -0.000000 0.000000 1.069994 -19.431282 -13.036016 -5.212643 18.411134 2.156405 -3.431446 11.870313 8.435934 -2.544685 -22.430502 -4.422399 -10.619506 -30.195564 -2.599120 -4.176818 0.036859 7.281506 -1.194769 2.509084 14.893068 16.964435 12.243787 -29.920991 -8.466454 2.013290 2.234388 11.367311 -48.588912 -5.653179 -17.954724 41.783380 36.996479 -1.139782 -8.019890 -29.900836 -10.121435 1.132673 8.964404 -0.859267 -37.742113 -21.371713 -7.254247 22.213627 13.705964 2.636465 2.721033 -8.997359
0.001268 0.004478 0.003304 3.317487 9.924718 7.015514 -0.000000 -0.000000 -0.000000 -0.000000 -0.000000 -0.000000 -0.000000 -0.000000 -0.000000 -0.632398 2.299699 -6.495850 -0.000000 0.000000 -0.000000 0.224882 -18.943875 -13.170263 -4.632442 17.573505 1.814894 -3.565171 11.715062 8.954676 -2.321261 -20.987201 -4.717694 -10.724172 -27.832781 -2.730415 -4.362775 -1.348554 7.838248 -0.572015 4.351535 17.203985 16.427485 9.699296 -32.209160 -8.723615 3.676962 2.081007 10.819286 -48.144929 -5.728541 -17.829800 39.376644 36.357069 0.392905 -7.409089 -29.307953 -9.795114 0.908478 7.672941 0.806751 -37.945474 -19.694635 -6.442933 21.824705 10.670484 0.627180 4.507159 -6.188680
0.002727 0.009927 0.007277 3.527318 9.240735 7.055548 0.000000 0.000000 0.000000 0.000000 0.000000 0.000000 0.000000 0.000000 0.000000 -0.991716 1.477941 -6.348073 -0.000000 -0.000000 0.000000 -0.533827 -18.204594 -13.006719 -3.969690 16.046126 1.414485 -3.209604 11.307043 8.259790 -2.003718 -18.934078 -3.886814 -10.725427 -24.956277 -2.750659 -4.210210 -2.925669 7.609165 -0.251042 5.558166 17.730492 15.361820 8.117073 -32.153949 -8.975822 5.673885 2.001327 10.589012 -47.825957 -5.619872 -16.873328 37.111306 34.566329 1.095921 -6.747345 -28.145863 -9.004074 0.667829 5.542942 3.780744 -37.738147 -16.471700 -5.425850 21.185960 7.289920 -2.463596 5.829463 -3.099769
0.004337 0.016204 0.012085 3.621661 8.640514 6.954590 0.000000 -0.000000 0.000000 0.000000 -0.000000 0.000000 0.000000 -0.000000 0.000000 -1.381046 -0.046897 -6.013642 0.000000 0.000000 0.000000 -1.145016 -17.078774 -12.468546 -3.233830 13.968040 0.960539 -2.351711 10.737082 6.082622 -1.724208 -16.618044 -1.763124 -10.474407 -21.449019 -2.709794 -3.596918 -3.778703 6.558982 -0.269048 5.462668 15.784862 13.430129 7.366533 -28.853839 -9.165676 7.787018 2.047533 11.117694 -46.977461 -5.312833 -14.152720 35.409410 30.983797 -0.536436 -6.273285 -26.272010 -7.745078 -0.593249 2.445238 7.231438 -34.474974 -11.908264 -4.342308 19.345946 3.808786 -5.427414 6.213632 -0.027879
0.006074 0.023187 0.017967 3.718860 7.914770 6.548494 -0.000000 0.000000 0.000000 -0.000000 0.000000 0.000000 -0.000000 0.000000 0.000000 -1.793768 -1.533320 -5.421671 0.000000 0.000000 0.000000 -1.352202 -15.119631 -11.451603 -2.741360 11.673834 0.646040 -1.047496 9.994178 2.313805 -1.643518 -14.710420 1.646149 -10.030621 -17.257977 -2.442815 -2.168564 -3.557969 4.165258 -0.814578 3.469168 11.470842 10.651066 7.568097 -21.833303 -9.159307 8.789317 2.192697 11.702194 -44.376188 -5.065255 -11.145989 33.630429 26.337618 -2.829705 -6.227542 -23.359364 -6.181200 -1.835990 -1.226103 9.985223 -28.216579 -6.812445 -3.916765 16.637948 1.424761 -7.108375 4.819186 1.905368
0.007920 0.030801 0.025103 3.832331 6.909217 5.852676 0.000000 -0.000000 -0.000000 0.000000 -0.000000 -0.000000 0.000000 -0.000000 -0.000000 -2.170372 -2.764449 -4.556352 0.000000 -0.000000 0.000000 -1.330738 -12.387150 -10.031074 -2.405794 9.355222 0.411558 0.318081 8.944362 -1.979274 -1.721231 -13.088918 5.397384 -9.417941 -12.335412 -2.020305 -0.008087 -2.015263 1.166258 -0.899867 0.894429 5.344332 6.366045 6.452345 -11.962415 -8.669378 8.284466 1.878641 10.280460 -37.791530 -5.098695 -9.920013 28.551154 19.539606 -1.328620 -6.483922 -17.058181 -4.706294 -3.409718 -4.754781 10.810189 -18.243693 -2.469200 -3.590635 12.630584 -0.342966 -7.559356 1.870766 2.907910
0.009681 0.038555 0.033042 3.845252 5.770459 4.893222 0.000000 0.000000 0.000000 0.000000 0.000000 0.000000 0.000000 0.000000 0.000000 -2.365063 -3.953333 -3.378249 -0.000000 0.000000 -0.000000 -1.230383 -9.200539 -8.226929 -2.060295 6.997142 0.115875 1.461424 7.325123 -6.044575 -1.882668 -11.270660 8.891565 -8.613434 -7.265718 -1.514434 2.446176 0.483078 -1.571352 0.363453 -1.157876 -1.734054 1.273035 2.712415 -1.026954 -7.485658 6.429676 0.620462 5.753004 -27.203790 -4.373030 -12.655006 19.976957 8.971532 7.640724 -5.955681 -5.703646 -3.518715 -5.058581 -7.322787 9.418446 -6.231113 0.721753 -2.472372 7.438060 -1.371072 -7.617572 -1.744043 2.860144
0.011256 0.046105 0.041447 3.671447 4.625321 3.634655 -0.000000 0.000000 -0.000000 -0.000000 0.000000 -0.000000 -0.000000 0.000000 -0.000000 -2.303981 -5.202430 -1.885588 0.000000 -0.000000 -0.000000 -1.188314 -5.837799 -5.977394 -1.561371 4.514243 -0.378804 2.156486 5.071832 -9.347718 -2.092640 -8.881473 11.725855 -7.563414 -2.629801 -0.922551 4.551682 3.045953 -3.537578 2.522516 -2.608398 -7.541526 -2.846597 -2.576447 8.003037 -5.838553 3.837973 -1.107850 -0.470465 -15.103187 -1.892490 -21.998155 12.502050 -6.849435 24.485294 -1.589114 9.926126 -2.446151 -5.866312 -8.578160 6.288554 4.355802 3.399497 -0.554468 1.931094 -1.896763 -7.497552 -4.749887 2.450260
0.012568 0.053120 0.049979 3.269835 3.541825 2.050321 -0.000000 0.000000 0.000000 -0.000000 0.000000 0.000000 -0.000000 0.000000 0.000000 -2.013376 -6.412204 -0.185996 0.000000 -0.000000 -0.000000 -1.281440 -2.550907 -3.266946 -0.878078 1.757307 -1.135641 2.279290 2.598411 -11.364537 -2.295832 -5.928943 13.457606 -6.218233 1.194229 -0.237293 5.826103 4.911545 -4.633992 4.399630 -3.417304 -10.601812 -5.302847 -7.420546 13.497878 -4.054323 1.192225 -2.452125 -6.647651 -3.770989 1.782300 -32.585139 11.219830 -24.429162 41.221599 6.527593 23.646101 -1.258748 -5.284552 -8.667217 2.404827 10.961196 5.954204 1.670478 -2.824320 -2.525548 -7.167063 -6.367783 2.569907
0.013677 0.059497 0.058555 2.658949 2.504143 0.262623 0.000000 0.000000 0.000000 0.000000 0.000000 0.000000 0.000000 0.000000 0.000000 -1.592867 -7.402948 1.490144 0.000000 -0.000000 -0.000000 -1.522218 0.588429 -0.253744 -0.101467 -1.407611 -2.125611 1.984333 0.557984 -12.061032 -2.418284 -2.837414 14.046002 -4.608176 4.063179 0.470365 6.088404 5.450805 -4.982704 5.346993 -3.290564 -11.443020 -6.474945 -10.562064 15.974628 -2.333608 -0.884617 -2.963899 -10.795519 5.518572 5.173315 -35.770081 11.091272 -35.675513 48.345354 11.238542 30.425459 -0.055701 -3.454496 -7.755927 -0.916004 13.378886 7.807930 3.416361 -6.037792 -3.726590 -6.459972 -6.840359 3.573924
0.014717 0.065300 0.067224 1.921026 1.425423 -1.513146 -0.000000 -0.000000 0.000000 -0.000000 -0.000000 0.000000 -0.000000 -0.000000 0.000000 -1.184577 -7.937710 2.898873 -0.000000 -0.000000 0.000000 -1.870193 3.730387 2.794243 0.595072 -4.872583 -3.215242 1.632776 -0.594363 -12.114022 -2.463354 -0.303781 14.074964 -2.863130 6.137964 1.093958 5.582596 4.459318 -4.904846 5.162681 -2.646176 -11.110351 -6.761807 -11.335853 16.709916 -0.888475 -1.836295 -2.496258 -11.178879 12.016831 6.568724 -35.057202 8.219807 -39.461693 47.559459 10.775131 32.416797 0.838515 -1.042490 -5.916240 -2.880933 13.151751 8.327251 3.921659 -7.691657 -5.745905 -4.974389 -6.623398 5.430201
0.015828 0.070667 0.075990 1.174023 0.105334 -3.059445 -0.000000 0.000000 0.000000 -0.000000 0.000000 0.000000 -0.000000 0.000000 0.000000 -0.948369 -7.598048 3.854330 -0.000000 0.000000 0.000000 -2.250421 7.137368 5.562515 1.031784 -8.323901 -4.215391 1.459300 -0.728737 -12.072636 -2.470441 1.134451 13.988886 -1.178276 7.964886 1.502830 4.828009 2.640661 -4.757014 4.070514 -2.250767 -10.042900 -6.483951 -10.199199 16.561210 0.047939 -1.323586 -1.077910 -6.800176 15.345921 4.880056 -29.465245 0.998327 -33.623456 36.802512 4.484253 28.620070 1.216534 1.322349 -3.402463 -3.469866 11.862490 7.547938 3.238024 -8.560033 -8.041870 -3.014867 -5.461749 7.523822
0.017090 0.075689 0.084652 0.472554 -1.605934 -4.189878 -0.000000 0.000000 0.000000 -0.000000 0.000000 0.000000 -0.000000 0.000000 0.000000 -0.919715 -6.097360 4.289592 -0.000000 -0.000000 -0.000000 -2.516959 10.848070 7.719657 1.121467 -11.398149 -4.968793 1.413950 -0.154996 -11.733379 -2.393988 1.601890 13.545287 0.271824 10.044637 1.590874 4.193809 1.080210 -4.650770 2.857496 -2.227226 -8.735546 -6.078234 -8.736893 16.099291 0.502231 0.455979 0.670065 -0.794650 16.265797 1.761804 -22.087738 -5.084808 -23.406421 23.190347 -1.487385 21.532964 1.204732 3.523124 -0.794894 -3.079025 10.188700 6.008176 1.900651 -9.154550 -9.688849 -1.273602 -3.349893 8.976841
0.018517 0.080354 0.092831 -0.216850 -3.587968 -4.798329 0.000000 -0.000000 -0.000000 0.000000 -0.000000 -0.000000 0.000000 -0.000000 -0.000000 -0.913878 -3.735966 4.294644 -0.000000 0.000000 0.000000 -2.465642 14.441564 8.999206 0.932310 -13.663808 -5.369645 1.311134 0.381193 -10.730477 -2.176675 1.794776 12.389659 1.399894 12.350566 1.397857 3.783559 0.301130 -4.529691 2.359377 -2.224563 -8.324846 -5.969733 -8.159876 16.224746 0.811676 2.817541 1.789177 2.963767 16.391350 -0.316454 -14.209965 -8.842457 -13.579642 11.324979 -4.342200 13.985697 1.118853 5.703418 1.291442 -2.316305 7.869089 4.313346 0.406805 -9.141838 -10.200131 0.072424 -0.860702 9.366083
0.020081 0.084601 0.100173 -0.924613 -5.512321 -4.938935 0.000000 -0.000000 -0.000000 0.000000 -0.000000 -0.000000 0.000000 -0.000000 -0.000000 -0.709574 -1.279139 4.050320 0.000000 0.000000 -0.000000 -1.971046 17.150497 9.318180 0.655374 -14.585812 -5.325533 1.067739 0.252373 -9.140627 -1.828919 2.240272 10.590435 2.221649 14.457392 1.101844 3.581800 0.250176 -4.385166 2.729925 -2.208263 -9.357398 -6.229357 -8.421975 17.382179 1.295191 4.990988 1.854338 2.707857 16.576689 -0.240726 -7.184122 -11.770628 -7.442017 3.967632 -3.721308 8.859863 1.239284 7.721055 2.460561 -1.920324 4.309769 2.962529 -0.470837 -8.537129 -9.511122 0.819466 2.233309 8.742651
0.021773 0.088416 0.106542 -1.609938 -7.118256 -4.789749 0.000000 0.000000 0.000000 0.000000 0.000000 0.000000 0.000000 0.000000 0.000000 -0.298541 0.616184 3.705374 0.000000 0.000000 0.000000 -1.124079 18.296746 8.814108 0.490316 -13.732909 -4.791274 0.751900 -0.447579 -7.201862 -1.379447 2.757379 8.357073 2.840088 15.994181 0.821075 3.484282 0.741250 -4.220613 3.429628 -2.447943 -10.948985 -6.555504 -8.824288 18.800686 1.997598 6.442842 1.207836 -0.445931 15.880017 1.474124 -1.404737 -14.645955 -5.047082 0.500104 -0.368437 6.562451 1.657700 9.223505 2.650980 -2.463384 -0.528166 2.203603 0.051119 -7.940804 -7.998638 0.724907 6.599502 7.473561
0.023614 0.091852 0.112058 -2.192461 -8.343941 -4.509396 -0.000000 0.000000 0.000000 -0.000000 0.000000 0.000000 -0.000000 0.000000 0.000000 0.150473 1.792747 3.320518 0.000000 -0.000000 -0.000000 -0.177885 17.764863 7.764312 0.511527 -11.144344 -3.861497 0.451527 -1.084495 -4.985652 -0.868941 2.736720 5.778700 3.383119 16.834376 0.519075 3.310552 1.482935 -3.980661 3.900525 -2.800409 -11.922557 -6.681819 -8.937524 19.418486 2.748955 7.002286 0.509009 -3.897494 13.758496 3.348192 1.418635 -16.559712 -6.192741 0.169327 4.213121 6.844921 2.227074 9.983429 2.201030 -3.850390 -5.329168 1.902535 1.641662 -7.337461 -6.621103 0.335471 11.194238 6.258468
0.025628 0.094984 0.116977 -2.627153 -9.212177 -4.174220 0.000000 0.000000 0.000000 0.000000 0.000000 0.000000 0.000000 0.000000 0.000000 0.532057 2.506349 2.926582 -0.000000 0.000000 0.000000 0.650800 16.067818 6.477337 0.627214 -7.469158 -2.737859 0.203694 -1.329363 -2.750276 -0.405223 1.978988 3.155555 3.925361 17.021033 0.129187 2.905214 1.973844 -3.580013 4.005330 -2.648930 -11.869413 -6.553220 -8.798166 18.818509 3.420248 6.729071 0.094975 -5.939982 11.781705 4.351542 -0.606643 -16.439844 -10.831339 3.051174 7.682604 9.696428 2.693600 10.014195 1.710755 -5.303658 -7.859671 1.756617 4.068978 -6.645995 -5.222566 -0.493033 13.727720 4.855137
0.027808 0.097845 0.121520 -2.940057 -9.699059 -3.835056 0.000000 -0.000000 -0.000000 0.000000 -0.000000 -0.000000 0.000000 -0.000000 -0.000000 0.897722 3.067354 2.590815 -0.000000 -0.000000 0.000000 1.262927 13.989039 5.275029 0.706278 -3.763814 -1.621557 0.045604 -1.550098 -1.171603 -0.099703 1.109340 1.151880 4.492789 16.691838 -0.343785 2.214885 1.819835 -2.936104 3.843194 -1.656487 -10.912696 -6.203879 -8.538950 17.087974 4.015673 5.835767 -0.179793 -6.289235 11.564856 4.468722 -2.298454 -14.937617 -13.217589 4.546410 8.264628 11.461815 2.922991 9.497871 1.644869 -6.038768 -6.565831 1.626264 6.282570 -6.027779 -3.334039 -1.356525 12.731016 2.864957
0.030136 0.100412 0.125788 -3.195451 -9.750781 -3.560306 -0.000000 -0.000000 -0.000000 -0.000000 -0.000000 -0.000000 -0.000000 -0.000000 -0.000000 1.327520 3.566454 2.387726 0.000000 -0.000000 0.000000 1.625814 12.140297 4.457755 0.734148 -1.043939 -0.685608 0.007692 -2.255066 -0.687208 0.071356 1.010306 0.178037 5.120514 16.020633 -0.861212 1.243216 1.038560 -1.955266 3.454105 -0.280527 -9.251184 -5.618301 -8.007401 14.443880 4.555988 4.695084 -0.541272 -5.506542 12.871163 4.141004 -3.103543 -13.321788 -13.403986 4.664997 6.630625 12.077278 2.966041 8.696988 2.090652 -5.862803 -1.693758 1.497437 6.717702 -5.999256 -1.159852 -1.255014 8.746167 0.546422
0.032636 0.102649 0.129811 -3.414908 -9.371261 -3.391331 -0.000000 -0.000000 -0.000000 -0.000000 -0.000000 -0.000000 -0.000000 -0.000000 -0.000000 1.795007 3.881986 2.335234 0.000000 0.000000 0.000000 1.712579 10.722252 4.166500 0.813863 0.183455 -0.087702 -0.006315 -3.542925 -0.872768 0.242684 2.104596 -0.131775 5.800179 15.124062 -1.375661 0.045558 -0.097376 -0.620107 2.790306 0.624581 -7.120727 -4.713623 -6.820202 11.194328 4.983230 3.615417 -0.875655 -4.039748 14.564389 3.510930 -4.222222 -11.710769 -13.075147 4.722679 4.069576 12.460137 2.920633 7.827178 2.849282 -5.377233 4.919932 1.393897 5.999937 -6.183388 1.632527 -0.550880 2.885217 -2.473873
0.035380 0.104583 0.133650 -3.543435 -8.651345 -3.294014 0.000000 -0.000000 0.000000 0.000000 -0.000000 0.000000 0.000000 -0.000000 0.000000 2.192825 3.893802 2.388422 0.000000 0.000000 0.000000 1.501534 9.542628 4.287152 1.018029 0.122607 0.150267 -0.148435 -5.179612 -0.801958 0.571460 4.236409 -0.638385 6.384198 14.001957 -1.787506 -1.192661 -1.394858 0.856059 1.810650 0.549244 -4.821510 -3.409748 -4.680459 7.757903 5.196031 2.596646 -0.805241 -1.992548 15.819059 2.354894 -5.456339 -9.780499 -12.276948 4.648573 1.158381 12.469635 2.825741 6.900389 3.603639 -5.292740 10.977064 1.421127 4.701732 -5.822827 4.577526 0.525919 -3.386538 -5.795749
0.038467 0.106321 0.137443 -3.512955 -7.635580 -3.196099 -0.000000 -0.000000 0.000000 -0.000000 -0.000000 0.000000 -0.000000 -0.000000 0.000000 2.419943 3.614585 2.457833 0.000000 -0.000000 0.000000 1.019026 8.199808 4.566479 1.289779 -0.600573 0.252777 -0.416486 -6.792938 0.179018 1.192857 6.833578 -2.095418 6.640954 12.499262 -1.931053 -2.195107 -2.811119 2.100345 0.510705 -0.472059 -2.538333 -1.665600 -1.534020 4.425380 5.172507 1.321127 -0.192255 0.054478 16.264132 0.846438 -5.307029 -8.083926 -10.610699 3.226894 -1.092401 11.605628 2.701130 5.625014 4.046893 -5.765498 15.123382 1.684133 3.738173 -5.714538 6.706142 1.439840 -7.577418 -8.285085
0.041981 0.107971 0.141357 -3.328587 -6.196441 -3.027285 -0.000000 0.000000 -0.000000 -0.000000 0.000000 -0.000000 -0.000000 0.000000 -0.000000 2.431260 3.178008 2.394216 0.000000 -0.000000 0.000000 0.369738 6.246546 4.762647 1.502634 -1.360388 0.588771 -0.640874 -7.857065 2.119876 2.141846 9.024121 -4.797765 6.450063 10.310789 -1.689006 -2.789308 -4.188190 2.867736 -1.022826 -2.026133 -0.038701 0.516928 2.202409 0.944374 5.054742 -0.686466 0.589243 1.113084 15.273159 -0.188807 -2.938859 -7.030167 -8.683790 0.055333 -1.175706 10.182301 2.622050 3.537238 3.942203 -6.406052 16.988820 2.145905 4.017064 -6.356077 7.056888 1.579311 -8.243655 -8.758195
0.045950 0.109539 0.145494 -3.062925 -4.195996 -2.679535 -0.000000 -0.000000 -0.000000 -0.000000 -0.000000 -0.000000 -0.000000 -0.000000 -0.000000 2.259097 2.802385 1.991252 -0.000000 -0.000000 -0.000000 -0.309243 3.352533 4.629440 1.573263 -1.766978 1.428689 -0.658182 -7.763752 4.588614 3.241257 9.976243 -8.441723 5.898139 7.143476 -1.165762 -3.033628 -5.133638 3.204860 -2.492173 -3.269361 3.322511 3.015643 5.360748 -3.453322 5.049733 -3.755580 0.863510 0.089970 13.625450 0.156288 1.055510 -6.882469 -7.663882 -3.360212 0.936015 9.101605 2.676076 0.387652 3.103718 -6.540855 17.099260 2.697254 4.569787 -6.357299 6.455506 1.077540 -7.180254 -8.026381
0.050337 0.110922 0.149856 -2.757737 -1.727287 -2.020625 -0.000000 0.000000 -0.000000 -0.000000 0.000000 -0.000000 -0.000000 0.000000 -0.000000 1.987267 2.754515 1.105761 -0.000000 -0.000000 -0.000000 -0.985385 -0.510947 3.935035 1.498883 -1.800534 2.795919 -0.414446 -6.239507 6.918103 4.168817 9.553096 -12.229883 5.130625 2.875568 -0.644159 -3.110824 -5.185688 3.308071 -3.541059 -3.356818 7.858114 5.466439 6.723025 -9.072825 5.170123 -7.719866 0.152458 -3.627020 13.411235 2.264551 7.521490 -8.052965 -6.475731 -6.961984 3.328723 7.476729 2.812421 -3.636400 1.459329 -6.095594 16.587596 3.415565 2.663863 -5.077479 5.258002 2.237026 -6.544760 -6.751043
0.055089 0.111986 0.154384 -2.364914 0.946219 -1.016150 -0.000000 -0.000000 0.000000 -0.000000 -0.000000 0.000000 -0.000000 -0.000000 0.000000 1.670234 3.238287 -0.229598 -0.000000 0.000000 0.000000 -1.812045 -5.090212 2.606795 1.342290 -1.721330 4.521409 0.078683 -3.713542 8.473353 4.762114 8.537727 -15.329128 4.162890 -2.450309 -0.334978 -3.159539 -4.049727 3.328632 -4.138172 -2.431685 12.860525 7.477193 6.413311 -15.098158 5.154205 -11.991076 -1.448879 -8.593753 14.784653 5.434003 15.514996 -10.429381 -3.979001 -10.912413 5.301170 4.920600 2.800048 -8.090131 -0.830944 -5.816745 16.199025 4.478281 -0.635988 -3.710377 4.240220 4.755500 -6.010416 -5.661500
0.060177 0.112641 0.159017 -1.832073 3.628379 0.251419 -0.000000 0.000000 0.000000 -0.000000 0.000000 0.000000 -0.000000 0.000000 0.000000 1.337993 4.222673 -1.880168 0.000000 0.000000 0.000000 -3.012258 -10.102071 0.729266 1.246744 -1.691967 6.322678 0.751516 -1.101485 8.967310 5.143285 7.997643 -17.304183 2.921101 -8.633711 -0.305007 -3.244927 -1.810029 3.384598 -4.487222 -1.471719 17.303793 9.120741 5.674263 -20.574296 4.746365 -16.116228 -3.411537 -12.787269 15.967616 8.406850 23.634103 -12.947655 0.375657 -15.418520 7.816785 1.404480 2.419305 -12.497786 -3.455924 -6.087380 15.386045 5.732777 -4.474681 -2.631374 3.865209 8.364292 -4.949811 -5.177775
0.065565 0.112863 0.163707 -1.226287 6.274062 1.698099 -0.000000 0.000000 -0.000000 -0.000000 0.000000 -0.000000 -0.000000 0.000000 -0.000000 1.088447 5.413464 -3.730739 -0.000000 0.000000 0.000000 -4.687295 -15.400322 -1.634279 1.355940 -1.608960 7.921959 1.435422 0.793760 8.675622 5.549681 8.575054 -18.302239 1.365724 -15.206180 -0.595860 -3.360999 0.946920 3.561350 -4.707279 -1.107844 20.783432 10.750569 5.396744 -25.243592 3.911594 -20.024796 -5.115918 -15.033457 15.885575 10.061269 29.927005 -14.486184 5.273024 -19.211937 11.356349 -2.361605 1.647364 -16.503755 -6.120235 -6.311884 12.940554 6.627697 -7.414561 -1.589948 5.934475 11.348617 -2.955273 -6.909867
0.071151 0.112683 0.168405 -0.729129 8.926560 3.315970 -0.000000 0.000000 0.000000 -0.000000 0.000000 0.000000 -0.000000 0.000000 0.000000 1.102626 6.460261 -5.707452 -0.000000 -0.000000 -0.000000 -6.749671 -20.873097 -4.533406 1.645756 -1.479694 9.240349 1.962796 1.667204 8.274088 6.215340 10.420191 -18.983916 -0.516825 -21.532460 -1.279568 -3.419699 3.321739 3.808997 -4.779477 -1.191945 23.260869 12.492561 5.728776 -29.083792 2.756891 -23.712351 -6.116569 -14.169169 14.400724 9.329354 31.852855 -13.596698 8.453152 -20.945356 14.339034 -5.436154 0.596369 -20.192326 -8.644323 -5.794893 8.888965 6.769476 -7.438431 -0.505475 11.026071 11.528504 0.042764 -11.394217
0.076786 0.112160 0.173075 -0.537341 11.702801 5.180966 0.000000 -0.000000 -0.000000 0.000000 -0.000000 -0.000000 0.000000 -0.000000 -0.000000 1.561894 7.120455 -7.782503 0.000000 -0.000000 0.000000 -9.037818 -26.359451 -8.082533 1.941796 -1.647163 10.422908 2.318449 1.693259 8.379993 7.339939 13.355095 -20.140710 -2.778441 -27.171328 -2.468132 -3.321701 4.531708 3.985331 -4.603195 -1.116581 24.610607 14.157788 6.471585 -31.892620 1.407471 -27.129018 -6.486252 -9.829116 12.115301 5.926303 28.027614 -9.694427 9.303782 -20.272830 14.785870 -7.405504 -0.712368 -24.311937 -11.117357 -4.392783 5.204436 6.305849 -4.790909 0.907878 17.221039 9.066606 3.512338 -17.003192
0.082359 0.111352 0.177715 -0.760822 14.742042 7.396928 -0.000000 0.000000 0.000000 -0.000000 0.000000 0.000000 -0.000000 0.000000 0.000000 2.521030 7.228847 -9.956205 0.000000 -0.000000 0.000000 -11.536721 -31.672743 -12.366939 2.139468 -2.407410 11.560779 2.630791 1.450452 9.309423 8.951366 16.698368 -22.222431 -5.505615 -31.961373 -4.334434 -3.095577 4.170998 4.072824 -4.049882 -0.149452 24.732500 15.381904 7.239731 -33.503004 -0.067216 -30.453626 -6.917981 -4.971770 10.517329 1.789444 21.327892 -5.159842 9.756864 -17.659832 12.894035 -8.836847 -2.530927 -29.742514 -13.935599 -1.892503 3.945953 5.395585 -2.391128 2.748666 22.816505 5.899363 6.417317 -22.047952
0.087827 0.110294 0.182352 -1.329252 18.037569 9.985306 0.000000 0.000000 0.000000 0.000000 0.000000 0.000000 0.000000 0.000000 0.000000 3.799967 6.659732 -12.159400 0.000000 0.000000 -0.000000 -14.434988 -36.534629 -17.351263 2.265487 -3.753640 12.529221 3.059903 1.822277 11.089819 10.754199 19.307810 -25.093935 -8.758750 -35.782216 -7.017867 -2.892368 2.322476 4.206478 -3.069249 1.997034 23.766706 15.920080 7.680346 -34.030209 -1.764581 -33.944683 -8.117669 -1.932960 10.923450 -1.400673 15.040831 -2.192885 11.223289 -14.067693 9.840562 -10.630078 -5.433525 -36.604623 -17.632643 1.705199 5.905384 3.914434 -1.699192 4.611136 27.576615 2.728900 8.138186 -26.129935
0.093203 0.109021 0.187004 -2.019925 21.411613 12.839800 -0.000000 -0.000000 -0.000000 -0.000000 -0.000000 -0.000000 -0.000000 -0.000000 -0.000000 5.054428 5.323067 -14.201223 -0.000000 0.000000 -0.000000 -17.854859 -40.568120 -22.815549 2.344506 -5.650017 13.120253 3.650407 3.456122 13.491361 12.278883 20.438344 -28.163385 -12.496840 -38.592629 -10.471898 -2.835012 -0.292948 4.546885 -1.824474 4.502154 21.959124 16.010928 7.946626 -33.832617 -3.942406 -37.537291 -10.267606 -0.629186 13.884883 -3.534548 9.985556 -0.974671 14.020148 -10.323039 5.777417 -13.382885 -10.208052 -44.175455 -22.853533 5.680428 11.031905 1.793914 -2.370118 5.678725 31.401588 -0.318529 8.609400 -29.261049
0.098504 0.107609 0.191671 -2.674754 24.741442 15.830185 0.000000 0.000000 -0.000000 0.000000 0.000000 -0.000000 0.000000 0.000000 -0.000000 6.025867 3.141283 -15.859485 0.000000 0.000000 0.000000 -21.617238 -43.556726 -28.412461 2.349068 -8.097275 13.185232 4.260105 6.193103 16.024861 13.220381 20.325017 -30.700239 -16.587277 -40.628828 -14.532493 -2.925568 -2.595347 5.217873 -0.677006 5.944845 19.606864 16.194018 8.530870 -33.373120 -6.808051 -41.091539 -13.246734 -0.472655 19.177634 -4.918688 6.917155 -1.275722 18.178452 -7.846017 1.122350 -17.340542 -17.612586 -51.399719 -30.370451 8.844283 18.626274 -0.504308 -3.365908 5.100956 33.814682 -2.759624 8.080334 -31.286676
0.103710 0.106195 0.196357 -3.354841 28.063648 18.930711 -0.000000 -0.000000 0.000000 -0.000000 -0.000000 0.000000 -0.000000 -0.000000 0.000000 6.655598 0.078516 -17.043056 -0.000000 -0.000000 0.000000 -25.363990 -45.554945 -33.815254 2.253848 -11.019195 12.647907 4.684584 9.276974 18.121278 13.569597 19.749810 -32.146954 -20.870977 -42.241833 -19.108384 -3.125460 -3.889839 6.314911 0.081059 5.675122 17.177367 16.745693 9.521568 -33.136025 -10.464913 -44.767499 -17.083066 -1.074144 25.661126 -5.634378 7.456295 -2.712199 23.822081 -8.612990 -2.253149 -22.626307 -27.881337 -57.165977 -40.593920 10.532769 26.907221 -2.250413 -3.694243 3.629374 35.138709 -4.643295 6.701719 -32.693816
0.108756 0.104956 0.201091 -4.216288 31.398999 22.172550 0.000000 -0.000000 -0.000000 0.000000 -0.000000 -0.000000 0.000000 -0.000000 -0.000000 6.970492 -3.694067 -17.865628 -0.000000 0.000000 0.000000 -28.755313 -46.718372 -38.750071 2.061696 -14.404041 11.505472 4.840857 11.950915 19.500987 13.584084 19.495960 -32.432254 -25.184480 -43.576171 -24.100333 -3.413985 -4.245915 7.784883 0.443698 4.236949 15.234049 17.536732 10.451006 -33.496893 -15.050933 -48.685535 -22.022459 -2.102710 31.938983 -5.702398 11.787280 -4.021928 30.783292 -12.992899 -2.940473 -28.715870 -40.035335 -60.735798 -52.876028 10.654878 34.251467 -2.801525 -3.589379 1.943181 35.898564 -5.724342 4.762288 -33.870328
0.113589 0.104028 0.205963 -5.288665 34.595385 25.494987 -0.000000 0.000000 0.000000 -0.000000 0.000000 0.000000 -0.000000 0.000000 0.000000 6.999669 -7.692510 -18.543071 -0.000000 0.000000 -0.000000 -31.534820 -47.219447 -42.990111 1.763710 -18.257025 9.885409 4.791236 13.743496 20.264155 13.625527 20.120459 -31.933266 -29.347464 -44.527424 -29.195638 -3.729820 -4.166294 9.316809 0.620522 2.675352 14.220365 18.259756 10.769706 -34.540461 -20.620447 -52.430987 -28.153776 -3.285406 37.391001 -5.266401 18.180981 -5.059825 38.136415 -18.878727 -0.667671 -34.154956 -52.461053 -62.240739 -66.103670 8.455504 40.941676 -1.039734 -3.087359 -1.337354 36.231961 -5.283291 3.371916 -34.799721
0.118248 0.103430 0.211121 -6.402228 37.372889 28.689378 0.000000 0.000000 0.000000 0.000000 0.000000 0.000000 0.000000 0.000000 0.000000 6.812143 -11.247802 -19.238058 0.000000 -0.000000 -0.000000 -33.552554 -47.233393 -46.385038 1.331513 -22.206141 8.056254 4.616836 14.489319 20.631310 13.846158 21.656138 -31.056311 -33.194656 -45.006287 -33.941439 -3.980905 -4.000640 10.567638 0.840832 1.776112 14.263685 18.655703 10.242942 -36.071989 -26.763967 -55.301695 -34.924559 -4.282152 41.801547 -4.688643 24.518587 -6.607877 44.836887 -23.687456 3.620469 -37.782898 -63.548572 -62.163720 -78.515024 2.993898 47.580617 3.908265 -1.520488 -6.241466 36.694998 -4.081012 2.645221 -36.010365
0.122849 0.103065 0.216697 -7.320346 39.514623 31.490229 -0.000000 -0.000000 0.000000 -0.000000 -0.000000 0.000000 -0.000000 -0.000000 0.000000 6.561972 -13.798469 -19.989326 0.000000 -0.000000 0.000000 -34.791979 -46.925989 -48.891775 0.788505 -25.508865 6.387265 4.362933 14.353087 20.768031 14.097170 23.479308 -30.060118 -36.668913 -45.169815 -38.053011 -4.153508 -3.754155 11.464927 1.192062 1.725533 15.092045 18.696524 9.092794 -37.796219 -32.632447 -56.993915 -41.231082 -4.232332 44.742086 -4.814608 28.574032 -8.492310 49.784564 -26.091634 7.827742 -39.594749 -70.505632 -61.062080 -85.691939 -1.694367 52.051292 7.856281 0.625692 -10.466997 38.599158 -3.690589 2.606769 -38.344621
0.127500 0.102765 0.222730 -7.981318 41.038550 33.788526 -0.000000 -0.000000 0.000000 -0.000000 -0.000000 0.000000 -0.000000 -0.000000 0.000000 6.458355 -15.186232 -20.751043 0.000000 -0.000000 0.000000 -35.447308 -46.503162 -50.699921 0.238051 -27.512168 5.279314 4.091381 13.480317 20.788662 14.275190 24.946176 -29.254166 -39.821583 -45.320297 -41.587107 -4.319628 -3.389408 12.148261 1.530964 2.056933 16.172421 18.712498 7.999545 -39.448306 -37.680334 -57.828208 -46.348230 -2.066903 45.587823 -6.630491 28.422004 -9.717657 51.568032 -26.013102 9.971056 -40.026928 -70.100973 -59.571130 -82.091807 5.120314 50.449942 0.096138 1.297226 -10.631519 43.147280 -5.234238 3.800006 -42.414354
0.132259 0.102355 0.229169 -8.561168 42.170375 35.728899 0.000000 -0.000000 0.000000 0.000000 -0.000000 0.000000 0.000000 -0.000000 0.000000 6.642000 -15.732452 -21.445759 -0.000000 -0.000000 -0.000000 -35.875384 -46.204304 -52.220654 -0.226244 -27.989459 5.013929 3.892485 11.594643 20.723984 14.580040 26.113250 -29.018964 -42.701724 -45.646603 -44.806547 -4.546026 -3.049675 12.743690 1.602919 2.021783 17.075253 19.201863 7.699187 -40.894202 -42.008974 -58.294645 -50.409627 1.811345 44.243378 -9.848182 23.477594 -9.243971 49.395682 -24.005744 8.696884 -39.282079 -63.956727 -57.379646 -70.129132 17.823131 41.105805 -13.628149 0.003866 -6.533793 49.479916 -8.272860 5.669382 -47.802871
0.137155 0.101709 0.235934 -9.215073 43.124404 37.461434 -0.000000 -0.000000 -0.000000 -0.000000 -0.000000 -0.000000 -0.000000 -0.000000 -0.000000 7.077978 -15.926240 -21.964235 -0.000000 -0.000000 0.000000 -36.282761 -46.139824 -53.674339 -0.608810 -27.240344 5.527064 3.788264 8.439682 20.497924 15.234100 27.458651 -29.435202 -45.279432 -46.153374 -47.855245 -4.859041 -2.917564 13.323984 1.307626 1.251377 17.639515 20.379578 8.418703 -42.134937 -45.789062 -58.628954 -53.713878 5.843533 41.151334 -13.170811 15.242778 -5.536823 44.789100 -21.412281 3.829991 -38.090274 -57.663139 -54.405349 -58.355985 26.242724 28.625484 -22.652788 -3.463878 0.050795 55.507315 -11.668024 6.055994 -53.310695
0.142212 0.100774 0.242974 -9.883233 43.964040 38.915839 0.000000 0.000000 -0.000000 0.000000 0.000000 -0.000000 0.000000 0.000000 -0.000000 7.613616 -16.039496 -22.198804 -0.000000 -0.000000 -0.000000 -36.559175 -46.199385 -54.833594 -0.963638 -25.980591 6.417470 3.695133 4.434324 19.928152 16.140970 29.189474 -30.078126 -47.438259 -46.763620 -50.588713 -5.255584 -3.101027 13.937319 0.798907 0.023079 17.798562 21.999868 9.837866 -43.131502 -48.964556 -58.903224 -56.285834 9.121345 36.528770 -15.775626 6.581514 1.886640 40.360812 -19.629812 -2.883478 -37.069001 -56.309590 -52.826945 -55.008110 29.898924 22.234583 -25.849359 -7.067584 5.140848 60.125968 -14.254060 5.221650 -57.888206
0.147453 0.099524 0.250252 -10.419587 44.665102 39.946320 0.000000 -0.000000 0.000000 0.000000 -0.000000 0.000000 0.000000 -0.000000 0.000000 8.126621 -16.066629 -22.158216 0.000000 -0.000000 -0.000000 -36.458916 -46.157667 -55.301848 -1.299023 -24.926446 7.261247 3.528339 0.392152 18.905477 17.016131 31.111474 -30.468997 -48.999321 -47.351931 -52.707180 -5.661495 -3.793670 14.444165 0.247629 -1.170621 17.502555 23.715824 11.656757 -43.693875 -51.782650 -59.307969 -58.499306 11.668178 30.710725 -17.555051 -0.021910 10.859811 37.691888 -19.313197 -8.059745 -36.321144 -59.012597 -53.156167 -58.730449 30.845267 24.008266 -25.924257 -7.731671 5.449832 62.697633 -15.109186 5.400933 -60.622887
0.152906 0.097893 0.257701 -10.785765 45.217535 40.544377 -0.000000 -0.000000 0.000000 -0.000000 -0.000000 0.000000 -0.000000 -0.000000 0.000000 8.600968 -15.924112 -21.953743 -0.000000 0.000000 -0.000000 -35.791167 -45.820908 -54.845655 -1.594077 -24.344671 7.860064 3.280533 -3.261604 17.681486 17.761127 32.870459 -30.689620 -49.849838 -47.797149 -54.023754 -5.925956 -5.240435 14.452857 -0.448178 -2.292306 16.806056 25.563270 14.081647 -43.676053 -55.314116 -60.221522 -61.728900 13.647744 25.309014 -18.575596 -4.773862 19.414236 36.658607 -20.112057 -11.045922 -36.047627 -65.621450 -54.710656 -69.125727 28.316501 34.741004 -22.693722 -4.463469 0.314023 62.946545 -14.395103 6.049256 -61.133596
0.158578 0.095791 0.265187 -11.077772 45.648834 40.836807 -0.000000 0.000000 -0.000000 -0.000000 0.000000 -0.000000 -0.000000 0.000000 -0.000000 9.102467 -15.631389 -21.626778 0.000000 0.000000 0.000000 -34.499740 -45.124405 -53.495349 -1.859679 -23.955155 8.286283 2.971408 -6.605881 16.614132 18.422325 34.069555 -31.130937 -50.134527 -48.128270 -54.674055 -5.959649 -7.366328 13.683286 -1.522684 -3.698748 15.843512 27.796069 17.466216 -43.171836 -61.240440 -61.899397 -68.001351 14.973088 22.687986 -18.868146 -7.989437 26.238129 36.649260 -21.588256 -12.545963 -36.286654 -74.151524 -55.925332 -82.906833 19.624003 49.340168 -13.807611 0.024534 -7.042622 61.449043 -12.847696 5.105652 -60.003553
0.164433 0.093194 0.272528 -11.419345 46.001276 40.971061 0.000000 -0.000000 0.000000 0.000000 -0.000000 0.000000 0.000000 -0.000000 0.000000 9.694707 -15.327740 -21.090107 -0.000000 0.000000 -0.000000 -32.735248 -44.165726 -51.537764 -2.132444 -23.278528 8.768655 2.584478 -9.653714 15.714644 18.853041 34.308252 -31.797119 -50.193401 -48.521738 -55.032256 -5.843521 -9.643687 12.354238 -2.970565 -5.542152 14.628664 30.326106 21.646628 -42.374226 -70.882431 -63.913316 -78.682269 15.750934 23.510702 -18.708108 -10.121443 30.815967 37.211189 -23.114394 -13.032728 -36.866961 -79.430927 -56.296044 -92.013888 5.705561 58.503138 -0.315262 2.964838 -12.288895 58.711968 -11.328871 2.455359 -58.005600
0.170428 0.090181 0.279587 -11.837056 46.300989 41.046483 0.000000 -0.000000 0.000000 0.000000 -0.000000 0.000000 0.000000 -0.000000 0.000000 10.357785 -15.133273 -20.305383 0.000000 0.000000 0.000000 -30.802593 -43.116980 -49.391776 -2.448593 -22.073536 9.482576 2.135772 -12.056587 14.883309 18.794287 33.286265 -32.432229 -50.266770 -49.065513 -55.383295 -5.714827 -11.542838 10.958283 -4.533172 -7.524898 13.084897 32.673110 25.970142 -41.349393 -83.865099 -65.204730 -93.105345 16.157782 26.958337 -18.470885 -12.146120 33.624097 38.467755 -24.213726 -13.347368 -37.878024 -78.224055 -56.628162 -90.980377 -0.896294 59.334184 5.182002 3.069627 -13.305513 55.041356 -10.299555 -1.372765 -55.605816
0.176551 0.086900 0.286342 -12.213180 46.540358 41.044284 -0.000000 0.000000 0.000000 -0.000000 0.000000 0.000000 -0.000000 0.000000 0.000000 10.989419 -15.008432 -19.394128 0.000000 -0.000000 -0.000000 -28.936510 -42.069647 -47.313845 -2.825363 -20.438319 10.400369 1.738548 -13.419507 14.325107 18.198389 30.910818 -33.050884 -50.375463 -49.700893 -55.750743 -5.625863 -12.899562 9.743418 -5.971130 -9.226310 11.340838 34.401189 29.856766 -40.052323 -97.268945 -65.084092 -107.996206 16.041872 32.168102 -18.173994 -14.235145 35.278555 40.304568 -24.988093 -14.367073 -39.419068 -72.301047 -56.731337 -82.456213 2.583363 55.125125 0.192341 0.189910 -10.084246 51.493835 -9.790795 -6.622834 -53.699955
0.182813 0.083529 0.292866 -12.365293 46.694859 40.762681 -0.000000 0.000000 -0.000000 -0.000000 0.000000 -0.000000 -0.000000 0.000000 -0.000000 11.491927 -14.760194 -18.489473 0.000000 -0.000000 0.000000 -27.179137 -40.995696 -45.205642 -3.220834 -18.672406 11.323030 1.504085 -13.580357 14.298147 17.179340 27.354857 -33.798392 -50.418321 -50.460008 -55.986083 -5.571055 -13.797297 8.648525 -7.213398 -10.487261 9.646229 35.408600 33.187380 -38.417386 -107.766981 -64.062213 -119.787334 14.732062 38.630947 -17.160292 -14.439749 34.801259 41.415891 -25.418314 -15.179644 -40.677019 -66.454070 -56.429165 -73.950516 5.832720 50.267469 -4.523098 -3.236512 -5.995633 49.322636 -9.190165 -11.798322 -52.771113
0.189194 0.080230 0.299256 -12.212472 46.766839 39.963785 0.000000 0.000000 -0.000000 0.000000 0.000000 -0.000000 0.000000 0.000000 -0.000000 11.847128 -14.181453 -17.637616 0.000000 -0.000000 -0.000000 -25.520404 -39.886506 -42.844646 -3.541120 -17.052036 12.085153 1.453309 -12.593355 14.730245 15.831230 22.982428 -34.642420 -50.239847 -51.490351 -55.890292 -5.539662 -14.556725 7.446524 -8.437974 -11.447732 7.783924 35.836934 36.538739 -36.110706 -114.403687 -63.272216 -127.417845 11.676768 45.403640 -14.661904 -12.154869 31.530163 41.176554 -24.934682 -14.999156 -40.883886 -62.583744 -56.356326 -68.355755 6.359197 47.344556 -6.228369 -4.859192 -3.511267 48.319478 -8.677121 -15.040912 -52.324117
0.195636 0.077101 0.305570 -11.894225 46.809983 38.698742 -0.000000 -0.000000 -0.000000 -0.000000 -0.000000 -0.000000 -0.000000 -0.000000 -0.000000 12.104418 -13.213303 -16.946026 0.000000 -0.000000 0.000000 -24.052245 -38.866006 -40.293342 -3.735527 -15.633187 12.728701 1.555628 -10.703869 15.401390 14.266877 18.165996 -35.576025 -49.707204 -52.770472 -55.341836 -5.502028 -15.770343 5.773003 -10.095831 -12.365149 4.761646 35.647639 41.101362 -32.165109 -118.215060 -63.257199 -132.054925 6.579558 51.713326 -10.172293 -8.845011 26.005664 39.822791 -23.079838 -14.403967 -39.739299 -59.745229 -56.688701 -64.275066 5.761580 46.048668 -6.567244 -4.377428 -2.875646 47.525633 -8.475880 -16.102106 -51.661130
0.202071 0.074169 0.311823 -11.643757 46.898916 37.273873 -0.000000 -0.000000 -0.000000 -0.000000 -0.000000 -0.000000 -0.000000 -0.000000 -0.000000 12.309206 -11.989969 -16.566892 -0.000000 0.000000 -0.000000 -22.870562 -38.094073 -37.829143 -3.836863 -14.263438 13.406785 1.740912 -8.426457 16.182856 12.654664 13.281663 -36.727016 -48.864703 -54.121378 -54.426633 -5.442325 -17.730885 3.403905 -12.561076 -13.211070 -0.386519 33.848597 47.489071 -25.064806 -120.681315 -63.740490 -135.467626 -0.714170 57.021363 -3.370017 -5.690771 19.712197 37.376947 -20.247320 -14.070296 -37.232049 -57.193708 -57.241496 -60.601871 4.986891 45.710671 -6.603144 -2.105615 -3.967920 45.851661 -8.336378 -15.326297 -49.794864
0.208440 0.071433 0.318000 -11.537306 47.073471 35.891739 -0.000000 -0.000000 -0.000000 -0.000000 -0.000000 -0.000000 -0.000000 -0.000000 -0.000000 12.439736 -10.791937 -16.423549 0.000000 0.000000 -0.000000 -21.964478 -37.619625 -35.608777 -3.908733 -12.789728 14.197519 1.902248 -6.464483 16.913000 11.173060 8.839034 -38.078852 -47.965000 -55.522788 -53.450410 -5.417057 -19.877302 0.707281 -15.351047 -13.309891 -6.872927 28.548985 53.957280 -13.895354 -122.695822 -64.379456 -138.572484 -10.427941 61.035122 5.953679 -2.023363 13.979668 34.036076 -17.903131 -13.824921 -33.892853 -55.064220 -57.962278 -57.528131 3.836967 46.340230 -6.173134 2.201915 -6.955015 42.625272 -8.250304 -12.693309 -45.866669
0.214691 0.068903 0.324094 -11.480099 47.324528 34.614326 -0.000000 -0.000000 -0.000000 -0.000000 -0.000000 -0.000000 -0.000000 -0.000000 -0.000000 12.428728 -9.959268 -16.228225 -0.000000 0.000000 -0.000000 -21.307354 -37.494640 -33.772977 -4.047462 -11.143079 15.141463 1.974497 -5.296970 17.379570 9.963657 5.311885 -39.385560 -47.283904 -57.067806 -52.787598 -5.464182 -21.208473 -1.411722 -17.075055 -12.171829 -11.923639 20.668472 57.246599 -1.639783 -124.226599 -65.183048 -140.927050 -20.824725 63.242021 15.967816 2.077600 9.410246 30.796453 -16.634853 -13.437328 -30.643261 -53.551181 -58.796031 -55.265263 2.383939 47.625713 -5.299805 7.130043 -10.947076 38.841020 -8.327832 -9.396629 -40.947846
0.220769 0.066597 0.330125 -11.417490 47.635707 33.593802 0.000000 0.000000 0.000000 0.000000 0.000000 0.000000 0.000000 0.000000 0.000000 12.265952 -9.718753 -15.845785 0.000000 -0.000000 -0.000000 -20.917389 -37.940094 -32.667636 -4.390679 -9.308789 16.301631 1.984188 -4.806176 17.510684 9.055918 2.812788 -40.363300 -46.944245 -58.632531 -52.666531 -5.527954 -21.130338 -2.174205 -16.787485 -10.166008 -13.373261 15.561001 56.232498 4.854396 -124.676262 -66.269806 -141.462414 -27.081204 63.593420 21.852076 5.000929 6.646763 28.368956 -15.893146 -13.271251 -28.160951 -52.689621 -59.539726 -53.719626 1.863344 48.545959 -5.054848 9.554792 -13.313688 36.158861 -8.348866 -7.920067 -37.581863
0.226612 0.064516 0.336112 -11.440373 48.016356 33.054416 0.000000 -0.000000 -0.000000 0.000000 -0.000000 -0.000000 0.000000 -0.000000 -0.000000 12.041256 -10.059653 -15.399966 -0.000000 -0.000000 -0.000000 -20.776640 -39.091372 -32.545805 -4.990962 -7.453222 17.599931 1.995063 -4.558398 17.386982 8.400134 1.195811 -40.830647 -46.856900 -59.877943 -53.012760 -5.548917 -19.702864 -1.457851 -14.592612 -7.703790 -11.028137 15.421356 51.781114 3.096862 -123.653063 -67.516764 -139.769591 -26.977564 62.843854 21.430079 6.605613 6.470637 27.515219 -16.364104 -13.594947 -27.477581 -52.607208 -60.074642 -53.026130 3.492504 48.214332 -6.475823 8.626175 -12.734001 34.989464 -8.359647 -8.541260 -36.571383
0.232155 0.062630 0.342045 -11.691405 48.485220 33.092099 -0.000000 0.000000 -0.000000 -0.000000 0.000000 -0.000000 -0.000000 0.000000 -0.000000 11.883825 -10.811830 -15.008981 0.000000 -0.000000 0.000000 -20.753164 -40.634294 -33.163516 -5.704203 -6.098373 18.701574 2.009880 -4.465083 17.171303 8.078542 0.516515 -40.845711 -46.783226 -60.561730 -53.513746 -5.527857 -17.485605 0.144207 -11.384294 -4.930935 -6.223388 17.332195 44.980580 -3.154020 -121.521000 -68.580219 -136.677850 -23.865553 61.679071 18.017863 8.042379 8.730317 29.053834 -18.980268 -14.444347 -29.636705 -53.439128 -60.495678 -53.517610 6.821243 46.512877 -9.135483 5.130712 -9.308837 35.637318 -8.726149 -10.667737 -37.930006
0.237355 0.060896 0.347910 -12.218941 49.018748 33.625074 -0.000000 -0.000000 -0.000000 -0.000000 -0.000000 -0.000000 -0.000000 -0.000000 -0.000000 11.896239 -11.720070 -14.677907 0.000000 0.000000 0.000000 -20.630808 -42.001258 -33.961939 -6.315135 -5.970181 19.265288 1.989282 -4.805747 17.084108 8.351017 1.130305 -40.752567 -46.504702 -60.618961 -53.819471 -5.452706 -15.163012 1.839444 -8.415948 -2.376067 -1.367794 18.426947 37.736295 -9.240273 -119.107399 -69.218159 -133.503799 -21.423118 60.711115 15.252199 8.956118 11.924230 32.611683 -22.453278 -15.644849 -34.146730 -55.003128 -60.873768 -55.086056 10.727854 43.654752 -12.093823 -0.550079 -3.145927 39.180900 -9.904295 -14.374706 -42.476918
0.242226 0.059267 0.353719 -12.882623 49.520200 34.432042 -0.000000 0.000000 0.000000 -0.000000 0.000000 0.000000 -0.000000 0.000000 0.000000 12.114430 -12.375332 -14.461988 0.000000 -0.000000 -0.000000 -20.312744 -42.849768 -34.564570 -6.704203 -7.529117 19.215619 1.980791 -5.619896 17.244359 9.380410 3.236175 -40.866732 -45.945459 -60.040035 -53.658171 -5.273611 -13.039746 3.265291 -6.356593 -0.939322 1.625690 18.375082 31.945750 -13.232290 -116.762382 -69.490136 -130.734995 -20.852698 60.356543 14.308750 8.171432 13.432672 36.383472 -23.874925 -16.925752 -38.491177 -56.821534 -61.132479 -57.077338 14.502187 39.851758 -14.838593 -6.830640 3.441093 44.936076 -11.816062 -17.493475 -48.744853
0.246834 0.057698 0.359510 -13.418148 49.875653 35.210118 -0.000000 -0.000000 -0.000000 -0.000000 -0.000000 -0.000000 -0.000000 -0.000000 -0.000000 12.493881 -12.372631 -14.468218 -0.000000 -0.000000 -0.000000 -19.949977 -43.118026 -34.895116 -6.777683 -10.627074 18.536831 2.079967 -6.543982 17.524347 10.999085 6.552636 -41.052842 -45.261309 -58.964362 -53.031655 -5.020672 -10.813948 4.633111 -5.042752 -0.997949 2.559186 17.887391 27.907165 -15.563870 -114.113424 -69.647083 -127.821274 -21.376970 60.401824 14.436118 6.545923 12.687723 39.427795 -23.202586 -17.840882 -41.551271 -58.677721 -61.269923 -59.148072 17.598205 35.744644 -16.963056 -10.788587 7.593210 50.476673 -13.432693 -17.044633 -53.701803
0.251259 0.056154 0.365319 -13.644404 50.054517 35.702014 0.000000 0.000000 0.000000 0.000000 0.000000 0.000000 0.000000 0.000000 0.000000 12.933741 -11.708804 -14.623583 0.000000 0.000000 -0.000000 -19.745611 -42.872727 -34.956608 -6.420271 -14.670982 17.006658 2.261087 -7.284854 17.654528 12.811799 10.649305 -40.718814 -44.773743 -57.830372 -52.297255 -4.853487 -8.018341 6.279457 -4.055523 -2.058463 2.489453 17.381870 24.716236 -17.380131 -110.776010 -69.905554 -124.162153 -21.377547 60.196578 14.120392 4.887235 10.691130 41.501294 -21.373530 -18.040247 -43.334417 -61.111513 -61.527587 -62.039509 19.487710 32.730831 -17.987134 -11.401001 8.957796 54.836368 -14.088458 -13.213947 -56.826252
0.255570 0.054619 0.371179 -13.566204 50.122758 35.796957 0.000000 0.000000 0.000000 0.000000 0.000000 0.000000 0.000000 0.000000 0.000000 13.320634 -10.791250 -14.651038 0.000000 -0.000000 -0.000000 -19.766872 -42.383149 -34.798922 -5.659701 -19.016422 14.432146 2.387823 -7.853453 17.375030 14.419998 15.350272 -39.199954 -44.639474 -57.094842 -51.765356 -4.914200 -4.689086 8.198441 -3.102458 -3.207521 2.553818 16.859922 21.519521 -19.358745 -106.763263 -70.342883 -119.684859 -20.080018 59.449588 12.638130 3.766873 8.390082 42.643206 -19.341028 -17.359099 -44.043818 -65.082880 -62.164031 -67.066101 20.023809 32.023923 -17.671189 -9.521573 8.358947 58.375263 -13.869689 -7.721733 -59.101345
0.259815 0.053074 0.377119 -13.255018 50.157705 35.472312 -0.000000 0.000000 -0.000000 -0.000000 0.000000 -0.000000 -0.000000 0.000000 -0.000000 13.568434 -9.976050 -14.339516 0.000000 0.000000 0.000000 -20.027301 -42.096754 -34.586834 -4.709654 -22.980067 11.083549 2.363011 -8.134685 16.475126 15.332922 20.253337 -36.112356 -44.685728 -56.882095 -51.362010 -5.198073 -1.374111 10.111159 -2.092254 -3.793291 3.241753 16.219364 18.115106 -21.540325 -102.088022 -70.971048 -114.377498 -17.727226 58.244790 10.194867 3.547254 6.822437 43.120821 -18.266346 -16.263427 -44.136494 -71.053630 -63.091722 -74.771320 19.388287 33.780067 -16.087399 -6.413583 6.819319 61.305407 -13.181990 -2.147197 -61.096020
0.264030 0.051474 0.383165 -12.701617 50.183568 34.672204 -0.000000 0.000000 0.000000 -0.000000 0.000000 0.000000 -0.000000 0.000000 0.000000 13.615395 -9.339036 -13.659856 -0.000000 0.000000 -0.000000 -20.556913 -42.291468 -34.430020 -3.732850 -25.577594 7.601763 2.141022 -7.768623 15.206299 15.018392 24.077886 -31.732688 -44.545743 -57.021512 -50.702701 -5.571515 1.336896 11.707466 -1.082269 -3.629172 4.553213 15.456856 14.712200 -23.752039 -96.385587 -71.784130 -107.814984 -14.808951 56.669534 7.219206 3.857710 6.276988 43.080547 -18.200322 -15.412157 -43.848689 -78.612187 -63.968564 -84.480409 17.728741 37.534570 -13.405083 -3.236753 5.200009 63.183822 -12.589661 2.097632 -62.484604
0.268228 0.049769 0.389330 -11.808969 50.174812 33.316927 -0.000000 0.000000 0.000000 -0.000000 0.000000 0.000000 -0.000000 0.000000 0.000000 13.404477 -8.829144 -12.657683 0.000000 0.000000 -0.000000 -21.286593 -42.909070 -34.250351 -2.763108 -25.927940 4.716931 1.748728 -6.877765 14.278872 13.644714 25.593515 -27.263682 -43.887717 -57.240999 -49.374671 -5.850408 3.078790 12.712927 -0.185615 -2.782473 6.292518 14.616806 11.591422 -25.756921 -89.345384 -72.665124 -99.671801 -12.290893 54.964074 4.599868 4.476679 5.489757 42.345483 -17.968646 -14.592754 -42.833214 -86.647038 -64.545623 -94.640505 14.895582 42.818525 -9.655907 -0.142058 3.346707 63.589209 -12.475983 4.739162 -62.626603
0.272366 0.047941 0.395577 -10.491243 50.076959 31.432944 -0.000000 -0.000000 0.000000 -0.000000 -0.000000 0.000000 -0.000000 -0.000000 0.000000 12.928387 -8.328890 -11.447844 0.000000 0.000000 -0.000000 -21.998348 -43.803101 -33.965049 -1.959959 -24.293595 3.063648 1.338577 -6.064813 14.125635 12.209740 25.126969 -24.220629 -42.610094 -57.271316 -47.229377 -5.904247 3.763417 12.982044 0.489717 -1.477781 8.106017 13.758279 9.028351 -27.243253 -81.504556 -73.378853 -90.624788 -11.598804 53.804156 3.657568 5.704889 2.926087 40.700336 -16.580398 -13.274681 -40.667086 -93.764670 -64.838609 -103.371817 10.556189 49.004275 -4.729729 3.418452 0.637380 62.977047 -12.856096 6.537022 -61.685318
0.276329 0.046022 0.401812 -8.788602 49.837199 29.223466 -0.000000 -0.000000 -0.000000 -0.000000 -0.000000 -0.000000 -0.000000 -0.000000 -0.000000 12.281068 -7.606264 -10.258937 0.000000 -0.000000 0.000000 -22.472735 -44.926685 -33.650161 -1.674247 -22.572928 2.699145 1.154897 -5.324731 14.888199 11.638901 24.387613 -23.379176 -40.926455 -56.959188 -44.531735 -5.748456 3.648135 12.644227 0.870448 -0.154236 9.566747 12.992449 7.257542 -27.982633 -74.204363 -73.783254 -82.213988 -13.493092 53.831353 5.093191 7.027032 -2.400074 37.753831 -13.074526 -11.370395 -36.967236 -98.834890 -65.073365 -109.163738 4.741024 55.072277 1.247215 7.203626 -2.767304 62.098787 -13.575367 7.716880 -60.294021
0.279976 0.044071 0.407893 -6.916536 49.458217 27.018330 -0.000000 -0.000000 -0.000000 -0.000000 -0.000000 -0.000000 -0.000000 -0.000000 -0.000000 11.614060 -6.502420 -9.315604 -0.000000 0.000000 -0.000000 -22.647958 -46.218402 -33.444590 -1.985006 -22.285041 3.175379 1.301106 -4.751019 16.382985 12.240141 24.976987 -24.403553 -39.202634 -56.299478 -41.768073 -5.475474 3.180482 11.990675 0.937897 0.655949 10.353971 12.446147 6.404532 -27.940043 -68.641086 -73.941334 -75.735298 -17.493585 54.969510 8.494093 6.573572 -10.175944 32.726404 -6.615910 -9.269185 -31.600988 -101.585341 -65.427310 -111.768197 -1.913148 60.146041 7.746088 10.311301 -5.984066 61.432435 -14.489327 7.925273 -59.086009
0.283211 0.042143 0.413681 -5.168940 49.013931 25.151812 -0.000000 -0.000000 -0.000000 -0.000000 -0.000000 -0.000000 -0.000000 -0.000000 -0.000000 11.049220 -5.177911 -8.677124 0.000000 0.000000 -0.000000 -22.607714 -47.520769 -33.435737 -2.591279 -23.380215 3.947550 1.704827 -4.820373 18.014409 13.780055 27.302195 -26.287047 -37.694563 -55.286741 -39.299834 -5.115663 2.599784 11.213768 0.738396 0.641817 10.342121 12.176646 6.452868 -27.212362 -65.182895 -73.974562 -71.555084 -22.494146 56.684557 12.879473 4.047676 -17.831891 26.466542 0.829303 -7.346113 -26.256216 -102.450071 -65.850148 -112.004140 -8.570129 63.919261 14.115310 12.193958 -8.095476 61.210269 -15.657392 6.990384 -58.610162
0.286026 0.040262 0.419090 -3.730867 48.579371 23.810042 0.000000 -0.000000 0.000000 0.000000 -0.000000 0.000000 0.000000 -0.000000 0.000000 10.638333 -3.988436 -8.218166 0.000000 -0.000000 -0.000000 -22.487240 -48.686236 -33.667116 -3.222441 -25.811558 4.556156 2.293414 -4.932198 19.272211 15.754072 30.769235 -28.087903 -36.466553 -53.851739 -37.239029 -4.646026 1.788556 10.356654 0.369088 -0.080618 9.624247 12.140777 7.233625 -25.976688 -63.219399 -73.880516 -69.005075 -27.158445 58.437613 17.024367 2.307156 -22.723035 22.712039 5.210489 -6.260770 -23.713998 -101.881120 -66.217069 -110.585093 -14.213853 66.479950 19.431562 12.839313 -8.748232 61.445458 -17.169268 5.116971 -59.068755
0.288468 0.038427 0.424091 -2.619640 48.169192 22.965692 0.000000 -0.000000 -0.000000 0.000000 -0.000000 -0.000000 0.000000 -0.000000 -0.000000 10.392182 -3.133509 -7.747896 -0.000000 -0.000000 0.000000 -22.439930 -49.624694 -34.122782 -3.725630 -29.373402 4.854188 2.967934 -3.954949 20.095448 17.572788 34.157159 -29.403357 -35.470383 -52.057117 -35.568166 -4.118498 0.614327 9.493546 -0.055580 -1.106550 8.503286 12.243747 8.430740 -24.531013 -61.314615 -73.512198 -66.525536 -29.666084 59.739783 19.206269 2.949798 -24.581075 23.375207 5.351608 -6.313223 -24.414668 -100.123289 -66.488484 -107.723956 -17.303524 68.112244 22.180343 12.586616 -8.315275 61.937855 -18.893969 2.940955 -60.136541
0.290597 0.036636 0.428678 -1.797010 47.777277 22.471672 -0.000000 -0.000000 -0.000000 -0.000000 -0.000000 -0.000000 -0.000000 -0.000000 -0.000000 10.317355 -2.560716 -7.156141 0.000000 -0.000000 0.000000 -22.560670 -50.239709 -34.657070 -4.015106 -32.642946 5.095184 3.550125 -2.040230 20.715889 18.801012 36.168582 -30.388016 -34.640934 -50.252009 -34.287733 -3.697002 -0.752872 8.825160 -0.430415 -2.027416 7.411508 12.415266 9.645420 -23.294704 -58.247144 -72.731246 -62.792707 -28.438880 60.150741 17.914134 5.021936 -23.956827 26.975223 2.526550 -6.869725 -26.965743 -97.553435 -66.679220 -103.801231 -16.997175 69.177058 21.560040 12.360906 -7.680665 62.569531 -20.585955 1.614822 -61.170064
0.292453 0.034916 0.432834 -1.242989 47.430907 22.188888 0.000000 -0.000000 0.000000 0.000000 -0.000000 0.000000 0.000000 -0.000000 0.000000 10.396722 -2.149489 -6.471846 -0.000000 0.000000 -0.000000 -22.725327 -50.425632 -34.994106 -4.121363 -34.414421 5.421511 3.934180 -0.298947 21.350941 19.410943 36.504932 -31.305043 -33.937714 -48.884085 -33.427558 -3.544586 -1.970907 8.558181 -0.689426 -2.627833 6.707560 12.649788 10.573819 -22.632135 -54.255038 -71.584911 -58.101702 -24.076278 59.401135 13.730676 7.045916 -21.564089 30.883301 -1.415833 -7.387478 -29.647248 -94.875561 -66.799461 -99.786453 -14.654656 69.968425 18.971653 13.029573 -7.656918 63.167148 -22.002577 1.777977 -61.533324
0.294069 0.033308 0.436544 -0.908042 47.162042 22.021292 0.000000 -0.000000 0.000000 0.000000 -0.000000 0.000000 0.000000 -0.000000 0.000000 10.564121 -1.836348 -5.795738 0.000000 -0.000000 -0.000000 -22.624162 -50.117261 -34.859819 -4.185052 -35.171310 5.520499 4.140908 0.622720 22.016890 19.701883 36.118574 -32.121330 -33.351383 -48.181123 -32.974381 -3.709279 -2.818267 8.750758 -0.854916 -2.982119 6.442947 12.993516 11.219842 -22.600135 -50.566712 -70.355889 -53.824963 -18.899655 57.661804 8.896569 8.350192 -17.875108 33.444835 -5.360012 -8.159853 -31.412478 -92.697969 -66.866642 -96.595446 -12.636630 70.695569 16.779403 14.290849 -8.182642 63.260396 -23.118788 2.480180 -60.981924
0.295510 0.031843 0.439825 -0.703209 46.966198 21.918505 -0.000000 -0.000000 -0.000000 -0.000000 -0.000000 -0.000000 -0.000000 -0.000000 -0.000000 10.744141 -1.582538 -5.228617 0.000000 -0.000000 0.000000 -22.070781 -49.285973 -34.163265 -4.317823 -35.847896 5.055186 4.212783 0.244065 22.454367 20.067066 36.388939 -32.612861 -32.910155 -48.051617 -32.852431 -4.098977 -3.291497 9.266520 -1.044585 -3.399386 6.339672 13.506690 11.904747 -22.903143 -48.004858 -69.359492 -50.828723 -14.433032 55.420146 4.854048 8.895105 -13.022643 34.298568 -9.046481 -9.708225 -32.110902 -90.993568 -66.897469 -94.267519 -11.961453 71.338861 15.969847 15.175407 -8.426699 62.462555 -24.205219 2.253702 -59.807856
0.296892 0.030513 0.442746 -0.579926 46.830824 21.893463 0.000000 0.000000 -0.000000 0.000000 0.000000 -0.000000 0.000000 0.000000 -0.000000 10.900525 -1.321585 -4.905853 0.000000 0.000000 0.000000 -21.216946 -47.970004 -33.078273 -4.524431 -36.820614 3.925197 4.192425 -1.464506 22.518204 20.655510 37.835600 -32.679151 -32.666549 -48.238861 -32.974519 -4.537941 -3.541155 9.843475 -1.387619 -4.162231 6.037989 14.210687 12.993869 -23.125885 -46.772919 -68.771042 -49.287060 -10.683257 53.004674 1.599854 9.116910 -7.116888 34.003861 -12.831838 -11.889453 -32.201561 -89.203724 -66.885244 -92.069594 -11.612911 71.590435 15.488767 15.224269 -7.722015 60.851698 -25.466650 0.689172 -58.500647
0.298359 0.029279 0.445409 -0.567835 46.775195 22.001387 -0.000000 0.000000 0.000000 -0.000000 0.000000 0.000000 -0.000000 0.000000 0.000000 11.035394 -0.957911 -5.021538 0.000000 0.000000 -0.000000 -20.449058 -46.400559 -31.975175 -4.712807 -37.710817 2.432449 4.100346 -3.811795 22.330523 21.211438 39.662715 -32.424163 -32.652644 -48.524071 -33.283073 -4.859932 -3.789675 10.213687 -1.910105 -5.219408 5.413166 15.024184 14.559372 -23.019259 -47.007358 -68.717527 -49.407985 -7.242603 50.555933 -1.202097 9.178686 -0.834567 32.887635 -16.598043 -14.004809 -31.847107 -86.924597 -66.805236 -89.393776 -9.990024 71.178003 13.718004 14.487124 -5.777127 58.799810 -27.019564 -1.884483 -57.455788
0.300015 0.028097 0.447909 -0.724683 46.832420 22.278050 0.000000 -0.000000 -0.000000 0.000000 -0.000000 -0.000000 0.000000 -0.000000 -0.000000 11.182368 -0.412567 -5.684920 -0.000000 0.000000 -0.000000 -20.084638 -44.994004 -31.211284 -4.755538 -37.958077 1.176727 3.942260 -5.790239 22.063874 21.365716 40.662833 -32.026763 -32.846809 -48.806745 -33.731899 -4.972195 -4.255288 10.199733 -2.488347 -6.144782 4.725147 15.780564 16.274896 -22.645664 -48.993005 -69.306409 -51.672483 -4.158988 48.319923 -3.446205 8.537727 4.280926 30.751220 -18.966979 -15.359696 -30.500068 -84.338583 -66.646672 -86.353933 -6.900999 70.134468 10.466487 13.444928 -2.832302 56.902917 -28.912316 -4.737756 -56.922052
0.301885 0.026936 0.450311 -1.079397 47.002040 22.711390 0.000000 -0.000000 0.000000 0.000000 -0.000000 0.000000 0.000000 -0.000000 0.000000 11.408254 0.325370 -6.770574 0.000000 0.000000 0.000000 -20.180526 -44.087501 -30.938557 -4.603749 -37.397090 0.619155 3.738602 -6.664361 21.831073 20.985056 40.177630 -31.679387 -33.181909 -49.067576 -34.261672 -4.873806 -5.061319 9.770653 -2.947628 -6.499876 4.423996 16.377008 17.695954 -22.302390 -53.014150 -70.460504 -56.532963 -1.818012 46.684643 -4.778406 6.260851 6.749745 27.490813 -18.188667 -15.699008 -27.460316 -81.995718 -66.443653 -83.579830 -3.582141 68.808406 6.974159 12.974729 -0.026361 55.763268 -30.825633 -6.643515 -56.788873
0.303940 0.025788 0.452635 -1.606513 47.236243 23.252654 0.000000 0.000000 -0.000000 0.000000 0.000000 -0.000000 0.000000 0.000000 -0.000000 11.766207 1.179170 -7.987349 0.000000 0.000000 -0.000000 -20.580768 -43.718389 -31.077660 -4.327370 -36.252568 0.807294 3.540601 -6.375838 21.697267 20.246032 38.362786 -31.572223 -33.568743 -49.309809 -34.806178 -4.650363 -6.161887 9.070501 -3.227871 -6.250545 4.719647 16.874520 18.657480 -22.269119 -59.187420 -71.862675 -64.100630 -0.521526 45.968385 -5.007500 2.886492 6.915294 24.051176 -15.165993 -14.967922 -23.557508 -80.298731 -66.256907 -81.594883 -1.200095 67.665251 4.408400 13.616650 1.468634 55.598003 -32.261143 -6.782492 -56.744859
0.306123 0.024660 0.454871 -2.220924 47.473513 23.822996 -0.000000 0.000000 0.000000 -0.000000 0.000000 0.000000 -0.000000 0.000000 0.000000 12.220645 1.985680 -9.056758 0.000000 0.000000 0.000000 -21.066280 -43.698980 -31.424535 -4.031127 -34.806605 1.502615 3.390998 -5.620395 21.623852 19.484312 36.018337 -31.782869 -33.917747 -49.547480 -35.311192 -4.442751 -7.346942 8.389430 -3.382513 -5.724907 5.434553 17.396790 19.274005 -22.645297 -67.308940 -73.121335 -73.959673 -0.365282 46.277305 -4.193328 -0.544680 6.102582 21.311275 -11.715097 -13.766522 -20.161383 -79.238084 -66.125105 -80.428625 -0.080165 66.969735 3.095925 15.055365 1.638179 56.182435 -33.115498 -5.621582 -56.721108
0.308377 0.023566 0.456999 -2.837683 47.691539 24.359490 0.000000 -0.000000 -0.000000 0.000000 -0.000000 -0.000000 0.000000 -0.000000 -0.000000 12.668375 2.535805 -9.811086 0.000000 -0.000000 0.000000 -21.476581 -43.830523 -31.797828 -3.786893 -33.220067 2.456899 3.288941 -5.315278 21.488530 18.990358 34.028524 -32.267318 -34.180122 -49.842583 -35.786938 -4.382926 -8.344686 8.035492 -3.448669 -5.232716 6.271440 17.985146 19.643722 -23.395243 -76.717377 -73.954880 -85.131431 -1.350241 47.519475 -2.500947 -3.406967 5.487664 19.748295 -8.845132 -13.101336 -18.159160 -78.567845 -66.047216 -79.796128 0.018124 66.673929 2.799994 16.457069 1.317184 56.981576 -33.616370 -4.422948 -56.829645
0.310675 0.022521 0.459026 -3.475812 47.927533 24.898449 0.000000 0.000000 0.000000 0.000000 0.000000 0.000000 0.000000 0.000000 0.000000 13.062365 2.694046 -10.229390 -0.000000 0.000000 0.000000 -21.763004 -44.002503 -32.130552 -3.619786 -31.551508 3.541319 3.208249 -5.885087 21.253800 18.873394 32.720569 -33.013280 -34.386960 -50.307465 -36.349193 -4.518681 -8.997359 8.130729 -3.445504 -4.896953 7.000390 18.596805 19.842361 -24.353000 -86.479348 -74.258728 -96.467117 -3.458100 49.464331 -0.043151 -5.025035 5.774298 19.748745 -7.362481 -13.574388 -18.087937 -78.129570 -66.000948 -79.529329 -0.568844 66.586503 3.188145 17.165476 1.223543 57.483383 -33.973198 -4.159669 -57.117906
0.313046 0.021529 0.461004 -4.234330 48.223089 25.531739 0.000000 -0.000000 0.000000 0.000000 -0.000000 0.000000 0.000000 -0.000000 0.000000 13.452617 2.519907 -10.434817 0.000000 0.000000 0.000000 -21.946371 -44.130134 -32.402053 -3.512035 -29.838316 4.689136 3.129000 -7.127333 21.050314 19.065784 31.796872 -34.108834 -34.618524 -51.010860 -37.109164 -4.776640 -9.369909 8.495037 -3.460470 -4.779292 7.410221 19.198272 20.136720 -25.177239 -95.596710 -74.073571 -106.928555 -6.456937 51.722466 2.995138 -5.118317 6.780457 21.035573 -7.536520 -14.850686 -19.623973 -77.852066 -65.974291 -79.569202 -1.474616 66.524571 3.895952 17.134514 1.552283 57.550880 -34.296629 -4.904414 -57.525241
0.315571 0.020584 0.463029 -5.135565 48.553427 26.241501 0.000000 -0.000000 0.000000 0.000000 -0.000000 0.000000 0.000000 -0.000000 0.000000 13.882225 2.232382 -10.588424 -0.000000 -0.000000 -0.000000 -22.006742 -44.065273 -32.480516 -3.430085 -28.154610 5.828704 3.043267 -8.669288 21.044638 19.444159 30.827631 -35.645295 -34.918873 -51.914616 -38.009745 -5.019625 -9.628764 8.797979 -3.601652 -4.901991 7.378289 19.781760 20.825507 -25.545678 -103.061216 -73.601191 -115.493533 -9.677201 53.813508 6.073135 -4.546991 7.703188 22.578272 -8.331266 -16.152273 -21.523948 -77.468156 -65.987420 -79.545537 -2.081117 66.302583 4.300988 16.740198 2.106598 57.370038 -34.586800 -6.054046 -57.927281
0.318336 0.019667 0.465202 -6.079247 48.841626 26.874824 -0.000000 0.000000 -0.000000 -0.000000 0.000000 -0.000000 -0.000000 0.000000 -0.000000 14.318884 2.009846 -10.741240 -0.000000 0.000000 0.000000 -21.857423 -43.641848 -32.142940 -3.357736 -26.616264 6.901388 2.942196 -10.249968 21.283779 19.887063 29.577651 -37.592870 -35.254489 -52.936245 -38.857222 -5.159758 -9.851375 8.838990 -3.860538 -5.118804 7.038521 20.296420 21.857100 -25.434002 -108.238824 -73.179244 -121.462476 -12.337739 55.418253 8.500912 -4.008683 8.202079 23.811195 -8.979874 -17.145363 -23.055468 -76.493641 -66.076133 -78.765599 -1.758354 65.731175 3.752511 16.333815 2.622240 57.081085 -34.752804 -7.046767 -58.155374
0.321399 0.018758 0.467590 -6.971169 49.026672 27.313600 0.000000 0.000000 0.000000 0.000000 0.000000 0.000000 0.000000 0.000000 0.000000 14.709369 1.832233 -10.800330 -0.000000 -0.000000 -0.000000 -21.468534 -42.838503 -31.318853 -3.296930 -25.315420 7.904168 2.826751 -11.510029 21.712180 20.196332 27.861316 -39.755725 -35.552700 -53.976668 -39.479221 -5.179019 -10.082511 8.591437 -4.135035 -5.199726 6.643597 20.681126 22.951191 -25.036002 -111.168798 -73.069637 -124.889972 -14.275029 56.520030 10.143694 -3.489556 8.391488 24.650382 -9.460581 -17.926379 -24.135539 -74.590480 -66.240476 -76.786727 -0.604526 64.740648 2.307363 16.104692 2.935360 56.639285 -34.693721 -7.752330 -58.056948
0.324755 0.017852 0.470210 -7.792806 49.084919 27.554131 0.000000 -0.000000 -0.000000 0.000000 -0.000000 -0.000000 0.000000 -0.000000 -0.000000 15.027668 1.554918 -10.650477 -0.000000 0.000000 0.000000 -20.923736 -41.859126 -30.194402 -3.256152 -24.219478 8.896997 2.723289 -12.000247 22.228675 20.119297 25.517636 -41.826502 -35.720001 -54.877887 -39.750099 -5.059148 -10.533569 8.004103 -4.414087 -5.091925 6.234027 20.969832 24.122031 -24.411284 -112.322205 -73.318531 -126.391398 -15.994026 57.283055 11.519603 -2.684193 8.299524 25.061679 -9.897130 -18.564962 -24.774915 -71.871674 -66.444388 -73.839235 0.447786 63.532959 0.862974 16.174047 2.890462 55.997561 -34.328580 -8.279220 -57.584471
0.328341 0.016960 0.473019 -8.532533 49.012847 27.623893 -0.000000 -0.000000 -0.000000 -0.000000 -0.000000 -0.000000 -0.000000 -0.000000 -0.000000 15.254491 1.120468 -10.336142 0.000000 0.000000 0.000000 -20.325760 -41.021997 -29.049422 -3.251315 -23.167378 9.954231 2.659197 -11.644624 22.699161 19.587713 22.716254 -43.548343 -35.641317 -55.505447 -39.584123 -4.796106 -11.510053 6.962869 -4.805256 -4.899569 5.685390 21.244984 25.687496 -23.419603 -112.320970 -73.828388 -126.718701 -18.028378 57.897191 13.177025 -1.458170 7.842106 25.087352 -10.288279 -19.015871 -25.012860 -68.854391 -66.675063 -70.673404 0.429059 62.544155 0.404382 16.574823 2.301653 55.168848 -33.584320 -8.756669 -56.769159
0.332057 0.016099 0.475950 -9.163719 48.834459 27.566225 -0.000000 -0.000000 -0.000000 -0.000000 -0.000000 -0.000000 -0.000000 -0.000000 -0.000000 15.378355 0.636453 -10.090739 0.000000 0.000000 0.000000 -19.758875 -40.564464 -28.116626 -3.291807 -21.975406 11.102853 2.627989 -10.865834 23.009883 18.800982 19.943406 -44.838217 -35.267589 -55.902508 -39.077194 -4.483852 -13.065856 5.513174 -5.341097 -4.616656 5.041629 21.476430 27.692078 -22.008015 -111.816420 -74.441527 -126.554329 -20.574575 58.500210 15.323668 -0.009074 7.052120 24.910562 -10.535878 -19.315614 -25.004567 -66.169550 -66.947748 -68.113397 -1.123880 62.152585 1.459627 17.092045 1.180008 54.048201 -32.440919 -9.488309 -55.646433
0.335823 0.015275 0.478946 -9.689196 48.605305 27.484707 -0.000000 0.000000 0.000000 -0.000000 0.000000 0.000000 -0.000000 0.000000 0.000000 15.432810 0.264282 -10.124568 0.000000 -0.000000 0.000000 -19.335240 -40.497526 -27.536967 -3.344043 -20.613656 12.253542 2.607324 -10.073778 23.139930 17.981781 17.564449 -45.724887 -34.680718 -56.205229 -38.502227 -4.254271 -14.874266 3.938812 -5.913918 -4.164265 4.441465 21.509279 29.751486 -20.291132 -111.185486 -75.003884 -126.237514 -23.490291 59.104029 17.827827 1.338541 6.106363 24.709541 -10.541362 -19.603148 -24.922762 -64.254848 -67.248036 -66.663464 -4.220438 62.410062 4.097390 17.332095 -0.155596 52.485048 -30.974153 -10.894162 -54.312727
0.339584 0.014477 0.481972 -10.095516 48.366495 27.448991 -0.000000 0.000000 0.000000 -0.000000 0.000000 0.000000 -0.000000 0.000000 0.000000 15.473773 0.133661 -10.443993 0.000000 0.000000 -0.000000 -19.154440 -40.606629 -27.292396 -3.332731 -19.319459 13.182528 2.599490 -9.343248 23.147398 17.232374 15.691276 -46.234351 -33.998326 -56.400569 -38.004923 -4.122097 -16.540021 2.490093 -6.452809 -3.660832 3.778007 21.208417 31.569229 -18.298390 -110.186706 -75.471535 -125.416415 -26.219641 59.585327 20.146191 2.344895 5.158037 24.528355 -10.250116 -19.924214 -24.815897 -63.076767 -67.504824 -66.170263 -8.293358 62.984113 7.782098 17.012723 -1.331151 50.719929 -29.329541 -12.943195 -53.095530
0.343272 0.013693 0.484975 -10.304421 48.115983 27.403421 0.000000 0.000000 0.000000 0.000000 0.000000 0.000000 0.000000 0.000000 0.000000 15.515912 0.341689 -10.940769 0.000000 -0.000000 0.000000 -19.198118 -40.614674 -27.203992 -3.191313 -18.515456 13.600553 2.621399 -8.658334 23.113342 16.659347 14.483752 -46.355471 -33.281128 -56.326270 -37.480713 -3.990167 -17.891115 1.174327 -6.982506 -3.334963 2.854982 20.532659 33.127712 -15.960708 -108.148065 -75.923349 -123.246028 -27.894711 59.821543 21.420984 2.957454 4.260090 24.357444 -9.744642 -20.132095 -24.668605 -62.162893 -67.629536 -65.892057 -11.836427 63.362157 11.058433 16.005850 -2.192028 49.446862 -27.653590 -14.935677 -52.517593
0.346779 0.012927 0.487871 -10.301472 47.866416 27.305731 0.000000 -0.000000 -0.000000 0.000000 -0.000000 -0.000000 0.000000 -0.000000 -0.000000 15.551960 0.865453 -11.531423 -0.000000 0.000000 -0.000000 -19.353976 -40.382104 -27.101918 -2.889801 -18.558853 13.258613 2.664112 -8.143727 23.091317 16.419184 14.245449 -46.041842 -32.584694 -55.911430 -36.855210 -3.783813 -18.872640 -0.033168 -7.455496 -3.220356 1.793850 19.558609 34.281780 -13.489584 -104.754073 -76.387033 -119.348059 -27.966729 59.790054 21.120855 3.358020 3.471449 24.295014 -9.346506 -20.043327 -24.586013 -61.157106 -67.588830 -65.275535 -12.935764 63.176295 12.106369 14.302483 -2.824131 49.262050 -26.034441 -15.961010 -52.897305
0.349987 0.012199 0.490569 -10.240874 47.687404 27.258286 -0.000000 -0.000000 -0.000000 -0.000000 -0.000000 -0.000000 -0.000000 -0.000000 -0.000000 15.610702 1.481658 -12.131516 0.000000 0.000000 0.000000 -19.533012 -39.988644 -26.981726 -2.446752 -19.491091 12.096418 2.696020 -7.955633 23.041414 16.565551 15.139650 -45.228717 -31.999733 -55.263664 -36.253228 -3.503164 -19.409145 -0.984212 -7.745459 -3.235680 0.873842 18.514362 34.772687 -11.405576 -100.652375 -76.749945 -114.555976 -26.780307 59.542018 19.619631 3.830066 2.907333 24.505968 -9.417610 -19.660535 -24.763283 -60.170919 -67.431669 -64.465102 -10.781580 62.258060 10.184230 12.304732 -3.388932 50.260451 -24.566287 -15.349313 -54.021771
0.352823 0.011533 0.493014 -10.293124 47.633887 27.375068 -0.000000 0.000000 -0.000000 -0.000000 0.000000 -0.000000 -0.000000 0.000000 -0.000000 15.725367 1.940286 -12.644784 0.000000 0.000000 0.000000 -19.691257 -39.663370 -26.956747 -1.957899 -20.951565 10.384523 2.690114 -8.164524 22.807721 16.972414 17.001124 -43.901258 -31.575433 -54.506651 -35.789714 -3.172932 -19.592177 -1.614894 -7.874543 -3.442992 0.131723 17.652933 34.775713 -9.964421 -97.018374 -76.922845 -110.317426 -25.268640 59.197967 17.864577 4.519531 2.622579 25.031320 -10.024752 -19.166255 -25.269407 -59.444203 -67.240190 -63.830279 -6.264772 60.572595 6.153780 10.717620 -3.948126 52.144277 -23.379827 -12.960089 -55.391923
0.355293 0.010940 0.495212 -10.454681 47.668347 27.613734 0.000000 0.000000 0.000000 0.000000 0.000000 0.000000 0.000000 0.000000 0.000000 15.873410 2.200761 -13.043629 -0.000000 0.000000 -0.000000 -19.791099 -39.609073 -27.105724 -1.548833 -22.411560 8.585503 2.630997 -8.764183 22.260564 17.452634 19.475458 -42.159629 -31.278857 -53.684214 -35.416348 -2.811689 -19.749680 -2.143596 -8.022734 -3.934497 -0.478436 17.104666 34.828588 -9.005943 -94.325312 -76.955333 -107.190812 -24.079332 58.905621 16.478523 5.410076 2.601485 25.799806 -11.028325 -18.760577 -26.051258 -59.064760 -67.076256 -63.518946 -1.069801 58.367197 1.599569 9.927763 -4.513445 54.414698 -22.471814 -9.299976 -56.595988
0.357468 0.010404 0.497216 -10.583524 47.696273 27.829304 0.000000 -0.000000 -0.000000 0.000000 -0.000000 -0.000000 0.000000 -0.000000 -0.000000 15.998867 2.386149 -13.348904 -0.000000 -0.000000 -0.000000 -19.839913 -39.850735 -27.416323 -1.257818 -23.573684 6.960672 2.525652 -9.601890 21.497399 17.869285 22.200181 -40.186389 -31.052509 -52.833414 -35.046029 -2.460772 -20.089309 -2.729184 -8.234189 -4.553059 -0.720861 16.935241 35.076089 -8.552143 -92.010815 -76.940574 -104.488508 -23.192431 58.715204 15.400623 6.454790 2.883446 26.740112 -12.367061 -18.562642 -27.055959 -59.221643 -67.001106 -63.810474 3.222279 56.341342 -2.002025 10.103893 -5.367091 56.402194 -21.673382 -5.073409 -57.161959
0.359436 0.009896 0.499087 -10.542691 47.644545 27.916460 -0.000000 0.000000 0.000000 -0.000000 0.000000 0.000000 -0.000000 0.000000 0.000000 16.065940 2.605131 -13.552003 0.000000 0.000000 -0.000000 -19.929416 -40.269223 -27.853091 -1.031594 -24.428759 5.487772 2.415848 -10.300192 20.834341 18.111385 24.755008 -38.190094 -30.862429 -52.001980 -34.664336 -2.191414 -20.472335 -3.184564 -8.330222 -4.988953 -0.310766 17.167610 35.102145 -8.925457 -89.358239 -76.904660 -101.361414 -22.325769 58.558280 14.337057 7.545580 3.439444 27.678857 -13.895322 -18.549042 -28.107831 -60.367875 -67.084934 -65.396871 5.411073 55.499568 -3.534321 11.733624 -7.127273 57.598447 -20.925930 -0.536269 -56.561489
0.361252 0.009387 0.500852 -10.272482 47.494789 27.861084 0.000000 0.000000 -0.000000 0.000000 0.000000 -0.000000 0.000000 0.000000 -0.000000 16.073382 2.930822 -13.676585 0.000000 -0.000000 0.000000 -20.154446 -40.773461 -28.428843 -0.840574 -25.009725 4.161517 2.356645 -10.445325 20.603326 18.115731 26.671560 -36.426431 -30.697390 -51.194853 -34.304505 -2.054145 -20.688001 -3.240066 -8.171131 -5.075553 0.634440 17.665540 34.565232 -10.131810 -86.245699 -76.799225 -97.682559 -21.496245 58.369289 13.321024 8.264970 3.814378 28.165491 -14.840022 -18.594251 -28.677101 -62.973355 -67.329643 -68.980274 4.847840 56.487869 -2.381636 15.160011 -10.174660 58.209926 -20.360495 4.386908 -54.794748
0.362917 0.008873 0.502492 -9.808957 47.291255 27.720153 0.000000 0.000000 -0.000000 0.000000 0.000000 -0.000000 0.000000 0.000000 -0.000000 16.045832 3.426352 -13.834943 0.000000 0.000000 -0.000000 -20.502193 -41.386755 -29.177820 -0.739456 -25.331723 3.126449 2.370798 -9.938733 20.917522 17.963614 27.763117 -35.141429 -30.561630 -50.435526 -34.034118 -2.059664 -20.717480 -2.858845 -7.781459 -4.804827 1.816407 18.201826 33.497032 -11.793319 -83.151080 -76.578634 -93.996990 -21.120919 58.203803 12.759622 7.614861 3.023821 27.381001 -13.453710 -18.682065 -27.784741 -67.223116 -67.613949 -74.744443 1.620328 58.976774 1.419763 19.583670 -13.938455 58.913654 -20.063122 9.285074 -52.636027
0.364402 0.008363 0.503968 -9.269816 47.131340 27.580783 0.000000 0.000000 0.000000 0.000000 0.000000 0.000000 0.000000 0.000000 0.000000 16.013562 4.055858 -14.102585 0.000000 -0.000000 0.000000 -20.871811 -42.152420 -30.072222 -0.802377 -25.577518 2.469880 2.450221 -8.956486 21.623073 17.810523 28.257699 -34.394372 -30.462417 -49.844158 -33.950361 -2.205892 -20.598174 -2.115332 -7.216850 -4.204698 3.175751 18.669571 31.988231 -13.702664 -80.685793 -76.266235 -90.947352 -21.604725 58.198552 13.004075 4.781495 0.484277 24.627900 -8.438994 -18.775440 -24.742016 -72.897699 -67.757143 -82.228356 -3.517631 62.036561 7.184067 23.557016 -17.235134 60.017218 -20.022489 13.325055 -50.993251
0.365679 0.007876 0.505252 -8.770131 47.111062 27.500341 -0.000000 0.000000 -0.000000 -0.000000 0.000000 -0.000000 -0.000000 0.000000 -0.000000 15.976291 4.654604 -14.424255 -0.000000 0.000000 -0.000000 -21.179797 -43.023390 -31.001824 -1.056357 -26.100615 2.148257 2.592296 -7.547916 22.472638 17.718561 28.401457 -34.078286 -30.389181 -49.521743 -34.094245 -2.484194 -20.289330 -1.013901 -6.520596 -3.395832 4.693178 19.055878 30.092045 -15.839125 -79.058309 -75.925617 -88.728385 -22.696941 58.304389 13.799007 0.364772 -2.825975 20.280521 -1.066950 -18.559455 -20.288080 -79.194117 -67.621877 -90.211282 -9.514850 64.940097 13.801569 26.386809 -19.470794 61.346548 -20.198454 16.131055 -50.186104
0.366742 0.007433 0.506341 -8.333768 47.266115 27.455935 -0.000000 -0.000000 0.000000 -0.000000 -0.000000 0.000000 -0.000000 -0.000000 0.000000 15.886622 5.068295 -14.698904 -0.000000 0.000000 -0.000000 -21.381853 -43.883864 -31.816925 -1.495046 -27.188591 2.156804 2.809725 -5.575238 23.293683 17.670662 28.198078 -34.146277 -30.318281 -49.407970 -34.373031 -2.857353 -19.803958 0.390967 -5.774628 -2.608348 6.171327 19.343010 27.995576 -18.061383 -77.705926 -75.584698 -86.775151 -23.278276 58.091802 14.142904 -4.523362 -5.379264 15.484824 6.357499 -17.899775 -15.771112 -84.786933 -67.247170 -96.815292 -15.040706 67.361844 19.763044 28.084110 -20.807001 62.531182 -20.483308 17.675167 -49.993013
0.367597 0.007072 0.507258 -7.912792 47.576567 27.358205 0.000000 -0.000000 0.000000 0.000000 -0.000000 0.000000 0.000000 -0.000000 0.000000 15.681510 5.226980 -14.825395 -0.000000 0.000000 0.000000 -21.428931 -44.642947 -32.371008 -2.092310 -28.921995 2.534047 3.124312 -3.101492 23.985960 17.700816 27.705582 -34.627280 -30.246242 -49.365884 -34.618026 -3.254853 -19.241351 1.901824 -5.051602 -1.977772 7.505991 19.522207 25.879683 -20.219614 -75.224017 -75.200579 -83.656287 -21.995640 56.904489 12.820420 -6.583365 -5.734935 13.528573 9.187845 -17.398429 -13.971477 -88.662198 -66.874903 -100.603000 -18.194015 69.218143 23.063174 27.953875 -21.571926 62.575501 -20.450077 17.321611 -49.873981
0.368255 0.006851 0.508053 -7.479955 48.006712 27.135701 0.000000 -0.000000 0.000000 0.000000 -0.000000 0.000000 0.000000 -0.000000 0.000000 15.330844 5.057556 -14.643696 -0.000000 0.000000 -0.000000 -21.304895 -45.308985 -32.607286 -2.772052 -31.183837 3.171437 3.540360 -0.446272 24.497875 17.857620 27.190782 -35.409100 -30.204171 -49.327000 -34.713378 -3.601529 -18.608803 3.324774 -4.355292 -1.460524 8.781344 19.559217 23.708813 -22.288076 -69.855245 -74.600983 -77.442068 -18.493029 54.203277 9.439302 -7.244582 -4.943336 13.493729 9.479664 -16.896975 -13.851066 -90.824241 -66.712099 -101.681784 -17.195857 70.454013 22.031136 24.845140 -21.570390 60.330458 -19.758858 14.257920 -49.392402
0.368739 0.006838 0.508797 -7.061554 48.513595 26.799712 -0.000000 -0.000000 0.000000 -0.000000 -0.000000 0.000000 -0.000000 -0.000000 0.000000 14.866857 4.481931 -13.998617 -0.000000 -0.000000 -0.000000 -21.102590 -45.991851 -32.644168 -3.414445 -33.623203 3.866789 4.003264 2.211958 24.874278 18.048905 26.730764 -36.228690 -30.225155 -49.260622 -34.638138 -3.844765 -17.792019 4.575386 -3.668801 -1.013673 9.933504 19.344852 21.411511 -24.143259 -60.894182 -73.343893 -67.165026 -14.080557 49.964079 5.024598 -6.943818 -4.098776 14.435432 8.619619 -16.060214 -14.699168 -92.061638 -66.751933 -101.464178 -11.753986 70.815605 16.616762 19.344481 -19.769042 56.487366 -19.017315 9.275709 -48.896172
0.369095 0.007081 0.509565 -6.682329 49.036088 26.407023 -0.000000 -0.000000 0.000000 -0.000000 -0.000000 0.000000 -0.000000 -0.000000 0.000000 14.369217 3.557457 -12.909817 0.000000 0.000000 0.000000 -20.985807 -46.786413 -32.683852 -3.905439 -35.655840 4.579359 4.423154 4.917395 25.279760 18.062530 25.956463 -36.958094 -30.309675 -49.106125 -34.415882 -3.962769 -16.705960 5.638136 -3.014086 -0.730898 10.616476 18.786557 19.131775 -25.461589 -50.245401 -70.850922 -54.671991 -10.338674 44.683954 0.863625 -5.950819 -4.293844 15.247208 7.901487 -14.527818 -15.635522 -93.196633 -66.874592 -101.405945 -4.173411 70.117089 9.263954 13.088139 -16.091114 52.587849 -18.665698 3.806919 -48.569608
0.369384 0.007584 0.510423 -6.332871 49.509916 25.997178 0.000000 -0.000000 0.000000 0.000000 -0.000000 0.000000 0.000000 -0.000000 0.000000 13.915495 2.494903 -11.577834 -0.000000 0.000000 0.000000 -21.098119 -47.638913 -32.836994 -4.173432 -36.723243 5.395128 4.735602 7.623452 25.938374 17.768178 24.408772 -37.753593 -30.435688 -48.834141 -34.088731 -3.964687 -15.357220 6.514930 -2.435564 -0.756377 10.553984 17.930721 17.127552 -26.001932 -41.095573 -67.047361 -43.439204 -7.851351 38.925330 -2.474225 -4.174474 -5.853519 15.461801 7.488174 -12.022815 -16.204119 -94.538883 -66.993446 -102.046712 1.702189 68.917834 3.700119 7.463079 -11.840840 49.149643 -18.448944 -1.397911 -48.054852
0.369663 0.008315 0.511397 -6.007956 49.895412 25.600782 -0.000000 -0.000000 0.000000 -0.000000 -0.000000 0.000000 -0.000000 -0.000000 0.000000 13.551398 1.506786 -10.238659 0.000000 -0.000000 0.000000 -21.541972 -48.390336 -33.115001 -4.204185 -36.658176 6.246896 4.902037 10.137692 26.926021 17.173970 22.041040 -38.729645 -30.583553 -48.506942 -33.730840 -3.880704 -13.800638 7.208285 -1.966084 -1.125202 9.867196 16.934338 15.516835 -25.855641 -34.915763 -62.695429 -35.449040 -6.656323 33.298897 -4.724590 -2.304584 -8.568773 14.440889 7.815826 -8.509218 -15.734278 -95.905656 -67.085117 -103.076150 3.306887 68.402297 2.215252 4.049093 -9.499731 45.910961 -17.681074 -5.242750 -46.547286
0.369959 0.009213 0.512464 -5.728643 50.184048 25.259252 -0.000000 -0.000000 -0.000000 -0.000000 -0.000000 -0.000000 -0.000000 -0.000000 -0.000000 13.288666 0.718946 -9.092983 0.000000 0.000000 0.000000 -22.365608 -48.949389 -33.529893 -4.024139 -35.828534 6.843065 4.898313 12.253461 27.911626 16.375868 19.470329 -39.529715 -30.736110 -48.226069 -33.427526 -3.752442 -12.115573 7.736375 -1.607083 -1.714141 8.956550 15.945449 14.216526 -25.356216 -31.293291 -58.908878 -30.830577 -6.378341 28.226653 -5.823362 1.098839 -10.519999 14.471002 6.242186 -5.124269 -15.971077 -97.001133 -67.156557 -103.983236 -0.112233 69.221949 5.377723 3.836688 -11.455646 42.258449 -15.550432 -6.300718 -43.174542
0.370268 0.010203 0.513552 -5.503326 50.387986 24.984687 -0.000000 -0.000000 -0.000000 -0.000000 -0.000000 -0.000000 -0.000000 -0.000000 -0.000000 13.100551 0.194250 -8.293335 -0.000000 -0.000000 -0.000000 -23.492897 -49.359281 -34.081971 -3.684217 -34.797452 6.955687 4.770624 13.466202 28.146343 15.647462 17.894841 -39.458041 -30.873795 -48.066367 -33.220650 -3.631285 -10.392981 8.156184 -1.325567 -2.340115 8.147830 15.039400 13.081517 -24.811519 -29.294469 -56.440009 -28.974712 -6.328159 23.678284 -5.916326 7.091624 -9.709394 18.024206 0.769251 -2.804357 -18.827650 -97.618806 -67.234044 -104.384002 -8.784781 70.952813 13.410013 5.708092 -17.281354 38.114861 -12.068711 -5.095157 -38.494352
0.370579 0.011185 0.514577 -5.297275 50.525318 24.726142 -0.000000 -0.000000 -0.000000 -0.000000 -0.000000 -0.000000 -0.000000 -0.000000 -0.000000 12.934007 -0.058368 -7.875749 0.000000 0.000000 0.000000 -24.690856 -49.706310 -34.673191 -3.277977 -33.883121 6.648721 4.617364 13.108620 27.074901 15.310463 18.288999 -38.149468 -30.987055 -48.060480 -33.085270 -3.558758 -8.714954 8.529308 -1.097376 -2.915970 7.510403 14.252781 12.081063 -24.339117 -28.252452 -55.461113 -29.143204 -6.057771 19.715287 -5.171083 11.340714 -7.279614 21.349957 -4.149499 -0.926722 -21.599797 -97.607137 -67.368428 -103.976047 -21.210141 72.448047 24.966195 8.232250 -24.284870 34.284886 -8.454756 -3.065964 -34.084845
0.370883 0.012042 0.515453 -5.068474 50.609440 24.420206 -0.000000 0.000000 -0.000000 -0.000000 0.000000 -0.000000 -0.000000 0.000000 -0.000000 12.755042 -0.087461 -7.733338 0.000000 -0.000000 0.000000 -25.669557 -50.050195 -35.147102 -2.919972 -33.206601 6.112122 4.438366 11.326655 24.981486 15.337049 20.471798 -35.899696 -31.085992 -48.195487 -32.966592 -3.535229 -7.157210 8.861120 -0.948178 -3.503554 6.935213 13.633887 11.344392 -23.891083 -27.876604 -55.731372 -30.543831 -5.529726 16.733060 -3.882858 11.863622 -5.960609 21.533790 -5.618583 1.178054 -21.646988 -96.919535 -67.594641 -102.637337 -31.590690 73.007989 34.542456 10.220533 -30.098539 31.349837 -5.575798 -1.099513 -30.850611
0.371177 0.012641 0.516097 -4.826380 50.653677 24.070772 -0.000000 0.000000 -0.000000 -0.000000 0.000000 -0.000000 -0.000000 0.000000 -0.000000 12.578163 0.040738 -7.734310 -0.000000 -0.000000 -0.000000 -26.248886 -50.443680 -35.436319 -2.688333 -32.797091 5.507872 4.182809 9.183309 22.732893 15.399788 23.258950 -33.364919 -31.184338 -48.414331 -32.835357 -3.526115 -5.806414 9.112047 -0.909618 -4.183232 6.275461 13.208673 11.011165 -23.354249 -28.062323 -56.774782 -32.321677 -4.615128 14.845659 -2.747742 9.588252 -7.398344 17.947844 -4.144484 4.519227 -17.925704 -95.710314 -67.885811 -100.579936 -34.376259 73.082304 36.846165 12.283071 -32.697111 31.580843 -5.162867 0.435884 -30.328802
0.371464 0.012859 0.516434 -4.635052 50.682440 23.753283 -0.000000 -0.000000 -0.000000 -0.000000 -0.000000 -0.000000 -0.000000 -0.000000 -0.000000 12.442668 0.283972 -7.852169 0.000000 0.000000 -0.000000 -26.436754 -50.928008 -35.603357 -2.595678 -32.533088 5.006695 3.901398 7.662815 21.141946 15.311506 25.419836 -31.262866 -31.274050 -48.644774 -32.703456 -3.495837 -4.785116 9.238022 -0.945717 -4.863120 5.456772 12.914493 11.053205 -22.630126 -28.726461 -58.153863 -33.854347 -3.003403 13.821177 -2.497918 6.802649 -10.011443 12.719857 -3.049256 8.718571 -12.306402 -94.228955 -68.179449 -98.181006 -29.105882 72.946444 31.469500 14.579075 -30.941280 35.813746 -7.826288 0.876613 -33.205706
0.371760 0.012622 0.516433 -4.543939 50.721596 23.535579 -0.000000 -0.000000 -0.000000 -0.000000 -0.000000 -0.000000 -0.000000 -0.000000 -0.000000 12.364227 0.635382 -8.163921 0.000000 0.000000 -0.000000 -26.349749 -51.476074 -35.721974 -2.609174 -32.258055 4.737728 3.695138 7.017956 20.622002 15.189530 26.421059 -30.159298 -31.323967 -48.842483 -32.597333 -3.431291 -4.250823 9.198626 -0.977563 -5.287621 4.568956 12.654113 11.304321 -21.718276 -29.958395 -59.868248 -35.297245 -0.690490 13.620710 -3.213933 5.092658 -10.752231 9.895727 -4.162553 11.227574 -8.627119 -92.624616 -68.429478 -95.685504 -19.767809 72.285160 22.236824 14.753344 -27.059220 39.165332 -10.640193 0.082315 -36.297980
0.372093 0.011937 0.516128 -4.530446 50.772822 23.415504 -0.000000 0.000000 0.000000 -0.000000 0.000000 0.000000 -0.000000 0.000000 0.000000 12.321879 1.113671 -8.744546 0.000000 0.000000 0.000000 -26.080920 -51.982293 -35.776491 -2.690544 -31.943479 4.656182 3.588968 6.974815 21.130109 15.191411 26.440406 -30.147925 -31.311910 -49.030909 -32.543700 -3.357677 -4.288435 8.986014 -0.995973 -5.308847 3.831374 12.440642 11.679373 -20.764942 -32.131402 -62.204771 -37.441702 1.804728 14.627946 -4.406235 4.323039 -8.534343 10.995591 -6.362850 10.730676 -8.770760 -90.913886 -68.617531 -93.145686 -10.629134 71.059753 13.246312 13.945717 -23.305870 40.736970 -12.859463 -0.942613 -38.161027
0.372495 0.010890 0.515606 -4.537070 50.807352 23.341982 0.000000 -0.000000 0.000000 0.000000 -0.000000 0.000000 0.000000 -0.000000 0.000000 12.300183 1.729934 -9.552260 0.000000 0.000000 -0.000000 -25.651559 -52.301633 -35.666538 -2.802105 -31.526953 4.625432 3.504819 6.950260 22.071146 15.270443 26.041142 -30.652337 -31.249485 -49.312359 -32.572640 -3.330785 -4.795143 8.655380 -1.105434 -5.085576 3.384668 12.417802 12.312858 -19.946031 -35.688317 -65.191404 -41.038264 3.673402 17.485010 -5.537421 4.210861 -4.200675 14.650663 -8.967997 7.669377 -11.943077 -89.114706 -68.746265 -90.613605 -3.219761 69.543573 5.988206 13.251855 -19.936269 41.770118 -14.978262 -1.783627 -39.472150
0.372988 0.009610 0.514980 -4.559112 50.788050 23.276753 0.000000 0.000000 -0.000000 0.000000 0.000000 -0.000000 0.000000 0.000000 -0.000000 12.335911 2.460797 -10.396706 -0.000000 0.000000 -0.000000 -25.058571 -52.266811 -35.253381 -2.884438 -30.843302 4.514231 3.342688 6.226684 22.495496 15.251722 25.869079 -30.751514 -31.163762 -49.811546 -32.696174 -3.380888 -5.566977 8.259643 -1.435598 -4.940092 3.128557 12.716783 13.473949 -19.257555 -40.976082 -68.502034 -46.586800 4.185107 22.605011 -6.117252 3.419875 1.756274 19.373210 -11.018500 1.618974 -17.139846 -87.357430 -68.847708 -88.335815 2.407067 67.961761 0.546992 12.576325 -16.806401 42.910870 -17.021954 -2.466841 -40.920197
0.373577 0.008237 0.514359 -4.679333 50.695356 23.235868 0.000000 0.000000 0.000000 0.000000 0.000000 0.000000 0.000000 0.000000 0.000000 12.512685 3.258275 -11.042760 0.000000 -0.000000 0.000000 -24.338094 -51.727176 -34.438599 -2.851403 -29.791905 4.227868 3.071403 4.360871 21.872202 15.069282 26.261169 -30.016016 -31.061139 -50.591465 -32.892357 -3.476217 -6.504828 7.765644 -2.058633 -5.098365 2.797675 13.356202 15.410162 -18.491059 -48.346145 -71.734368 -54.526504 2.755527 29.872567 -5.526500 1.436940 6.759365 23.300414 -11.768719 -6.033680 -22.006764 -85.711884 -68.978563 -86.543532 5.957447 66.540968 -2.811497 11.741460 -14.524829 44.003544 -18.322218 -2.855020 -42.347978
0.374241 0.006912 0.513823 -5.014135 50.535444 23.283908 -0.000000 -0.000000 -0.000000 -0.000000 -0.000000 -0.000000 -0.000000 -0.000000 -0.000000 12.902898 4.061106 -11.358902 0.000000 -0.000000 0.000000 -23.588382 -50.650596 -33.263266 -2.623593 -28.459708 3.766773 2.731600 1.443579 20.486168 14.853199 27.109332 -28.855689 -30.920945 -51.651161 -33.148241 -3.585823 -7.602798 7.138519 -2.992882 -5.649680 2.158220 14.275268 18.242570 -17.454260 -58.176582 -74.527293 -65.197205 -0.880009 38.312453 -3.194404 0.170689 8.019582 24.964878 -11.305816 -12.116044 -24.343660 -83.755923 -69.171460 -84.846538 7.366529 65.255580 -4.122815 11.137596 -13.912998 44.824603 -18.335510 -2.462162 -43.235336
0.374943 0.005775 0.513432 -5.629957 50.332850 23.482893 -0.000000 -0.000000 -0.000000 -0.000000 -0.000000 -0.000000 -0.000000 -0.000000 -0.000000 13.508846 4.784195 -11.358527 0.000000 -0.000000 0.000000 -22.946183 -49.192481 -31.921642 -2.172423 -27.067487 3.227445 2.380702 -2.148523 18.901246 14.823534 28.247767 -27.922947 -30.728864 -52.980319 -33.498822 -3.737311 -8.763439 6.465030 -4.175908 -6.536033 1.197103 15.358150 21.782208 -16.197731 -70.357148 -76.577146 -78.308216 -6.209928 46.297258 0.790526 0.611936 6.137438 24.421820 -10.173231 -15.374163 -24.089435 -80.317792 -69.379114 -81.881700 7.415113 63.395934 -4.271659 11.255979 -15.093827 45.319292 -17.073642 -0.772522 -43.272365
0.375646 0.004952 0.513248 -6.491988 50.115582 23.833067 0.000000 -0.000000 -0.000000 0.000000 -0.000000 -0.000000 0.000000 -0.000000 -0.000000 14.248663 5.339427 -11.150421 0.000000 -0.000000 0.000000 -22.517733 -47.655806 -30.659882 -1.546301 -25.834875 2.730598 2.045376 -6.042802 17.430651 15.130094 29.707328 -27.521817 -30.494077 -54.515584 -33.965274 -3.955273 -9.839343 5.863893 -5.371766 -7.373832 0.305851 16.430121 25.333436 -15.073942 -83.295798 -77.747785 -92.054584 -11.868788 52.539072 5.350607 1.334181 3.612001 22.909232 -8.646226 -17.053363 -22.614757 -73.852457 -69.394980 -75.813671 7.319803 59.738964 -4.543160 12.038462 -17.189940 45.405798 -14.953052 2.194931 -42.514378
0.376322 0.004533 0.513336 -7.465255 49.901941 24.260853 -0.000000 -0.000000 0.000000 -0.000000 -0.000000 0.000000 -0.000000 -0.000000 0.000000 14.987699 5.687976 -10.894011 -0.000000 0.000000 -0.000000 -22.286751 -46.356325 -29.650437 -0.878566 -24.876256 2.390330 1.740681 -9.713123 16.261608 15.746259 31.323049 -27.679287 -30.213283 -56.057852 -34.468563 -4.200269 -10.846118 5.333054 -6.242232 -7.610030 0.169334 17.383262 28.008233 -14.579260 -94.112715 -78.221532 -103.457224 -16.196249 56.590921 8.933110 1.333055 2.323302 21.696803 -7.275139 -18.468646 -21.430518 -63.729886 -68.730407 -65.825326 7.643012 53.319005 -5.533436 12.659608 -18.598823 44.849664 -12.503691 5.488981 -41.341124
0.376943 0.004552 0.513729 -8.370414 49.700966 24.661373 -0.000000 -0.000000 -0.000000 -0.000000 -0.000000 -0.000000 -0.000000 -0.000000 -0.000000 15.589852 5.835215 -10.728582 0.000000 -0.000000 0.000000 -22.100047 -45.454554 -28.916345 -0.341938 -24.135396 2.319268 1.546889 -12.234272 15.801425 16.429175 32.206258 -28.470282 -29.850812 -57.359438 -34.864711 -4.416150 -11.938321 4.794187 -6.663824 -7.098184 1.096812 18.255373 29.506775 -14.915915 -100.894556 -78.389619 -110.639317 -18.310382 58.658961 10.645043 0.648554 2.880533 21.493619 -6.617303 -20.240595 -21.373189 -51.663426 -66.793395 -53.626314 8.053909 44.151816 -6.904182 11.906738 -17.909919 43.415445 -9.954290 7.608994 -40.206345
0.377477 0.004980 0.514407 -9.078346 49.522550 24.958482 -0.000000 0.000000 0.000000 -0.000000 0.000000 0.000000 -0.000000 0.000000 0.000000 15.974463 5.784849 -10.682534 0.000000 0.000000 0.000000 -21.779603 -44.901294 -28.351775 -0.049041 -23.403790 2.603772 1.577374 -12.656888 16.529218 16.774933 31.099135 -29.979336 -29.396613 -58.304562 -35.069820 -4.581712 -13.186449 4.207950 -6.861512 -6.274930 2.493179 19.044977 30.389703 -15.583496 -103.714423 -78.538617 -113.735964 -18.468755 59.245368 10.668257 -0.395411 4.788630 22.121710 -6.680037 -22.307598 -22.234702 -40.722872 -63.522313 -42.416598 8.167929 33.306507 -8.196554 9.276562 -14.661821 41.497204 -7.340813 7.605301 -39.449928
0.377893 0.005726 0.515295 -9.577552 49.379093 25.144315 0.000000 -0.000000 -0.000000 0.000000 -0.000000 -0.000000 0.000000 -0.000000 -0.000000 16.157387 5.557062 -10.686714 -0.000000 0.000000 0.000000 -21.251038 -44.566503 -27.843940 -0.009103 -22.460825 3.274688 1.773601 -10.817052 18.374634 16.428679 27.538268 -32.007973 -28.904378 -58.919859 -35.098168 -4.687323 -14.533889 3.556246 -7.161609 -5.726505 3.227646 19.576807 31.539767 -15.587197 -103.660363 -78.747922 -113.878582 -17.503136 58.942005 9.732175 -1.461950 7.157144 23.149950 -7.246234 -24.275207 -23.522212 -32.577737 -59.590360 -34.050216 7.923729 22.387467 -9.202629 5.353840 -9.416867 40.045631 -4.849305 5.554405 -39.207300
0.378174 0.006672 0.516281 -9.946255 49.276475 25.266273 -0.000000 -0.000000 -0.000000 -0.000000 -0.000000 -0.000000 -0.000000 -0.000000 -0.000000 16.230961 5.232820 -10.675809 -0.000000 0.000000 -0.000000 -20.571184 -44.393979 -27.381538 -0.175263 -21.199645 4.314489 1.926370 -7.511596 20.641957 15.357414 22.298387 -34.157757 -28.441385 -59.275894 -35.005630 -4.722405 -15.899233 2.817885 -7.779256 -5.785174 2.406321 19.585730 33.552831 -14.071260 -102.030990 -78.979484 -112.424082 -16.241791 58.310524 8.571928 -2.296894 9.329285 24.345268 -8.170897 -25.878777 -24.988970 -27.114419 -55.888699 -28.564960 7.424975 12.962996 -9.851330 0.984062 -3.433210 39.585817 -2.687891 2.103933 -39.331915
0.378314 0.007701 0.517247 -10.264831 49.210396 25.372733 0.000000 0.000000 -0.000000 0.000000 0.000000 -0.000000 0.000000 0.000000 -0.000000 16.288191 4.915811 -10.628715 -0.000000 0.000000 -0.000000 -19.865678 -44.420299 -27.037862 -0.495657 -19.635989 5.674149 1.944567 -3.873340 22.624636 13.865419 16.671485 -36.143553 -28.046459 -59.487527 -34.871169 -4.706681 -17.187031 2.022114 -8.798231 -6.456859 -0.148160 18.852178 36.497521 -10.763431 -100.191524 -79.176262 -110.791168 -15.238895 57.800273 7.674547 -2.874972 10.990795 25.530207 -9.222922 -27.093183 -26.447516 -23.663439 -53.077776 -25.339361 6.814860 6.213051 -10.126641 -3.051722 1.614586 39.791033 -0.865496 -1.644218 -39.426071
0.378322 0.008706 0.518085 -10.562155 49.170546 25.476082 -0.000000 -0.000000 0.000000 -0.000000 -0.000000 0.000000 -0.000000 -0.000000 0.000000 16.369693 4.673908 -10.550902 -0.000000 -0.000000 -0.000000 -19.244262 -44.687915 -26.876977 -0.928803 -17.874429 7.269968 1.902837 -0.831282 23.945735 12.368216 11.757867 -37.825785 -27.737901 -59.722083 -34.791891 -4.693712 -18.231194 1.291559 -10.067707 -7.411492 -3.575619 17.455543 39.737403 -6.398934 -99.222366 -79.318707 -110.053227 -14.663684 57.640283 7.169046 -3.322567 12.113086 26.577571 -10.153628 -28.015706 -27.740214 -21.624124 -51.386652 -23.671201 6.273683 2.650670 -10.099166 -5.898678 4.410156 39.893625 0.538196 -4.466067 -39.183522
0.378216 0.009582 0.518702 -10.822958 49.144966 25.559816 0.000000 0.000000 0.000000 0.000000 0.000000 0.000000 0.000000 0.000000 0.000000 16.474896 4.558493 -10.476716 -0.000000 0.000000 0.000000 -18.752743 -45.166906 -26.892532 -1.432762 -16.117534 8.951343 1.903713 1.145501 24.531001 11.186630 8.182547 -39.106414 -27.510619 -60.033335 -34.787068 -4.718979 -18.827755 0.836058 -11.014890 -8.096754 -5.873860 16.339739 41.943214 -3.312435 -99.228475 -79.425812 -110.248929 -14.301290 57.737078 6.836103 -3.796333 12.896015 27.487135 -10.862037 -28.761491 -28.847767 -20.568418 -50.623532 -22.885262 5.978897 2.056664 -9.967593 -7.002608 4.600322 39.314462 1.295191 -5.720259 -38.572548
0.378021 0.010223 0.519020 -11.019892 49.129277 25.601799 0.000000 -0.000000 0.000000 0.000000 -0.000000 0.000000 0.000000 -0.000000 0.000000 16.589709 4.607466 -10.441729 0.000000 0.000000 0.000000 -18.391137 -45.763220 -27.022835 -1.941582 -14.631345 10.496193 1.980732 2.126667 24.529688 10.440630 6.037628 -39.915289 -27.315432 -60.209769 -34.707874 -4.759075 -18.869293 0.879423 -10.887100 -8.063558 -4.909051 17.062404 41.756365 -4.562445 -99.448846 -79.531327 -110.543864 -13.751793 57.787124 6.302371 -4.415781 13.611253 28.311579 -11.367296 -29.410510 -29.819098 -20.276968 -50.502190 -22.501224 6.040497 3.734829 -9.984312 -6.534219 2.790167 38.207383 1.248751 -5.645108 -37.853613
0.377750 0.010559 0.518966 -11.141833 49.138532 25.593884 -0.000000 0.000000 -0.000000 -0.000000 0.000000 -0.000000 -0.000000 0.000000 -0.000000 16.689234 4.756403 -10.407674 0.000000 0.000000 -0.000000 -18.159371 -46.405591 -27.218270 -2.379755 -13.583624 11.719939 2.104616 2.478281 24.201163 10.079002 5.046979 -40.274455 -27.092486 -59.936104 -34.348358 -4.759550 -18.445306 1.497403 -9.432976 -6.985979 -0.189460 19.628817 38.409880 -10.724335 -99.278331 -79.656850 -110.297707 -12.795120 57.586483 5.368904 -5.187896 14.320579 29.029561 -11.661890 -29.929901 -30.613307 -20.718709 -50.960722 -22.412330 6.490444 6.960887 -10.274756 -5.167600 -0.075408 37.171313 0.540012 -4.883011 -37.349152
0.377388 0.010582 0.518486 -11.213959 49.207310 25.565166 0.000000 -0.000000 0.000000 0.000000 -0.000000 0.000000 0.000000 -0.000000 0.000000 16.742461 4.805023 -10.261256 0.000000 0.000000 -0.000000 -18.063651 -47.106509 -27.492084 -2.725545 -12.926073 12.618208 2.236986 2.496734 23.767749 9.994253 4.835684 -40.326334 -26.851311 -59.109775 -33.684473 -4.700515 -17.764199 2.564109 -7.253684 -4.854648 6.443402 21.953654 32.444902 -18.827120 -98.932595 -79.781508 -109.752480 -11.590501 57.211829 4.186065 -5.970608 14.786899 29.538088 -11.678318 -30.171598 -31.095415 -21.916698 -52.054039 -22.755838 7.349733 11.206938 -10.835695 -3.744139 -3.252679 36.560585 -0.399125 -4.073206 -37.172288
0.376892 0.010355 0.517556 -11.288367 49.373270 25.584847 0.000000 -0.000000 -0.000000 0.000000 -0.000000 -0.000000 0.000000 -0.000000 -0.000000 16.736617 4.554585 -9.924619 0.000000 0.000000 -0.000000 -18.082943 -47.919310 -27.896844 -3.026683 -12.527458 13.312378 2.358353 2.235375 23.301000 10.129893 5.198690 -40.200722 -26.673733 -57.873896 -32.900265 -4.616750 -16.952224 3.932989 -5.244260 -2.555383 12.214005 22.757620 25.936863 -25.781755 -99.017827 -79.848632 -109.592819 -10.493721 56.873918 3.091393 -6.577277 14.743811 29.703916 -11.351600 -30.037283 -31.124493 -23.894410 -53.761748 -23.738350 8.611951 16.061454 -11.635390 -2.728020 -6.184969 36.285448 -1.338608 -3.624242 -37.198579
0.376211 0.009987 0.516204 -11.375077 49.650236 25.693002 0.000000 0.000000 -0.000000 0.000000 0.000000 -0.000000 0.000000 0.000000 -0.000000 16.674796 3.979931 -9.427132 0.000000 -0.000000 0.000000 -18.162300 -48.862645 -28.454014 -3.323252 -12.423293 13.803109 2.455109 1.578415 22.708319 10.521136 6.285701 -39.793830 -26.634723 -56.390161 -32.169915 -4.549698 -16.033273 5.501181 -3.824200 -1.352070 15.408772 22.545121 20.876071 -30.460768 -99.479371 -79.816527 -109.838542 -9.739698 56.595118 2.334900 -6.872161 14.124366 29.343394 -10.628354 -29.512223 -30.524463 -26.785921 -56.076878 -25.761958 10.080393 21.381717 -12.492745 -1.924366 -8.625682 35.977894 -2.365384 -3.520199 -37.091179
0.375316 0.009608 0.514514 -11.363522 50.009083 25.796377 -0.000000 0.000000 0.000000 -0.000000 0.000000 0.000000 -0.000000 0.000000 0.000000 16.522973 3.257608 -8.882338 -0.000000 0.000000 0.000000 -18.248496 -49.896386 -29.095513 -3.568861 -12.934648 13.824706 2.510197 0.509209 21.868938 11.227147 8.500359 -38.762520 -26.747783 -54.739129 -31.505389 -4.495027 -15.087699 7.067830 -2.997040 -1.731837 15.775552 22.071969 17.993175 -32.793713 -98.968543 -79.725483 -109.143804 -9.253259 56.020456 1.910263 -6.754338 12.923360 28.274836 -9.456802 -28.395809 -29.098126 -30.923831 -59.015290 -29.469607 11.354812 27.492092 -13.004063 -0.898542 -10.976320 35.259071 -3.459617 -3.404664 -36.461777
0.374223 0.009337 0.512638 -11.056371 50.390967 25.680414 -0.000000 -0.000000 -0.000000 -0.000000 -0.000000 -0.000000 -0.000000 -0.000000 -0.000000 16.194267 2.658147 -8.455367 0.000000 -0.000000 0.000000 -18.308117 -50.914914 -29.653349 -3.656710 -14.584262 12.988319 2.526778 -0.668003 20.831515 12.208286 12.132213 -36.847105 -26.968621 -53.002967 -30.810149 -4.405281 -14.278516 8.337596 -2.569291 -2.966955 14.118918 21.440838 16.745803 -33.092580 -95.130019 -79.677072 -105.062074 -8.599557 54.485438 1.483244 -6.309898 11.107946 26.714436 -7.903762 -26.263858 -27.063329 -36.757131 -62.380504 -35.416442 12.105921 34.737198 -12.826919 0.558118 -13.901944 34.145299 -4.484485 -2.939517 -35.270442
0.373000 0.009274 0.510776 -10.326934 50.740858 25.187632 -0.000000 0.000000 -0.000000 -0.000000 0.000000 -0.000000 -0.000000 0.000000 -0.000000 15.631310 2.413038 -8.326474 -0.000000 0.000000 0.000000 -18.338558 -51.785499 -29.972611 -3.540318 -17.821517 11.052913 2.534036 -1.505474 19.859233 13.326577 17.154980 -34.151835 -27.253496 -51.280738 -30.024542 -4.231492 -13.651388 9.136161 -2.116194 -3.710431 11.885730 20.259100 15.721396 -32.109626 -85.397335 -79.569682 -94.885483 -7.127003 51.216986 0.500449 -5.890006 9.175832 25.501551 -6.457953 -23.114095 -25.374943 -44.557208 -65.665454 -43.664575 12.226262 42.764927 -11.939606 2.446485 -17.316220 33.138071 -5.592936 -2.175215 -33.924083
0.371743 0.009496 0.509128 -9.225680 51.022610 24.353720 -0.000000 0.000000 0.000000 -0.000000 0.000000 0.000000 -0.000000 0.000000 0.000000 14.882804 2.608131 -8.578471 -0.000000 -0.000000 -0.000000 -18.420425 -52.492074 -30.104071 -3.322941 -22.652877 8.067738 2.555719 -1.780455 19.212651 14.434993 23.327359 -31.003273 -27.611744 -49.622719 -29.186572 -3.935100 -13.028697 9.482839 -1.243746 -3.152743 10.396880 18.305157 13.645993 -30.862090 -69.416713 -78.750517 -78.152621 -4.486940 45.644668 -1.314026 -5.729841 7.842771 25.039905 -5.497742 -19.283548 -24.481890 -53.984993 -68.309194 -53.555455 11.772036 50.589513 -10.557991 4.579393 -20.283741 32.669219 -7.055182 -1.587224 -32.845015
0.370535 0.010057 0.507848 -7.940664 51.220259 23.366838 0.000000 -0.000000 -0.000000 0.000000 -0.000000 -0.000000 0.000000 -0.000000 -0.000000 14.075398 3.112945 -9.092743 0.000000 0.000000 0.000000 -18.715525 -53.188823 -30.316768 -3.219488 -28.336746 4.413991 2.583199 -1.521416 18.948902 15.322479 30.026131 -27.705157 -28.095581 -48.059342 -28.403614 -3.492313 -12.148804 9.497376 -0.008482 -1.572467 9.980973 15.833026 10.385646 -29.988871 -52.444400 -76.391346 -60.151034 -1.158468 37.849512 -3.468675 -5.897696 6.823999 24.622067 -4.563057 -14.662861 -23.568933 -63.886418 -70.020812 -63.730856 10.940689 57.201927 -8.988852 6.554431 -21.754239 32.826429 -8.932442 -1.733116 -32.342739
0.369420 0.010975 0.507007 -6.716105 51.351276 22.483769 0.000000 0.000000 0.000000 0.000000 0.000000 0.000000 0.000000 0.000000 0.000000 13.346144 3.610536 -9.598925 -0.000000 -0.000000 -0.000000 -19.338611 -53.989515 -30.862943 -3.369114 -33.618654 0.701567 2.587415 -0.619835 19.152065 15.717388 35.872031 -24.646087 -28.742535 -46.680020 -27.832122 -2.933883 -10.882399 9.336806 1.247546 0.250402 10.200622 13.288971 6.665294 -29.564991 -40.017861 -72.481864 -46.667427 1.845302 28.780189 -5.049893 -6.157114 5.296812 23.123728 -3.205803 -9.195319 -21.551157 -72.679583 -70.841993 -72.563029 10.082060 61.988726 -7.613155 7.948353 -21.239804 33.561237 -11.088615 -2.843704 -32.726230
0.368421 0.012214 0.506601 -5.764602 51.463418 21.947263 0.000000 0.000000 -0.000000 0.000000 0.000000 -0.000000 0.000000 0.000000 -0.000000 12.796975 3.786504 -9.868727 -0.000000 0.000000 -0.000000 -20.260907 -54.792094 -31.794795 -3.718086 -37.678764 -2.544810 2.539825 1.426840 20.079718 15.541971 39.262659 -22.350313 -29.529854 -45.583955 -27.627269 -2.360905 -9.294860 9.179155 2.278106 1.734291 10.655753 11.033988 3.185327 -29.523518 -32.278717 -67.552575 -38.207014 3.826914 19.728082 -5.557102 -6.709599 3.338963 20.076636 -1.285948 -4.055115 -18.171628 -79.152465 -70.995263 -78.900253 9.491211 64.818157 -6.723851 8.484547 -18.924100 34.678251 -13.274889 -4.840083 -34.072862
0.367562 0.013674 0.506572 -5.146638 51.588190 21.846680 -0.000000 0.000000 0.000000 -0.000000 0.000000 0.000000 -0.000000 0.000000 0.000000 12.449801 3.547919 -9.866385 0.000000 0.000000 0.000000 -21.370503 -55.423679 -33.011346 -4.106472 -40.327971 -4.991992 2.323480 4.849347 21.643353 14.887381 39.533080 -20.982262 -30.389540 -44.752379 -27.823459 -1.888439 -7.567106 9.174774 2.986011 2.550651 11.126432 9.295448 0.382195 -29.796318 -27.343771 -61.907406 -33.047138 4.835979 11.403167 -5.223222 -7.774055 1.808915 16.178692 0.964574 -0.591944 -14.248323 -83.101075 -70.727180 -82.669994 9.022165 66.035247 -6.144149 8.242406 -15.634450 35.918713 -15.192573 -7.284376 -36.060285
0.366873 0.015210 0.506834 -4.736926 51.708316 22.046683 0.000000 -0.000000 0.000000 0.000000 -0.000000 0.000000 0.000000 -0.000000 0.000000 12.235293 3.052353 -9.704528 0.000000 0.000000 0.000000 -22.567637 -55.820925 -34.356818 -4.345594 -41.497458 -6.422135 1.830290 8.940134 23.350315 13.903462 37.308833 -20.288361 -31.244816 -44.067039 -28.282698 -1.574166 -5.945088 9.355477 3.376233 2.611279 11.433916 8.164393 -1.515526 -30.201493 -24.071076 -55.856509 -29.722140 5.335742 4.011775 -4.759945 -8.745354 0.966180 12.665014 2.916474 1.231996 -10.931310 -85.203323 -70.240128 -84.683368 8.237528 66.308110 -5.363481 7.591562 -12.471005 37.363806 -16.627219 -9.460411 -38.407153
0.366377 0.016676 0.507295 -4.359610 51.789811 22.309199 -0.000000 -0.000000 -0.000000 -0.000000 -0.000000 -0.000000 -0.000000 -0.000000 -0.000000 12.060766 2.537662 -9.497498 -0.000000 0.000000 -0.000000 -23.743732 -55.989347 -35.623580 -4.334842 -41.291648 -6.823024 1.208094 12.498855 24.877574 12.952379 33.940234 -20.231348 -32.022237 -43.459387 -28.802308 -1.402268 -4.668031 9.614364 3.525384 2.185901 11.554175 7.565871 -2.568172 -30.559245 -22.061649 -50.125157 -27.460277 5.590280 -2.054261 -4.645411 -8.830785 0.668814 10.743018 3.894746 1.888391 -9.286149 -86.281215 -69.693699 -85.782344 7.025412 66.265326 -4.190004 6.810332 -10.204185 39.266310 -17.509827 -10.855363 -41.062176
0.366074 0.017939 0.507853 -3.939212 51.828232 22.475125 -0.000000 -0.000000 -0.000000 -0.000000 -0.000000 -0.000000 -0.000000 -0.000000 -0.000000 11.882270 2.156690 -9.303835 0.000000 -0.000000 0.000000 -24.762486 -55.974755 -36.623697 -4.157104 -40.253198 -6.411298 0.752308 14.889469 26.297619 12.432470 30.613360 -21.073797 -32.657881 -42.977833 -29.257875 -1.328021 -3.832927 9.817183 3.489462 1.594994 11.575970 7.371285 -2.950511 -30.771043 -20.977757 -45.539270 -26.076470 5.549722 -6.327991 -4.689022 -7.731441 0.702946 10.976858 3.692693 1.770494 -9.805232 -86.900892 -69.202478 -86.436379 5.672313 66.274756 -2.871972 5.967852 -8.932809 41.547288 -17.926014 -11.556630 -43.902182
0.365915 0.018886 0.508372 -3.525246 51.854198 22.530917 0.000000 0.000000 0.000000 0.000000 0.000000 0.000000 0.000000 0.000000 0.000000 11.713660 1.935366 -9.149366 0.000000 -0.000000 -0.000000 -25.554007 -55.933641 -37.355741 -3.945673 -38.936521 -5.291554 0.658932 16.232803 27.860038 12.537871 27.797425 -23.112517 -33.119187 -42.712709 -29.637845 -1.316787 -3.411251 9.892057 3.218604 0.710816 11.341046 7.624870 -2.505457 -30.608927 -20.666125 -43.174551 -25.788325 5.043260 -8.114775 -4.480943 -4.796845 0.393292 12.446332 1.776521 2.071546 -11.597819 -87.408830 -68.822629 -86.900591 4.524480 66.440670 -1.755940 5.222659 -8.344742 43.786313 -18.121452 -11.868277 -46.541541
0.365813 0.019426 0.508698 -3.222547 51.907785 22.548552 0.000000 -0.000000 -0.000000 0.000000 -0.000000 -0.000000 0.000000 -0.000000 -0.000000 11.594271 1.804964 -9.019295 -0.000000 0.000000 0.000000 -26.102618 -56.021865 -37.914708 -3.784980 -37.606496 -3.472112 0.930189 17.012475 29.735197 13.172675 25.297285 -26.383184 -33.413338 -42.720025 -29.983552 -1.335726 -3.449245 9.779299 2.593516 -0.826293 10.514245 8.506505 -0.790805 -29.772270 -21.332509 -44.032960 -26.704322 4.070563 -6.779536 -4.020547 -0.803672 -1.547423 12.347966 -1.011930 4.378540 -11.706453 -87.994811 -68.566968 -87.379544 3.794839 66.674165 -1.054345 4.894955 -8.071113 45.603427 -18.401153 -11.860397 -48.551332
0.365678 0.019504 0.508706 -3.102257 52.006265 22.589152 -0.000000 0.000000 -0.000000 -0.000000 0.000000 -0.000000 -0.000000 0.000000 -0.000000 11.549214 1.663409 -8.850524 -0.000000 -0.000000 -0.000000 -26.310031 -56.168134 -38.214718 -3.723335 -36.432802 -1.222203 1.411203 17.560068 31.625313 13.948551 22.903847 -30.197800 -33.558553 -43.025751 -30.332171 -1.374224 -4.105269 9.426336 1.551571 -2.949679 9.136525 10.033467 2.314429 -28.359284 -23.172437 -47.813424 -28.693626 2.968029 -2.745763 -3.546952 2.485853 -5.215080 9.596992 -3.545829 8.296006 -8.706807 -88.704675 -68.431293 -88.011660 3.556594 66.837555 -0.820593 5.064369 -7.752531 46.794577 -18.942251 -11.624347 -49.730761
0.365462 0.019126 0.508373 -3.147408 52.122362 22.654911 0.000000 -0.000000 -0.000000 0.000000 -0.000000 -0.000000 0.000000 -0.000000 -0.000000 11.571791 1.471120 -8.602954 -0.000000 -0.000000 0.000000 -26.044359 -56.127680 -38.035896 -3.758173 -35.371377 0.904031 1.915071 17.475116 32.687003 14.480239 21.021689 -33.227769 -33.544375 -43.656521 -30.708319 -1.500912 -5.466760 8.889218 0.185349 -5.088902 7.792328 12.008107 6.328203 -26.986713 -26.152953 -53.130219 -31.704117 2.152826 2.850445 -3.205453 4.425605 -9.097473 5.761217 -5.971265 11.921772 -4.118996 -89.443457 -68.399032 -88.768413 3.811778 66.868080 -1.030833 5.425414 -7.109454 47.337316 -19.750531 -11.456741 -50.204851
0.365173 0.018355 0.507782 -3.282589 52.195467 22.718556 0.000000 0.000000 -0.000000 0.000000 0.000000 -0.000000 0.000000 0.000000 -0.000000 11.651579 1.339087 -8.357697 0.000000 -0.000000 -0.000000 -25.339352 -55.745083 -37.337485 -3.848486 -34.033689 2.583780 2.323500 16.060946 32.277532 14.689100 20.139035 -34.617047 -33.345648 -44.646638 -31.143575 -1.836386 -7.406407 8.350213 -1.275326 -6.705339 7.099724 14.239044 10.548653 -26.275093 -30.449352 -58.851474 -35.730077 1.899731 9.315483 -3.416885 5.989488 -11.692538 3.654220 -8.808502 13.845211 -0.865182 -89.974474 -68.438604 -89.412094 4.594744 66.727361 -1.703730 5.625918 -6.028060 47.416307 -20.764746 -11.569955 -50.308794
0.364857 0.017298 0.507077 -3.470093 52.179391 22.786652 0.000000 0.000000 0.000000 0.000000 0.000000 0.000000 0.000000 0.000000 0.000000 11.811767 1.494794 -8.321664 -0.000000 0.000000 -0.000000 -24.375091 -54.999904 -36.274749 -3.954652 -31.877672 4.004139 2.565863 13.149601 30.608380 14.637858 19.929248 -34.698869 -32.989148 -46.014667 -31.682036 -2.428465 -9.631971 7.982664 -2.600141 -7.646573 7.153066 16.597592 14.530011 -26.330168 -36.313063 -64.230231 -40.793783 2.376146 16.212918 -4.665549 7.622029 -11.949806 5.085526 -11.518438 13.378533 -1.149944 -89.932552 -68.519834 -89.557094 5.939789 66.260896 -2.881948 5.470643 -4.529761 47.306408 -21.871165 -11.945552 -50.369931
0.364575 0.016093 0.506425 -3.763499 52.082575 22.911921 -0.000000 -0.000000 0.000000 -0.000000 -0.000000 0.000000 -0.000000 -0.000000 0.000000 12.093904 2.079197 -8.682601 0.000000 -0.000000 -0.000000 -23.300900 -53.871119 -34.960816 -4.062449 -28.602858 5.437643 2.588732 9.076576 28.373326 14.372684 19.590131 -34.367715 -32.582139 -47.722069 -32.347422 -3.182731 -11.857906 7.817075 -3.637614 -7.943218 7.645275 18.896539 18.056313 -26.836807 -43.658747 -68.777396 -47.145462 3.247590 23.260093 -6.633727 8.390242 -9.316288 9.301958 -13.046808 10.005674 -5.030667 -88.818088 -68.638948 -88.682876 7.648321 65.174429 -4.425116 4.954747 -2.940746 47.112524 -22.696171 -12.359031 -50.408128
0.364384 0.014897 0.505984 -4.261379 51.956715 23.148318 0.000000 0.000000 -0.000000 0.000000 0.000000 -0.000000 0.000000 0.000000 -0.000000 12.509150 2.966485 -9.436909 0.000000 0.000000 0.000000 -22.221752 -52.350268 -33.442138 -4.150072 -24.440772 6.922525 2.377362 4.449884 26.101362 13.928010 18.592539 -34.239283 -32.255361 -49.662864 -33.116037 -3.929021 -13.924543 7.733469 -4.270045 -7.480996 8.443390 20.869864 20.824717 -27.531048 -53.163753 -72.594912 -56.238619 3.381223 30.924109 -7.974162 7.666628 -5.115525 13.737334 -13.268048 4.096348 -10.136321 -85.944434 -68.800569 -86.030348 9.239261 63.160557 -5.970553 4.426346 -2.268979 46.486555 -22.418250 -12.260300 -49.747759
0.364324 0.013860 0.505873 -5.023436 51.846803 23.521622 0.000000 -0.000000 -0.000000 0.000000 -0.000000 -0.000000 0.000000 -0.000000 -0.000000 13.022795 3.843082 -10.386018 0.000000 -0.000000 0.000000 -21.250018 -50.538398 -31.818397 -4.173026 -20.165032 8.390249 2.008649 0.239748 24.029310 13.305638 16.773434 -34.507514 -32.104599 -51.695287 -33.947281 -4.527130 -15.754813 7.552680 -4.416730 -6.074749 9.768266 22.301868 22.441254 -28.408487 -66.713665 -75.670919 -70.246351 1.630267 39.441816 -7.434931 5.862752 -1.772228 16.234345 -12.161184 -2.769435 -13.694564 -80.584239 -68.916477 -80.770437 10.237012 59.983379 -7.177664 4.525057 -3.913300 44.523580 -20.104798 -10.814112 -47.044299
0.364407 0.013105 0.506176 -6.023550 51.755995 24.026810 -0.000000 -0.000000 -0.000000 -0.000000 -0.000000 -0.000000 -0.000000 -0.000000 -0.000000 13.579911 4.435214 -11.271998 -0.000000 0.000000 -0.000000 -20.448474 -48.582176 -30.209337 -4.119462 -16.615503 9.809131 1.656772 -2.617878 22.246505 12.487101 14.165544 -35.161610 -32.192826 -53.672716 -34.824164 -4.915634 -17.261163 7.142382 -4.177228 -3.890791 11.700242 23.183263 22.883506 -29.484808 -84.536541 -77.465047 -89.147461 -2.380528 47.778539 -4.504451 3.365064 -0.143668 16.417953 -9.335303 -9.144001 -14.796784 -72.469940 -68.710307 -72.644304 10.311424 55.494131 -7.812179 5.100807 -8.338628 40.235600 -15.448212 -7.711584 -41.452049
0.364635 0.012733 0.506959 -7.160915 51.654164 24.619595 0.000000 0.000000 0.000000 0.000000 0.000000 0.000000 0.000000 0.000000 0.000000 14.128105 4.616819 -11.878000 -0.000000 0.000000 -0.000000 -19.790051 -46.572146 -28.667647 -4.021555 -14.212865 11.132246 1.488178 -3.867725 20.798952 11.508492 11.027483 -36.119325 -32.542815 -55.476816 -35.738975 -5.108207 -18.342851 6.486737 -3.869686 -1.644755 13.744853 23.745128 22.812306 -30.517356 -101.784811 -77.770157 -107.700972 -7.832147 54.378553 0.163778 0.761359 0.789325 15.659167 -5.789047 -14.347692 -14.614087 -62.210895 -67.779573 -62.348833 9.440579 49.727285 -7.906431 5.200396 -14.050000 33.836714 -9.624577 -3.523150 -34.068317
0.365004 0.012798 0.508264 -8.287395 51.497521 25.209007 0.000000 0.000000 -0.000000 0.000000 0.000000 -0.000000 0.000000 0.000000 -0.000000 14.623536 4.423502 -12.101642 -0.000000 0.000000 -0.000000 -19.205289 -44.604093 -27.221107 -3.937147 -12.841812 12.318217 1.536791 -4.064016 19.725380 10.533102 7.889848 -37.310283 -33.094324 -57.035581 -36.647266 -5.166154 -18.947359 5.692788 -3.813376 -0.235032 15.082222 24.309604 23.200459 -31.076278 -113.257985 -77.323907 -120.440227 -12.891528 58.484365 4.801889 -1.031700 2.021394 15.600228 -3.528576 -18.236735 -14.845701 -51.185373 -65.765875 -51.260561 8.012475 43.049460 -7.854665 4.715286 -19.020203 27.072005 -4.540534 0.888093 -27.157695
0.365500 0.013282 0.510056 -9.239122 51.244999 25.690643 -0.000000 0.000000 0.000000 -0.000000 0.000000 0.000000 -0.000000 0.000000 0.000000 15.042671 4.078141 -12.056751 -0.000000 -0.000000 -0.000000 -18.626763 -42.857717 -25.952750 -3.952486 -12.062436 13.399563 1.677032 -4.061266 19.125966 9.797931 5.324094 -38.744125 -33.712807 -58.299788 -37.465519 -5.159439 -19.115143 4.919423 -4.178531 -0.230139 14.999032 25.057072 24.782868 -30.735506 -118.598527 -76.949143 -126.910571 -16.122684 60.449220 7.920694 -1.877813 3.789783 16.955261 -3.357130 -21.148507 -16.429342 -40.845481 -62.448907 -40.732278 6.569305 35.791603 -8.131306 3.724532 -22.293001 21.485316 -0.688090 4.507907 -22.145929
0.366085 0.014088 0.512190 -9.910461 50.888996 26.013976 -0.000000 -0.000000 -0.000000 -0.000000 -0.000000 -0.000000 -0.000000 -0.000000 -0.000000 15.389374 3.893557 -12.028599 -0.000000 -0.000000 -0.000000 -18.018289 -41.519693 -24.976256 -4.154181 -11.477152 14.481316 1.764735 -4.355498 19.056761 9.438935 3.590615 -40.433411 -34.267136 -59.248769 -38.132808 -5.137013 -18.988626 4.262908 -5.050712 -1.654579 13.061890 25.877588 27.870185 -29.119072 -119.844941 -76.887591 -129.123687 -17.618052 61.182259 9.487333 -1.740678 6.225769 19.966987 -5.589563 -23.591259 -19.898187 -32.104174 -57.754693 -31.603655 5.470941 27.682784 -9.004415 2.532669 -23.232116 18.438298 2.028277 6.641795 -19.865733
0.366695 0.015084 0.514459 -10.324840 50.477743 26.209823 0.000000 0.000000 0.000000 0.000000 0.000000 0.000000 0.000000 0.000000 0.000000 15.684576 4.034850 -12.230633 -0.000000 0.000000 -0.000000 -17.418913 -40.655447 -24.342963 -4.529088 -10.892142 15.604651 1.768655 -4.902719 19.351925 9.372547 2.532150 -42.205538 -34.689735 -59.945633 -38.663398 -5.121143 -18.779480 3.686143 -6.468758 -3.985354 9.275714 26.348636 32.291212 -25.952208 -119.364295 -76.965906 -129.454999 -18.436369 61.591490 10.422616 -1.238212 8.857333 23.630004 -9.057547 -25.646523 -24.301880 -25.323955 -51.949737 -24.334424 4.709913 18.438608 -10.364494 1.977127 -21.396522 19.271876 3.296884 7.016724 -20.932977
0.367257 0.016122 0.516638 -10.592685 50.086478 26.336377 -0.000000 -0.000000 -0.000000 -0.000000 -0.000000 -0.000000 -0.000000 -0.000000 -0.000000 15.948713 4.426972 -12.641825 -0.000000 -0.000000 -0.000000 -16.931792 -40.198075 -24.006029 -4.930113 -10.267895 16.652609 1.746221 -5.383020 19.690710 9.371430 1.802479 -43.694659 -34.970648 -60.525172 -39.114517 -5.120277 -18.643092 3.105289 -8.211983 -6.233849 4.490215 25.924438 37.090134 -21.450618 -118.968578 -76.997579 -129.740107 -19.506027 62.195603 11.555343 -0.972599 10.639191 26.438180 -11.810795 -27.072848 -27.794800 -20.361282 -45.688225 -18.950854 4.082368 8.620060 -11.878249 2.107518 -17.482959 22.625266 3.146619 6.114376 -23.953273
0.367705 0.017045 0.518511 -10.797726 49.762867 26.416332 -0.000000 0.000000 -0.000000 -0.000000 0.000000 -0.000000 -0.000000 0.000000 -0.000000 16.193336 4.914761 -13.086737 0.000000 -0.000000 0.000000 -16.638719 -40.019014 -23.864057 -5.184387 -9.749283 17.421020 1.762589 -5.539136 19.895583 9.309664 1.237956 -44.644971 -35.115111 -61.092812 -39.511020 -5.147060 -18.521692 2.596661 -9.564958 -7.389812 0.651380 24.682141 40.486018 -17.100096 -119.313943 -76.954477 -130.621702 -21.081712 63.027270 13.104565 -0.905347 11.105542 27.790483 -12.995654 -27.819194 -29.489404 -16.910119 -39.899068 -15.244881 3.458076 -0.462838 -13.235051 1.799381 -12.985967 25.441717 2.686050 4.632694 -26.439689
0.367992 0.017710 0.519889 -10.959863 49.515177 26.441616 0.000000 -0.000000 -0.000000 0.000000 -0.000000 -0.000000 0.000000 -0.000000 -0.000000 16.424775 5.411548 -13.405273 -0.000000 0.000000 -0.000000 -16.550343 -39.993089 -23.821051 -5.194380 -9.690081 17.736463 1.849040 -5.369075 20.059452 9.321137 1.043979 -45.119889 -35.099994 -61.635383 -39.795886 -5.213931 -18.197954 2.429367 -9.802769 -7.180086 -0.366924 23.769618 41.107209 -15.304033 -120.073555 -76.912272 -131.726014 -22.638293 63.809976 14.578042 -0.820314 10.777634 28.033335 -13.102398 -28.067441 -29.788476 -14.842229 -35.913299 -13.157652 2.908386 -7.182831 -14.147861 0.770594 -9.036212 26.624103 2.645878 3.104880 -27.412995
0.368098 0.018004 0.520632 -11.082004 49.348158 26.404901 0.000000 0.000000 0.000000 0.000000 0.000000 0.000000 0.000000 0.000000 0.000000 16.634899 5.877706 -13.543524 0.000000 0.000000 0.000000 -16.642322 -40.047458 -23.814587 -4.938588 -10.404712 17.512183 1.987241 -5.137682 20.325361 9.674312 1.631147 -45.311785 -34.858582 -62.026170 -39.825386 -5.308068 -17.603464 2.766940 -8.980031 -6.086809 1.470494 23.900750 39.165854 -16.852905 -120.600942 -76.972812 -132.391358 -23.235646 64.187644 15.112865 -0.753432 10.451502 27.783673 -12.882086 -28.053475 -29.483079 -14.086321 -34.882668 -12.647066 2.644327 -10.160717 -14.370122 -0.537489 -6.161513 26.760538 3.041565 1.834450 -27.383575
0.368032 0.017863 0.520656 -11.178734 49.288153 26.304246 0.000000 0.000000 -0.000000 0.000000 0.000000 -0.000000 0.000000 0.000000 -0.000000 16.787387 6.261469 -13.547696 -0.000000 0.000000 -0.000000 -16.901920 -40.209947 -23.833285 -4.447923 -11.881481 16.762344 2.136165 -5.160879 20.669339 10.515237 3.258629 -45.277805 -34.349823 -62.144121 -39.468982 -5.390350 -16.930378 3.462830 -7.666010 -4.644902 4.813956 24.542229 35.770341 -20.345791 -120.704556 -77.171890 -132.479278 -22.433601 63.954783 14.333669 -0.801383 10.653927 27.522716 -12.817499 -27.968255 -29.185507 -14.454152 -36.660580 -13.370058 2.724372 -9.190311 -13.957756 -1.541476 -4.720047 26.711346 3.547850 0.937218 -27.249362
0.367812 0.017272 0.519941 -11.259241 49.362909 26.145672 0.000000 0.000000 0.000000 0.000000 0.000000 0.000000 0.000000 0.000000 0.000000 16.840367 6.497846 -13.476229 0.000000 -0.000000 0.000000 -17.336383 -40.625090 -23.953936 -3.795950 -13.801876 15.591237 2.279854 -5.502350 20.925809 11.737486 5.832464 -44.890535 -33.648569 -61.988856 -38.760754 -5.436477 -16.279633 4.340567 -6.245106 -3.062545 8.480060 24.965419 31.706054 -24.278229 -120.874231 -77.427248 -132.565011 -20.807987 63.224833 12.819716 -0.947749 11.408006 27.394898 -12.990749 -27.910055 -29.079337 -15.779427 -40.303891 -14.950203 3.017691 -5.002282 -13.189382 -1.886034 -4.807834 26.785863 3.850535 0.381165 -27.407889
0.367456 0.016283 0.518536 -11.313526 49.565729 25.960604 0.000000 0.000000 -0.000000 0.000000 0.000000 -0.000000 0.000000 0.000000 -0.000000 16.789976 6.525214 -13.295608 -0.000000 0.000000 -0.000000 -17.965778 -41.485768 -24.348868 -3.045850 -15.819175 14.057921 2.422790 -5.875638 20.973908 13.055059 9.040567 -43.894645 -32.902647 -61.639116 -37.887467 -5.468518 -15.426792 5.448512 -4.894852 -1.585921 11.647128 24.819382 27.426124 -27.821033 -121.435341 -77.642116 -133.010742 -19.136327 62.283875 11.301329 -1.021056 12.368023 27.301637 -13.308274 -27.821377 -29.041738 -18.034085 -45.001412 -17.322725 3.499478 1.276062 -12.287604 -1.677208 -5.937299 26.889944 3.763266 0.047311 -27.715163
0.366977 0.015014 0.516581 -11.306594 49.852195 25.781340 -0.000000 -0.000000 -0.000000 -0.000000 -0.000000 -0.000000 -0.000000 -0.000000 -0.000000 16.664092 6.304330 -12.884678 -0.000000 0.000000 -0.000000 -18.787750 -42.904706 -25.182012 -2.236888 -17.761608 12.074499 2.553849 -5.799643 20.882169 14.126279 12.523400 -42.024789 -32.207092 -61.126540 -37.003639 -5.522211 -14.126253 6.843113 -3.801781 -0.809229 13.648276 24.210130 23.572540 -30.532253 -121.655419 -77.853606 -133.029779 -17.497171 61.198232 9.817735 -0.847709 13.195511 27.162461 -13.725771 -27.524282 -28.960169 -21.229203 -50.030649 -20.571153 4.310840 8.502133 -11.434851 -1.158062 -7.409727 27.091622 3.048752 -0.244105 -28.092822
0.366395 0.013622 0.514280 -11.163702 50.179389 25.564813 -0.000000 -0.000000 0.000000 -0.000000 -0.000000 0.000000 -0.000000 -0.000000 0.000000 16.457055 5.833916 -12.140538 0.000000 0.000000 0.000000 -19.700947 -44.812996 -26.421713 -1.472277 -19.695662 9.542421 2.636109 -4.874874 20.918294 14.701808 15.924602 -39.272895 -31.565396 -60.424948 -36.107490 -5.597439 -12.444932 8.350495 -3.097404 -1.127065 14.259708 23.433691 20.688709 -32.209490 -120.120477 -78.231006 -131.110313 -15.476852 59.696921 7.965026 -0.526416 13.645447 26.981271 -14.042474 -26.798741 -28.765357 -25.403275 -54.881644 -24.804268 5.538820 16.195868 -10.749488 -0.372104 -8.908382 27.631519 1.465738 -0.686153 -28.694561
0.365745 0.012286 0.511859 -10.775555 50.538856 25.170781 -0.000000 0.000000 0.000000 -0.000000 0.000000 0.000000 -0.000000 0.000000 0.000000 16.095554 5.143783 -11.065907 -0.000000 0.000000 -0.000000 -20.478460 -46.978140 -27.766037 -0.954605 -21.922354 6.555570 2.625414 -3.183772 21.280174 14.847460 19.195666 -35.986372 -30.927642 -59.525494 -35.080220 -5.659432 -10.633153 9.716304 -2.738306 -2.278490 13.645419 22.540042 18.768977 -32.752162 -115.401735 -78.910988 -125.746540 -12.785929 57.384986 5.504738 -0.286931 13.458903 26.840506 -13.959255 -25.332874 -28.427889 -30.989196 -59.576589 -30.483121 7.098188 24.656805 -10.235313 0.699724 -10.595136 28.602904 -0.906396 -1.253859 -29.603170
0.365059 0.011186 0.509537 -10.058428 50.939318 24.467370 0.000000 -0.000000 0.000000 0.000000 -0.000000 0.000000 0.000000 -0.000000 0.000000 15.500142 4.298706 -9.809033 -0.000000 -0.000000 -0.000000 -20.911387 -49.163205 -28.858191 -0.853900 -24.788182 3.346576 2.518227 -1.349216 21.736704 14.855996 22.848582 -32.441390 -30.230983 -58.428662 -33.810602 -5.661732 -8.900327 10.768028 -2.539312 -3.661892 12.123457 21.330707 17.392444 -32.137704 -105.846758 -79.792938 -115.251851 -9.454137 53.910654 2.531857 -0.095021 12.367607 26.786990 -13.412869 -22.654710 -27.922164 -38.847298 -64.146289 -38.450058 8.833718 33.897327 -9.927131 1.852611 -12.653874 29.802494 -3.561387 -1.709527 -30.610927
0.364369 0.010478 0.507519 -9.036965 51.371247 23.463791 -0.000000 -0.000000 0.000000 -0.000000 -0.000000 0.000000 -0.000000 -0.000000 0.000000 14.678948 3.416381 -8.628546 -0.000000 0.000000 -0.000000 -21.040885 -51.303751 -29.636287 -1.175169 -28.185786 0.216376 2.341286 0.005851 21.661454 14.765155 27.343124 -28.477562 -29.467282 -57.119726 -32.322792 -5.545830 -7.378572 11.385884 -2.310184 -4.792736 10.240988 19.692935 16.057066 -30.636426 -90.071046 -80.359734 -98.299605 -5.807852 49.034169 -0.556522 0.340003 10.194848 26.659131 -12.544602 -18.302978 -27.080137 -49.681565 -68.156515 -49.381930 10.566660 43.172514 -9.890360 3.240542 -14.698166 31.306078 -6.407865 -1.906019 -31.708282
0.363699 0.010260 0.505992 -7.859499 51.801064 22.321670 0.000000 -0.000000 -0.000000 0.000000 -0.000000 -0.000000 0.000000 -0.000000 -0.000000 13.743058 2.628907 -7.749748 0.000000 0.000000 0.000000 -21.175021 -53.510783 -30.399239 -1.744669 -31.349529 -2.374064 2.055286 0.974646 20.661262 14.170502 32.045153 -23.898298 -28.737379 -55.613845 -30.794529 -5.246394 -6.107962 11.502694 -1.954156 -5.448945 8.674166 17.746500 14.394722 -28.822315 -70.379751 -79.815879 -77.426310 -2.528216 42.805981 -3.018587 0.833665 6.998029 26.023858 -11.091010 -12.498576 -25.530876 -62.958944 -70.976869 -62.749455 11.954641 51.519455 -9.963345 5.151072 -16.034093 33.301005 -9.594824 -1.985539 -33.047149
0.363064 0.010564 0.505080 -6.717109 52.184044 21.261511 0.000000 0.000000 -0.000000 0.000000 0.000000 -0.000000 0.000000 0.000000 -0.000000 12.844049 2.005501 -7.234373 -0.000000 -0.000000 -0.000000 -21.646051 -55.855717 -31.518963 -2.299932 -33.435746 -3.932372 1.611225 2.356314 19.198644 12.846758 35.350363 -19.243392 -28.201984 -53.968979 -29.448035 -4.734172 -4.977738 11.192408 -1.478330 -5.660149 7.786829 15.696171 12.277754 -27.214660 -52.861257 -77.742641 -59.091640 -0.396458 35.740040 -4.079543 0.459344 3.533874 24.492882 -8.490396 -6.818781 -23.226997 -76.030474 -72.358727 -75.895293 12.524989 58.155299 -9.717799 7.345071 -16.404366 35.462156 -12.769449 -2.153600 -34.491064
0.362471 0.011351 0.504806 -5.744752 52.467810 20.464000 0.000000 -0.000000 0.000000 0.000000 -0.000000 0.000000 0.000000 -0.000000 0.000000 12.111981 1.556037 -6.990440 0.000000 0.000000 0.000000 -22.648915 -58.203290 -33.200156 -2.638562 -34.062318 -4.386178 1.102546 4.540467 18.247504 11.322808 36.287549 -15.703297 -27.958221 -52.237858 -28.430138 -4.054060 -3.798419 10.669671 -0.942045 -5.610344 7.566851 13.705162 9.765585 -26.115380 -40.172621 -74.171137 -46.288938 0.283691 28.477296 -3.515467 -1.697301 0.654350 21.810647 -4.186345 -3.000465 -20.321404 -85.656196 -72.673845 -85.520371 12.104729 62.582246 -8.901232 9.168089 -16.115930 37.059918 -15.200957 -2.489596 -35.596667
0.361920 0.012513 0.505087 -4.982940 52.603842 20.001127 0.000000 0.000000 -0.000000 0.000000 0.000000 -0.000000 0.000000 0.000000 -0.000000 11.620946 1.292582 -6.867402 0.000000 0.000000 0.000000 -24.188715 -60.265846 -35.390309 -2.727624 -33.324409 -4.210756 0.655713 6.966433 18.455535 10.276103 35.308638 -14.029577 -27.969402 -50.478826 -27.765586 -3.314084 -2.504231 10.157361 -0.376390 -5.331750 8.006942 11.851346 6.904625 -25.750052 -31.248295 -69.058782 -37.980111 -0.010878 21.133846 -1.923338 -5.255490 -1.463916 18.156076 1.426716 -1.050448 -17.014729 -90.653789 -72.501922 -90.405950 11.111257 64.787153 -7.793269 10.135319 -15.454681 37.717265 -16.528220 -3.070199 -36.159632
0.361420 0.013912 0.505776 -4.394336 52.580382 19.811697 -0.000000 0.000000 0.000000 -0.000000 0.000000 0.000000 -0.000000 0.000000 0.000000 11.361409 1.228678 -6.760699 0.000000 0.000000 0.000000 -25.914332 -61.720180 -37.634367 -2.685129 -31.837592 -4.025636 0.305303 8.819901 19.784144 9.892789 33.608727 -14.010264 -28.108103 -48.808469 -27.380563 -2.641539 -1.210276 9.781763 0.258804 -4.515050 9.182876 10.056900 3.614607 -26.240631 -25.093703 -62.635814 -32.616855 -0.377722 13.659079 -0.500282 -9.111197 -2.676048 14.408212 7.080952 -0.249987 -13.893518 -91.986379 -72.195179 -91.570577 10.030114 65.379875 -6.747641 10.224967 -14.601906 37.764109 -16.917814 -3.879767 -36.477746
0.360987 0.015401 0.506697 -3.899220 52.438433 19.751551 -0.000000 0.000000 0.000000 -0.000000 0.000000 0.000000 -0.000000 0.000000 0.000000 11.241205 1.346459 -6.679465 -0.000000 -0.000000 -0.000000 -27.168142 -62.341905 -39.176412 -2.651252 -30.625500 -4.198737 0.073701 9.774477 21.717499 10.038803 32.273298 -14.961379 -28.254563 -47.395329 -27.179872 -2.144389 -0.042526 9.583704 1.010679 -2.835990 10.934710 8.138458 -0.123336 -27.406439 -21.321789 -56.034998 -29.185984 -0.318900 6.760025 -0.008436 -12.090447 -2.841653 11.798149 11.323095 -0.249601 -11.777384 -91.284539 -71.875681 -90.728840 8.906239 65.241113 -5.717828 9.767268 -13.964798 37.751212 -16.639627 -4.655302 -36.885776
0.360634 0.016831 0.507675 -3.429998 52.239761 19.702461 0.000000 0.000000 -0.000000 0.000000 0.000000 -0.000000 0.000000 0.000000 -0.000000 11.157166 1.608507 -6.702149 0.000000 0.000000 0.000000 -27.596913 -62.162009 -39.627615 -2.676019 -30.291712 -4.702193 0.021412 9.957347 23.741858 10.574312 31.732908 -16.396050 -28.347579 -46.398293 -27.121809 -1.901681 1.005563 9.584356 1.820940 -0.487589 12.761157 6.080205 -3.952662 -28.797456 -19.376683 -50.652723 -27.119231 0.019203 1.475198 -0.186308 -13.755607 -2.450877 10.595732 13.689323 -0.658166 -10.769620 -89.862946 -71.572416 -89.229837 7.619689 65.029813 -4.534351 9.161051 -13.988281 37.893909 -15.880530 -5.081585 -37.375513
0.360354 0.018040 0.508536 -2.990752 52.030524 19.655565 -0.000000 0.000000 0.000000 -0.000000 0.000000 0.000000 -0.000000 0.000000 0.000000 11.080334 1.961399 -6.854341 0.000000 -0.000000 -0.000000 -27.527428 -61.499929 -39.390732 -2.725181 -30.540995 -5.170921 0.152564 9.822489 25.680352 11.386256 31.537211 -18.263473 -28.393733 -45.885725 -27.224585 -1.933816 2.018235 9.786058 2.526008 1.779040 14.164022 4.200312 -7.190256 -29.983071 -18.762350 -47.629174 -26.268512 0.139003 -1.227084 -0.411134 -13.535703 -2.040578 10.628336 13.874023 -1.072019 -10.845153 -88.575707 -71.278869 -87.942816 6.110430 65.075325 -3.114991 8.721240 -14.635408 38.091689 -14.944016 -5.150616 -37.770455
0.360122 0.018867 0.509119 -2.649567 51.845379 19.683097 -0.000000 0.000000 -0.000000 -0.000000 0.000000 -0.000000 -0.000000 0.000000 -0.000000 11.046272 2.311335 -7.068619 0.000000 -0.000000 0.000000 -27.401618 -60.732190 -39.063584 -2.780597 -31.000202 -5.210174 0.329798 10.392993 27.762060 12.296604 30.614099 -20.776975 -28.478818 -45.796853 -27.514168 -2.152349 3.067279 10.120474 2.977526 3.197173 14.946101 2.900597 -9.292039 -30.734190 -19.278763 -47.772881 -26.784722 -0.404498 -0.625179 -0.204007 -12.120299 -1.980110 10.987931 12.864499 -1.153247 -11.302713 -87.942930 -70.981067 -87.426627 4.354564 65.461154 -1.423520 8.592205 -15.328693 38.273799 -14.282718 -5.193726 -38.062372
0.359901 0.019197 0.509277 -2.458256 51.717046 19.840087 0.000000 -0.000000 -0.000000 0.000000 -0.000000 -0.000000 0.000000 -0.000000 -0.000000 11.081183 2.565046 -7.267821 -0.000000 0.000000 -0.000000 -27.168660 -59.956668 -38.709071 -2.912221 -31.976133 -4.763599 0.365324 12.743348 30.324724 13.046876 28.168864 -24.014301 -28.736569 -46.003689 -27.990278 -2.389130 4.143922 10.437311 3.129641 3.485913 15.141452 2.351357 -10.129754 -30.971505 -20.956333 -51.027041 -28.997446 -1.705980 3.181249 0.797067 -11.213052 -2.564188 10.239914 12.428906 -0.645052 -10.784609 -88.139708 -70.672868 -87.883413 2.432156 66.078076 0.474044 8.695696 -15.414642 38.445633 -14.226713 -5.599088 -38.367755
0.359652 0.018997 0.508912 -2.417787 51.657215 20.141639 0.000000 0.000000 0.000000 0.000000 0.000000 0.000000 0.000000 0.000000 0.000000 11.188937 2.719231 -7.452914 -0.000000 0.000000 -0.000000 -26.454905 -58.942734 -37.955897 -3.181762 -33.731377 -4.055457 0.226089 16.502066 33.229417 13.450659 24.554050 -27.623271 -29.255820 -46.402120 -28.651274 -2.517849 5.015492 10.572150 3.017393 2.912854 14.883994 2.520845 -9.811473 -30.709429 -23.990720 -56.086077 -33.040911 -3.550057 9.132689 2.534280 -11.326947 -3.593484 7.801808 12.874118 0.099603 -8.640683 -89.029908 -70.336636 -89.163328 0.562535 66.747866 2.372055 9.024539 -14.678813 38.650943 -14.905651 -6.362742 -38.725377
0.359347 0.018326 0.508011 -2.531676 51.644838 20.620483 -0.000000 -0.000000 -0.000000 -0.000000 -0.000000 -0.000000 -0.000000 -0.000000 -0.000000 11.389323 2.846005 -7.700825 -0.000000 -0.000000 -0.000000 -25.191830 -57.492818 -36.704434 -3.523842 -35.448165 -3.175405 0.148450 19.499976 35.601875 13.590551 21.073598 -30.949117 -30.022693 -46.917923 -29.514152 -2.535141 5.191435 10.446186 2.685929 1.992084 14.384264 3.375881 -8.411285 -30.112898 -28.773692 -61.432691 -38.690816 -5.464725 16.156247 4.243630 -11.487798 -4.362756 4.571481 12.952767 0.170576 -5.524499 -90.346722 -69.931527 -90.974944 -0.991342 67.368611 4.014075 9.768825 -13.310362 39.022591 -16.373030 -7.113066 -39.144546
0.358974 0.017321 0.506654 -2.838239 51.647122 21.334510 -0.000000 -0.000000 -0.000000 -0.000000 -0.000000 -0.000000 -0.000000 -0.000000 -0.000000 11.708187 2.969012 -8.092241 -0.000000 0.000000 -0.000000 -23.757860 -55.721538 -35.352115 -3.797562 -35.817950 -2.005205 0.382226 19.784470 36.451692 13.652850 18.743737 -33.363067 -30.954698 -47.478702 -30.587832 -2.536246 4.217662 10.118955 2.147754 1.049710 13.845790 4.959625 -5.896795 -29.480357 -35.439468 -66.009251 -45.480404 -6.611079 23.322465 4.855496 -10.557677 -4.237230 2.523185 11.344505 -1.299784 -3.062032 -91.801592 -69.421306 -93.005057 -1.955239 67.923380 5.122762 10.939983 -11.676578 39.623603 -18.452520 -7.515005 -39.624090
0.358551 0.016160 0.504986 -3.364548 51.630526 22.304276 0.000000 0.000000 0.000000 0.000000 0.000000 0.000000 0.000000 0.000000 0.000000 12.140711 3.023429 -8.637989 -0.000000 -0.000000 0.000000 -22.527491 -53.887312 -34.301003 -3.929022 -34.214970 -0.521390 0.810945 17.148986 35.409612 13.609339 17.614358 -34.422861 -31.958253 -48.033006 -31.844632 -2.645292 2.009688 9.751768 1.385881 0.011595 13.317573 7.340451 -2.197579 -29.082667 -43.294886 -69.293754 -52.562738 -6.265187 29.881755 3.634583 -8.304831 -3.028106 3.230904 7.715215 -4.500084 -2.881101 -93.043181 -68.810531 -94.855595 -2.091656 68.401111 5.441394 12.186933 -10.400470 40.320891 -20.491190 -7.360523 -40.032956
0.358118 0.015006 0.503162 -4.077509 51.543217 23.471597 -0.000000 -0.000000 0.000000 -0.000000 -0.000000 0.000000 -0.000000 -0.000000 0.000000 12.663136 2.967386 -9.262111 -0.000000 0.000000 0.000000 -21.655461 -52.150591 -33.677439 -3.928755 -30.678322 1.160123 1.127478 12.361151 32.673883 13.307071 17.243986 -34.003669 -32.947845 -48.568510 -33.215121 -2.955250 -1.167044 9.516483 0.356293 -1.442998 12.689787 10.574586 2.726540 -29.097957 -51.064940 -71.328379 -59.096741 -4.771888 35.634345 1.034083 -5.283749 -0.854508 6.563186 2.658822 -8.889755 -5.429940 -93.649487 -68.153811 -96.051226 -1.397813 68.729913 4.927918 13.215935 -10.212368 40.991899 -21.715965 -6.421829 -40.163752
0.357723 0.013968 0.501310 -4.891208 51.325250 24.708370 -0.000000 0.000000 -0.000000 -0.000000 0.000000 -0.000000 -0.000000 0.000000 -0.000000 13.262123 2.888129 -9.876743 -0.000000 0.000000 -0.000000 -21.141219 -50.555155 -33.406437 -3.843244 -25.746748 2.893972 1.134992 6.660618 28.958961 12.669751 16.962442 -32.560604 -33.857053 -49.106488 -34.596687 -3.481954 -4.850270 9.524799 -1.034304 -3.669878 11.817508 14.710524 8.814547 -29.698910 -57.701534 -72.452218 -64.656530 -3.218191 40.711143 -1.663886 -2.516296 1.851664 11.283826 -2.649060 -13.557691 -9.975322 -93.273006 -67.540683 -96.222882 -0.152720 68.751532 3.819288 14.039010 -11.376230 41.647712 -21.822291 -4.584639 -39.944755
0.357414 0.013117 0.499534 -5.713822 50.966471 25.851716 0.000000 -0.000000 0.000000 0.000000 -0.000000 0.000000 0.000000 -0.000000 0.000000 13.923336 2.969755 -10.486691 0.000000 0.000000 0.000000 -20.841085 -49.057884 -33.250297 -3.732153 -20.712290 4.508956 0.878084 2.032553 25.441578 11.722325 15.838906 -31.082466 -34.666923 -49.699880 -35.875959 -4.137402 -8.514085 9.769190 -2.875338 -6.798332 10.624601 19.717760 15.734394 -31.066347 -62.784613 -73.050637 -69.139673 -2.337783 45.074901 -3.536264 -0.539666 4.066050 16.026578 -7.241101 -17.210826 -15.078697 -91.830347 -67.070643 -95.305373 1.278708 68.276049 2.461535 14.678005 -13.462123 42.301736 -20.992765 -2.106414 -39.529644
0.357237 0.012515 0.497925 -6.493753 50.536898 26.763337 -0.000000 0.000000 0.000000 -0.000000 0.000000 0.000000 -0.000000 0.000000 0.000000 14.606794 3.355829 -11.187738 0.000000 0.000000 0.000000 -20.528392 -47.546618 -32.877807 -3.628401 -16.799657 5.934024 0.609347 -0.093931 23.020407 10.581609 13.282248 -30.474918 -35.418821 -50.419976 -36.969767 -4.765885 -11.777771 10.080816 -5.022085 -10.270911 9.201428 25.218088 22.643206 -33.168207 -66.653836 -73.478370 -72.908111 -2.377943 48.651900 -4.252862 0.886452 4.776642 19.646473 -10.409359 -18.922334 -19.087070 -89.510322 -66.821989 -93.520726 2.595162 67.172636 1.160646 14.947500 -15.707097 42.845570 -19.540873 0.434541 -39.153837
0.357226 0.012218 0.496554 -7.225197 50.137733 27.381526 0.000000 0.000000 -0.000000 0.000000 0.000000 -0.000000 0.000000 0.000000 -0.000000 15.246562 4.024996 -12.047090 0.000000 0.000000 -0.000000 -20.113149 -45.985259 -32.122953 -3.543834 -14.236252 7.274450 0.527927 -0.017322 21.764902 9.398530 9.597322 -31.033797 -36.188627 -51.316680 -37.858261 -5.232162 -14.509261 10.188937 -6.930342 -12.861018 7.895596 30.260302 28.351728 -35.458872 -70.041273 -73.966670 -76.623875 -3.557791 51.624808 -3.629235 2.401108 3.929521 21.673111 -12.111696 -18.937578 -21.199891 -86.544979 -66.823255 -91.097645 3.650536 65.397889 0.066605 14.616412 -17.395556 43.067505 -17.767550 2.410164 -38.940449
0.357387 0.012253 0.495452 -7.920792 49.839096 27.723569 0.000000 0.000000 -0.000000 0.000000 0.000000 -0.000000 0.000000 0.000000 -0.000000 15.765887 4.775603 -13.006829 -0.000000 -0.000000 -0.000000 -19.727736 -44.527701 -31.121692 -3.492580 -12.306998 8.750508 0.643032 0.853221 21.205812 8.289243 5.588251 -32.552714 -37.047137 -52.392217 -38.583878 -5.485468 -16.683006 9.892296 -8.022165 -13.666422 7.093791 33.757066 32.128956 -37.060822 -73.435557 -74.574249 -80.665053 -6.006668 54.180581 -1.605259 4.231003 2.398893 22.438987 -12.904129 -18.296247 -21.836526 -83.044267 -67.039099 -88.064247 4.553279 62.990492 -0.937128 13.658948 -18.076865 42.852730 -15.996111 3.454363 -38.873480
0.357705 0.012598 0.494603 -8.592757 49.668037 27.853187 0.000000 0.000000 -0.000000 0.000000 0.000000 -0.000000 0.000000 0.000000 -0.000000 16.105494 5.335520 -13.890110 -0.000000 -0.000000 -0.000000 -19.568984 -43.438130 -30.159905 -3.489848 -10.273336 10.512574 0.871815 1.535186 20.924894 7.273065 1.799617 -34.663136 -38.020509 -53.604362 -39.215695 -5.550822 -18.244457 9.175193 -8.243169 -12.842266 6.811091 35.330255 34.148598 -37.464292 -76.889343 -75.253233 -84.938744 -9.448607 56.268191 1.507491 6.061698 1.064304 22.597287 -13.261995 -17.845586 -21.860752 -79.101374 -67.382926 -84.389519 5.576397 60.082418 -2.126258 12.225530 -17.719399 42.265355 -14.446710 3.593475 -38.859015
0.358149 0.013182 0.493955 -9.236240 49.614121 27.844102 0.000000 -0.000000 -0.000000 0.000000 -0.000000 -0.000000 0.000000 -0.000000 -0.000000 16.250714 5.507820 -14.489733 0.000000 -0.000000 0.000000 -19.721425 -42.893374 -29.457773 -3.545516 -8.023017 12.515150 1.177623 2.067189 20.708156 6.266864 -1.661886 -36.955078 -39.058319 -54.869067 -39.800063 -5.485803 -19.153376 8.189170 -7.975556 -11.181304 6.723792 35.392526 35.045991 -36.772961 -80.345753 -75.938290 -89.250375 -13.248283 57.796597 5.067768 7.478070 0.282354 22.585865 -13.338686 -17.856183 -21.822501 -74.873071 -67.745102 -80.140880 6.888168 56.852157 -3.658326 10.543870 -16.685089 41.402626 -13.142747 3.176909 -38.719850
0.358672 0.013901 0.493433 -9.812458 49.631671 27.756057 -0.000000 -0.000000 -0.000000 -0.000000 -0.000000 -0.000000 -0.000000 -0.000000 -0.000000 16.238233 5.260938 -14.680533 -0.000000 -0.000000 -0.000000 -20.123341 -42.879834 -29.096302 -3.654405 -5.959419 14.540333 1.606852 2.859416 20.412978 5.238718 -4.712762 -38.987956 -40.026013 -56.070999 -40.331229 -5.355866 -19.415841 7.211823 -7.610564 -9.456235 6.452528 34.565874 35.388916 -35.342737 -83.770505 -76.565521 -93.435884 -16.728037 58.847249 8.382077 8.302817 -0.012687 22.522798 -13.176416 -18.233642 -21.834195 -70.479696 -68.006066 -75.408942 8.375124 53.473490 -5.424414 8.900633 -15.461398 40.336655 -12.016151 2.636205 -38.295492
0.359214 0.014649 0.492972 -10.282563 49.669533 27.645777 -0.000000 0.000000 -0.000000 -0.000000 0.000000 -0.000000 -0.000000 0.000000 -0.000000 16.150690 4.728320 -14.487559 0.000000 -0.000000 -0.000000 -20.649831 -43.242827 -29.055409 -3.774229 -4.487045 16.312623 2.150620 3.758998 19.961839 4.413675 -6.898773 -40.437915 -40.713882 -57.079835 -40.741584 -5.220198 -19.056902 6.589978 -7.386845 -8.251833 5.707812 33.363602 35.535009 -33.546223 -86.929785 -77.075305 -97.145111 -19.365695 59.576504 10.897278 8.624301 0.021674 22.413617 -12.901139 -18.801609 -21.848834 -66.084636 -68.060375 -70.391023 9.680836 50.223489 -7.110142 7.616019 -14.384431 39.278201 -11.071781 2.197014 -37.700611
0.359709 0.015350 0.492525 -10.670423 49.712342 27.592294 -0.000000 -0.000000 0.000000 -0.000000 -0.000000 0.000000 -0.000000 -0.000000 0.000000 16.093404 4.109915 -14.052581 -0.000000 -0.000000 -0.000000 -21.212029 -43.771798 -29.260444 -3.823514 -3.750338 17.615710 2.635306 4.017702 19.463871 4.197072 -7.583234 -41.309455 -40.886356 -57.761535 -40.912809 -5.114823 -18.163984 6.562241 -7.400134 -7.941292 4.427816 32.155291 35.636783 -31.756029 -89.538107 -77.436040 -100.066770 -20.942028 60.079871 12.373340 8.589212 0.281492 22.282167 -12.624307 -19.437145 -21.854824 -62.120586 -67.891898 -65.640691 10.452536 47.569880 -8.402313 6.936274 -13.602916 38.625347 -10.394266 1.819155 -37.360728
0.360093 0.015959 0.492070 -11.056027 49.781280 27.673490 -0.000000 0.000000 0.000000 -0.000000 0.000000 0.000000 -0.000000 0.000000 0.000000 16.139385 3.525116 -13.513357 -0.000000 -0.000000 -0.000000 -21.787751 -44.282653 -29.616833 -3.731793 -3.718199 18.385188 2.886773 3.152362 19.124193 4.790756 -6.567992 -41.891539 -40.404868 -58.028705 -40.747618 -5.052334 -16.933359 7.093979 -7.597696 -8.509824 2.872368 31.101249 35.609268 -30.271855 -91.655843 -77.649219 -102.356658 -21.654442 60.398389 13.007075 8.255978 0.680195 22.142441 -12.298615 -20.095186 -21.856781 -59.131870 -67.616848 -61.883978 10.568268 45.950952 -9.153727 6.817431 -13.123235 38.698463 -9.987187 1.298268 -37.698641
0.360318 0.016448 0.491582 -11.498077 49.898303 27.904907 0.000000 0.000000 0.000000 0.000000 0.000000 0.000000 0.000000 0.000000 0.000000 16.289215 2.968781 -12.927147 0.000000 0.000000 0.000000 -22.361466 -44.665445 -30.015330 -3.476106 -4.386122 18.656628 2.919066 1.397801 19.020958 6.063649 -4.222308 -42.437930 -39.340715 -57.926812 -40.272602 -5.034384 -15.520615 7.975947 -7.799653 -9.572847 1.467183 30.122073 35.170303 -29.216869 -93.606089 -77.743625 -104.455654 -21.884938 60.571038 13.187801 7.627956 1.161547 21.992291 -11.820174 -20.790749 -21.852636 -57.369094 -67.401454 -59.521614 10.076965 45.508309 -9.338051 6.938003 -12.776726 39.540265 -9.768665 0.349838 -38.884620
0.360352 0.016801 0.491034 -11.978801 50.057724 28.214598 0.000000 0.000000 0.000000 0.000000 0.000000 0.000000 0.000000 0.000000 0.000000 16.490956 2.423964 -12.313130 0.000000 0.000000 0.000000 -22.869215 -44.865021 -30.319920 -3.064857 -5.834923 18.428720 2.844699 -0.801370 19.077119 7.824667 -0.934097 -42.966596 -37.923291 -57.620546 -39.611707 -5.056050 -13.891827 9.010686 -7.788600 -10.666236 0.562346 29.001430 33.999668 -28.541867 -95.539726 -77.773575 -106.549533 -21.834968 60.637616 13.119941 6.756042 1.774832 21.888507 -11.246355 -21.574634 -21.906381 -56.719836 -67.354832 -58.503192 8.978747 46.134791 -8.901024 6.983018 -12.359827 40.876496 -9.666916 -1.271284 -40.743987
0.360190 0.017012 0.490411 -12.415666 50.227827 28.479360 -0.000000 -0.000000 0.000000 -0.000000 -0.000000 0.000000 -0.000000 -0.000000 0.000000 16.683894 1.961499 -11.724967 0.000000 0.000000 0.000000 -23.234820 -44.860381 -30.405918 -2.519713 -8.116121 17.634300 2.739664 -3.216050 19.153948 9.970822 3.174434 -43.327623 -36.372071 -57.243933 -38.837758 -5.090195 -12.013553 9.995071 -7.385561 -11.374549 0.371832 27.517846 31.892171 -28.095008 -97.308040 -77.805120 -108.450196 -21.522317 60.621706 12.817538 5.759628 2.625515 21.930204 -10.775286 -22.496164 -22.129041 -56.922231 -67.505403 -58.555860 7.213860 47.589769 -7.757340 6.896331 -11.882747 42.109019 -9.631273 -3.510890 -42.665553
0.359854 0.017092 0.489713 -12.697325 50.366248 28.573810 -0.000000 0.000000 -0.000000 -0.000000 0.000000 -0.000000 -0.000000 0.000000 -0.000000 16.813104 1.714473 -11.264450 -0.000000 -0.000000 0.000000 -23.436676 -44.695550 -30.239828 -1.899310 -11.103906 16.259522 2.658489 -5.590565 19.117153 12.316427 7.900891 -43.329077 -34.801495 -56.801646 -37.913537 -5.071277 -10.082268 10.674595 -6.518378 -11.341938 0.943395 25.551249 28.882690 -27.671781 -98.649274 -77.892784 -109.845140 -20.999992 60.537767 12.326372 4.781592 3.712602 22.140152 -10.543087 -23.529244 -22.541671 -57.706805 -67.820176 -59.343757 4.884478 49.486884 -5.967936 6.775288 -11.443115 42.537822 -9.579423 -6.038311 -43.834976
0.359370 0.017068 0.488955 -12.710122 50.429796 28.391479 -0.000000 0.000000 -0.000000 -0.000000 0.000000 -0.000000 -0.000000 0.000000 -0.000000 16.823403 1.814598 -11.060428 0.000000 -0.000000 0.000000 -23.508084 -44.475830 -29.880976 -1.289042 -14.485843 14.385069 2.652123 -7.432351 18.960745 14.494097 12.715655 -42.819451 -33.235661 -56.242510 -36.772831 -4.933307 -8.350398 10.882352 -5.330455 -10.503409 2.052326 23.189154 25.322657 -27.093158 -99.308985 -78.072411 -110.439069 -20.388495 60.403739 11.759021 3.934428 4.885429 22.425846 -10.529910 -24.553737 -23.029381 -58.818157 -68.233881 -60.494723 2.310171 51.437886 -3.803705 6.593042 -10.992675 41.817066 -9.385895 -8.611202 -43.817238
0.358757 0.016978 0.488149 -12.386791 50.391747 27.869253 0.000000 0.000000 0.000000 0.000000 0.000000 0.000000 0.000000 0.000000 0.000000 16.677197 2.331781 -11.192533 -0.000000 0.000000 -0.000000 -23.477928 -44.276844 -29.378160 -0.747123 -17.930702 12.090218 2.729775 -8.352334 18.883116 16.174369 17.065465 -41.784250 -31.646882 -55.559039 -35.394673 -4.672075 -6.846442 10.669100 -4.150764 -9.267304 3.296907 20.723644 21.751486 -26.312339 -99.117756 -78.366779 -110.030676 -19.756620 60.239726 11.176085 3.230100 5.962732 22.653420 -10.592458 -25.453132 -23.427636 -60.075046 -68.699921 -61.706157 -0.193010 53.293302 -1.560205 6.276706 -10.456674 40.263415 -9.016990 -11.122519 -42.893931
0.358028 0.016855 0.487305 -11.759963 50.269131 27.026460 0.000000 0.000000 0.000000 0.000000 0.000000 0.000000 0.000000 0.000000 0.000000 16.376203 3.190089 -11.588020 -0.000000 -0.000000 -0.000000 -23.324089 -44.088443 -28.706110 -0.313276 -21.273601 9.434548 2.861586 -8.354648 19.134396 17.279326 20.693486 -40.394007 -30.000293 -54.771509 -33.806343 -4.334233 -5.465188 10.216654 -3.277148 -8.254416 4.356410 18.485287 18.648532 -25.405567 -98.118189 -78.777763 -108.656078 -19.080319 60.053571 10.547561 2.588547 6.843440 22.738540 -10.567825 -26.186019 -23.627872 -61.462684 -69.220121 -62.896623 -2.396772 55.085989 0.537818 5.933882 -9.917638 38.517964 -8.618709 -13.341961 -41.652810
0.357206 0.016722 0.486437 -10.929262 50.119281 25.950433 -0.000000 -0.000000 0.000000 -0.000000 -0.000000 0.000000 -0.000000 -0.000000 0.000000 15.938382 4.160923 -12.039821 -0.000000 0.000000 -0.000000 -22.985781 -43.880420 -27.827272 -0.060701 -24.513189 6.558304 3.024950 -7.551673 19.822794 17.869598 23.485021 -38.882799 -28.321529 -53.881245 -32.076839 -3.947261 -4.229480 9.636908 -2.828818 -7.859007 5.046333 16.662119 16.327207 -24.380252 -96.525860 -79.278189 -106.549082 -18.276203 59.824017 9.791761 1.944321 7.528170 22.681147 -10.400863 -26.751540 -23.623639 -63.053792 -69.805953 -64.115837 -3.995073 56.792112 2.187474 5.770008 -9.569399 37.088952 -8.406042 -14.875044 -40.527340
0.356322 0.016602 0.485572 -9.977315 50.000351 24.735086 0.000000 0.000000 0.000000 0.000000 0.000000 0.000000 0.000000 0.000000 0.000000 15.364593 4.976968 -12.340713 -0.000000 0.000000 -0.000000 -22.437531 -43.698107 -26.793593 -0.064161 -27.574465 3.735123 3.189511 -5.911618 20.888335 17.953558 25.225463 -37.394650 -26.723653 -52.898123 -30.320260 -3.479194 -3.294398 8.876681 -2.758532 -8.071690 5.215623 15.216679 14.921531 -23.006200 -94.560333 -79.820596 -103.952464 -17.256268 59.511310 8.830979 1.297082 8.088509 22.538914 -10.167799 -27.156105 -23.486866 -64.793380 -70.427876 -65.290216 -4.665890 58.289152 3.040041 5.963522 -9.556644 36.405262 -8.602977 -15.383093 -39.899792
0.355401 0.016526 0.484738 -8.976434 49.955952 23.477097 0.000000 -0.000000 -0.000000 0.000000 -0.000000 -0.000000 0.000000 -0.000000 -0.000000 14.664548 5.417986 -12.347387 -0.000000 0.000000 -0.000000 -21.758557 -43.656634 -25.760504 -0.293750 -30.151803 1.299609 3.274993 -3.560267 22.157399 17.556609 25.773108 -36.011499 -25.346430 -51.887084 -28.679707 -2.873596 -2.687967 7.844418 -2.925314 -8.673321 4.707519 13.926185 14.331184 -20.933077 -92.537653 -80.350278 -101.224688 -16.021048 59.103204 7.675638 0.664617 8.600842 22.381787 -9.967399 -27.424352 -23.309577 -66.481774 -71.030740 -66.240778 -4.410895 59.463643 3.022146 6.507322 -9.892097 36.708641 -9.226667 -14.891774 -40.040280
0.354450 0.016530 0.483960 -8.037009 50.026049 22.298915 -0.000000 0.000000 -0.000000 -0.000000 0.000000 -0.000000 -0.000000 0.000000 -0.000000 13.904123 5.356541 -11.981881 0.000000 -0.000000 0.000000 -21.108510 -43.862874 -24.905463 -0.595353 -31.871936 -0.496647 3.212166 -1.111927 23.408698 16.892097 25.414860 -34.853655 -24.259532 -50.944784 -27.274581 -2.147456 -2.145128 6.659421 -3.164586 -9.569312 3.399312 12.558085 14.234638 -18.039293 -91.065699 -80.825211 -99.055074 -14.708768 58.645653 6.462766 0.058450 9.080124 22.263711 -9.832525 -27.587959 -23.160375 -67.952101 -71.576389 -66.907691 -3.600074 60.245901 2.422415 7.191920 -10.400215 37.742027 -10.015256 -13.836702 -40.784570
0.353463 0.016629 0.483248 -7.252024 50.220971 21.294167 -0.000000 -0.000000 -0.000000 -0.000000 -0.000000 -0.000000 -0.000000 -0.000000 -0.000000 13.184982 4.865313 -11.305347 -0.000000 0.000000 -0.000000 -20.642262 -44.364489 -24.349122 -0.801916 -32.559827 -1.606382 3.028117 0.653468 24.478141 16.276636 24.783516 -34.025294 -23.399260 -50.105825 -26.129996 -1.436670 -1.321072 5.676994 -3.373599 -10.879907 1.442203 11.121794 14.268443 -14.763544 -90.711686 -81.230848 -98.095054 -13.517132 58.215529 5.380041 -0.512918 9.477176 22.194476 -9.719454 -27.663888 -23.049775 -69.126758 -72.048423 -67.353823 -2.644262 60.609351 1.616671 7.850618 -10.802616 39.004433 -10.778120 -12.699232 -41.726387
0.352436 0.016811 0.482596 -6.625604 50.487583 20.473273 -0.000000 0.000000 -0.000000 -0.000000 0.000000 -0.000000 -0.000000 0.000000 -0.000000 12.581294 4.234664 -10.539592 -0.000000 -0.000000 -0.000000 -20.481127 -45.166124 -24.162755 -0.819605 -32.233481 -2.122235 2.796583 1.474415 25.290523 15.836618 24.259252 -33.482441 -22.580325 -49.263091 -25.159333 -0.807387 -0.278966 4.981909 -3.628785 -12.625411 -0.339366 9.916008 14.252885 -11.995041 -91.472431 -81.564635 -98.395061 -12.600636 57.868338 4.578757 -1.059869 9.736932 22.119866 -9.533767 -27.666869 -22.912271 -70.007344 -72.441907 -67.668241 -1.814183 60.642017 0.890016 8.448953 -10.923680 40.193411 -11.525001 -11.735994 -42.619562
0.351370 0.017041 0.481991 -6.131654 50.748889 19.814094 -0.000000 -0.000000 -0.000000 -0.000000 -0.000000 -0.000000 -0.000000 -0.000000 -0.000000 12.127724 3.749705 -9.887722 -0.000000 0.000000 -0.000000 -20.727011 -46.269053 -24.410616 -0.619167 -30.911820 -2.093270 2.538846 1.812361 25.775037 15.378593 23.568988 -33.032980 -21.582190 -48.200096 -24.233938 -0.015427 0.453683 4.004103 -4.084322 -14.466463 -0.998565 9.054526 14.176230 -10.046364 -92.933994 -81.823747 -99.591147 -12.039477 57.614098 4.152059 -1.615985 9.843992 21.946186 -9.176195 -27.623264 -22.639266 -70.746592 -72.770966 -68.028273 -1.297885 60.573219 0.454954 9.008912 -10.807731 41.213949 -12.272705 -11.015392 -43.392904
0.350290 0.017274 0.481429 -5.786078 50.969024 19.306444 -0.000000 -0.000000 -0.000000 -0.000000 -0.000000 -0.000000 -0.000000 -0.000000 -0.000000 11.840789 3.486563 -9.364017 -0.000000 -0.000000 -0.000000 -21.386858 -47.629089 -25.079019 -0.240832 -28.654289 -1.520647 2.233254 2.320687 25.829104 14.621966 22.178698 -32.488128 -20.245386 -46.728295 -23.259045 1.531908 0.264074 1.671337 -4.696201 -15.715643 -0.354216 7.991707 13.896499 -7.778189 -94.782815 -82.023475 -101.423741 -11.844645 57.426356 4.129714 -2.205109 9.825357 21.601251 -8.602297 -27.559597 -22.152283 -71.571881 -73.077502 -68.641194 -1.153997 60.623554 0.377805 9.549397 -10.626409 42.005005 -12.958665 -10.519700 -43.987898
0.349232 0.017467 0.480919 -5.591291 51.148657 18.894538 -0.000000 0.000000 -0.000000 -0.000000 0.000000 -0.000000 -0.000000 0.000000 -0.000000 11.698921 3.378220 -8.855731 0.000000 0.000000 0.000000 -22.233910 -49.035469 -25.904170 0.177199 -25.892495 -0.535824 1.914254 3.261529 25.388152 13.535005 20.021357 -31.795922 -18.517506 -44.811120 -22.186806 4.468859 -1.192308 -2.946153 -5.333438 -15.706520 1.218719 5.905859 12.970414 -3.494451 -96.886322 -82.217791 -103.759412 -11.970116 57.273288 4.471508 -2.812979 9.737491 21.086242 -7.858131 -27.497994 -21.463561 -72.543769 -73.421040 -69.501829 -1.239612 60.853974 0.516914 10.081120 -10.497307 42.532137 -13.543302 -10.180872 -44.351691
0.348230 0.017600 0.480474 -5.481843 51.287968 18.450345 -0.000000 0.000000 -0.000000 -0.000000 0.000000 -0.000000 -0.000000 0.000000 -0.000000 11.629742 3.359073 -8.267808 -0.000000 0.000000 -0.000000 -22.835211 -50.132326 -26.371630 0.467409 -23.512506 0.563687 1.691232 4.623584 24.495587 12.316251 17.534196 -31.001781 -16.446628 -42.589367 -21.007647 8.827936 -3.761323 -9.595916 -6.038854 -14.347266 2.907791 2.523386 10.789855 3.525093 -99.127767 -82.488733 -106.392379 -12.324924 57.141463 5.069611 -3.406127 9.653770 20.485918 -7.053708 -27.473290 -20.683169 -73.524476 -73.862558 -70.402213 -1.348601 61.201013 0.679038 10.586354 -10.418264 42.858547 -14.057529 -9.925158 -44.529802
0.347292 0.017676 0.480098 -5.392625 51.392526 17.863472 0.000000 -0.000000 -0.000000 0.000000 -0.000000 -0.000000 0.000000 -0.000000 -0.000000 11.563408 3.367097 -7.538478 0.000000 0.000000 0.000000 -22.838618 -50.672430 -26.051809 0.556395 -22.266422 1.523247 1.658283 6.394544 23.288613 11.150365 15.126869 -30.177019 -14.104099 -40.346110 -19.752835 14.037106 -7.010509 -17.126567 -6.937963 -12.052988 3.715729 -1.654327 6.965965 12.870278 -101.519604 -82.906232 -109.215405 -12.797810 57.033899 5.780062 -3.942777 9.642668 19.933803 -6.322730 -27.527878 -19.974704 -74.399852 -74.453427 -71.231433 -1.439248 61.591217 0.842686 10.993367 -10.340538 43.072195 -14.513476 -9.741298 -44.621558
0.346411 0.017701 0.479778 -5.309916 51.485118 17.100684 -0.000000 -0.000000 0.000000 -0.000000 -0.000000 0.000000 -0.000000 -0.000000 0.000000 11.472641 3.337731 -6.628352 0.000000 0.000000 0.000000 -22.224296 -50.715275 -24.923742 0.487342 -22.103734 2.288107 1.821804 8.279911 21.942094 10.156240 13.036866 -29.430176 -11.443047 -38.412498 -18.466338 19.429076 -10.489851 -24.557890 -7.923223 -9.231288 2.716188 -5.909257 1.339371 24.138149 -104.354356 -83.498213 -112.429170 -13.292732 56.962970 6.472231 -4.346142 9.706970 19.515447 -5.779582 -27.650714 -19.445090 -75.169636 -75.221013 -72.065648 -1.667556 61.974182 1.176525 11.240002 -10.250084 43.178752 -14.864843 -9.653933 -44.653398
0.345590 0.017675 0.479499 -5.216202 51.574749 16.161898 0.000000 -0.000000 0.000000 0.000000 -0.000000 0.000000 0.000000 -0.000000 0.000000 11.342786 3.313377 -5.624079 -0.000000 0.000000 0.000000 -21.241250 -50.540963 -23.299793 0.371607 -22.269858 2.916179 2.077135 9.605310 20.636928 9.424255 11.478334 -28.846503 -8.259206 -36.934356 -17.162758 24.587112 -13.717480 -31.428957 -8.818522 -6.356064 -0.005823 -9.357373 -6.045501 36.601147 -107.965558 -84.252449 -116.304250 -13.745642 56.941059 7.059553 -4.532955 9.720100 19.149880 -5.418050 -27.722733 -19.004478 -75.782568 -76.150549 -72.897621 -2.190955 62.301611 1.834349 11.348613 -10.177804 43.108959 -15.063638 -9.649435 -44.549255
0.344856 0.017609 0.479263 -5.053634 51.634850 15.049631 0.000000 -0.000000 0.000000 0.000000 -0.000000 0.000000 0.000000 -0.000000 0.000000 11.137663 3.456244 -4.760418 -0.000000 -0.000000 -0.000000 -20.243836 -50.450380 -21.585102 0.355749 -22.027328 3.376881 2.254858 10.023291 19.574661 8.938417 10.481344 -28.385856 -4.413322 -35.581438 -15.849171 29.138313 -16.023039 -36.947776 -9.495739 -4.395702 -2.922354 -11.074436 -14.035141 48.102036 -112.406925 -85.128344 -120.866455 -14.126081 56.958509 7.516168 -4.507310 9.477094 18.596817 -5.050390 -27.570069 -18.364754 -76.066967 -77.182210 -73.489322 -3.000731 62.550214 2.787696 11.401119 -10.166984 42.799918 -15.103405 -9.683775 -44.218590
0.344234 0.017541 0.479089 -4.778189 51.643139 13.794076 0.000000 -0.000000 0.000000 0.000000 -0.000000 0.000000 0.000000 -0.000000 0.000000 10.825708 3.805106 -4.155032 -0.000000 0.000000 0.000000 -19.549802 -50.627053 -20.093897 0.579172 -21.044373 3.538616 2.229728 9.811270 18.929822 8.558812 9.755512 -27.942956 -0.203709 -33.550947 -14.619029 33.188148 -17.541255 -40.546601 -10.073442 -3.748375 -4.422295 -11.147656 -21.120548 56.943184 -117.840955 -86.064854 -126.311784 -14.450990 56.982238 7.891733 -4.387800 8.865835 17.647023 -4.444453 -27.106005 -17.266823 -75.964225 -78.245938 -73.656245 -3.971182 62.766464 3.885721 11.474502 -10.250402 42.264213 -15.018451 -9.730546 -43.653603
0.343736 0.017519 0.478995 -4.411009 51.623230 12.469919 -0.000000 0.000000 -0.000000 -0.000000 0.000000 -0.000000 -0.000000 0.000000 -0.000000 10.432750 4.101519 -3.579994 0.000000 -0.000000 -0.000000 -19.261215 -51.047252 -18.908825 1.095751 -19.344389 3.299516 1.967306 9.228829 18.755082 8.187408 9.056173 -27.476463 3.607811 -30.078704 -13.678634 37.406910 -19.153224 -42.180699 -10.691995 -3.872479 -4.500501 -10.278631 -26.999607 63.369922 -125.653207 -86.971855 -134.101106 -14.777543 56.991862 8.278228 -4.317311 7.978874 16.313422 -3.540806 -26.409148 -15.724241 -75.732686 -79.295680 -73.577333 -4.997343 63.038801 5.008448 11.623356 -10.456513 41.591700 -14.863439 -9.767365 -42.931091
0.343348 0.017584 0.478983 -4.027751 51.623401 11.194617 0.000000 0.000000 0.000000 0.000000 0.000000 0.000000 0.000000 0.000000 0.000000 10.033184 4.083098 -2.804487 -0.000000 -0.000000 0.000000 -19.214714 -51.498126 -17.902521 1.816396 -17.406455 2.635405 1.528052 8.331524 18.936109 7.860570 8.498479 -26.977454 6.389969 -24.945762 -13.187678 42.304371 -21.017949 -41.727343 -11.243639 -4.170790 -3.838761 -8.924967 -32.055307 67.922443 -139.016062 -87.701726 -147.475401 -15.156734 57.002228 8.738760 -4.359668 7.019961 14.809336 -2.478454 -25.640522 -13.995506 -75.793673 -80.292145 -73.678148 -6.009231 63.412542 6.085582 11.878033 -10.819752 40.896504 -14.678771 -9.737017 -42.147012
0.343036 0.017770 0.479032 -3.719423 51.672879 10.114337 0.000000 -0.000000 0.000000 0.000000 -0.000000 0.000000 0.000000 -0.000000 0.000000 9.671022 3.928339 -2.161061 -0.000000 0.000000 -0.000000 -19.172437 -51.779806 -16.960905 2.542668 -16.067937 1.624666 1.065343 7.446122 19.240460 7.635498 8.310228 -26.383742 7.928087 -18.307791 -13.138523 47.947273 -21.950348 -39.142698 -11.452947 -4.506652 -2.545134 -7.326860 -36.918619 70.169405 -159.159496 -88.053022 -167.707969 -15.599201 57.043275 9.276359 -4.511481 6.148561 13.386538 -1.431687 -24.928492 -12.374045 -76.473163 -81.170213 -74.343878 -6.943921 63.862012 7.062203 12.246667 -11.359491 40.290369 -14.488966 -9.559361 -41.392602
0.342757 0.018090 0.479100 -3.563658 51.778039 9.389264 -0.000000 0.000000 0.000000 -0.000000 0.000000 0.000000 -0.000000 0.000000 0.000000 9.312286 4.085359 -2.415277 -0.000000 0.000000 -0.000000 -19.024265 -51.875697 -16.167192 3.052577 -15.849720 0.522224 0.739671 6.959320 19.399048 7.525897 8.595085 -25.641476 8.018321 -10.491773 -13.338871 54.033722 -20.443354 -35.169812 -11.156133 -4.885607 -0.401972 -5.624058 -42.599790 69.549388 -176.849506 -87.953796 -185.579663 -16.069993 57.129896 9.841294 -4.760210 5.451434 12.233491 -0.504774 -24.352024 -11.066254 -78.036467 -81.830564 -75.922076 -7.778649 64.338090 7.927588 12.742121 -12.045347 39.883148 -14.343280 -9.174300 -40.761270
0.342491 0.018539 0.479143 -3.606416 51.943286 9.166254 -0.000000 0.000000 0.000000 -0.000000 0.000000 0.000000 -0.000000 0.000000 0.000000 8.958588 4.673041 -3.917606 -0.000000 0.000000 0.000000 -18.814390 -51.928767 -15.767851 3.201786 -16.508125 -0.287090 0.631369 6.668662 19.170395 7.570600 9.472395 -24.792676 6.291941 -2.384075 -13.358660 59.989240 -15.640642 -31.508005 -10.393763 -5.478715 2.568640 -4.021201 -49.914469 66.354807 -183.000548 -87.591428 -191.986345 -16.508385 57.259549 10.356324 -5.078617 4.962049 11.425716 0.260575 -23.945157 -10.147602 -80.711183 -82.154971 -78.706325 -8.500397 64.795415 8.681616 13.356449 -12.798392 39.708977 -14.289163 -8.587450 -40.287268
0.342237 0.019094 0.479129 -3.841206 52.171006 9.490183 -0.000000 -0.000000 -0.000000 -0.000000 -0.000000 -0.000000 -0.000000 -0.000000 -0.000000 8.705032 5.164083 -6.051211 -0.000000 0.000000 0.000000 -18.667539 -52.155173 -15.994449 2.994513 -17.415392 -0.516850 0.731774 6.010735 18.441611 7.830419 11.106680 -23.929992 2.862574 4.622555 -12.807873 65.164851 -7.803444 -29.550849 -9.209342 -6.573034 5.857940 -2.949962 -58.658519 61.647926 -179.529445 -87.100480 -188.800226 -16.868994 57.428940 10.762798 -5.428148 4.638173 10.873158 0.897800 -23.667302 -9.513672 -84.270292 -82.074234 -82.473710 -9.023206 65.181900 9.245456 13.973183 -13.517410 39.627512 -14.284371 -7.917049 -39.877345
0.342007 0.019733 0.479046 -4.206266 52.451169 10.227617 -0.000000 0.000000 0.000000 -0.000000 0.000000 0.000000 -0.000000 0.000000 0.000000 8.590232 5.106433 -7.997406 0.000000 0.000000 0.000000 -18.699597 -52.723498 -16.876822 2.560182 -18.157052 -0.175857 0.952233 4.839462 17.340214 8.281479 13.400173 -23.133242 -1.623602 9.784586 -11.675242 69.236842 2.033870 -29.168301 -7.340190 -8.286777 8.849703 -3.097530 -67.813083 56.038082 -172.291876 -86.456341 -181.827951 -17.152828 57.641315 11.057271 -5.803566 4.400062 10.394917 1.510325 -23.444066 -8.963288 -88.003524 -81.654468 -86.465191 -9.266589 65.461364 9.537823 14.426683 -14.093072 39.431434 -14.251126 -7.352083 -39.406388
0.341807 0.020432 0.478884 -4.633095 52.768720 11.175029 -0.000000 0.000000 -0.000000 -0.000000 0.000000 -0.000000 -0.000000 0.000000 -0.000000 8.571236 4.372318 -9.281419 0.000000 0.000000 -0.000000 -18.933794 -53.542704 -18.189162 2.045510 -18.850914 0.424660 1.185890 3.652214 16.261836 8.814604 15.871282 -22.528901 -6.886646 13.192035 -10.033391 71.555117 12.883144 -28.876345 -3.916505 -10.032607 11.033687 -6.527055 -76.421530 47.715107 -165.677860 -85.639456 -175.431198 -17.392862 57.899890 11.276011 -6.211873 4.231419 9.909617 2.151656 -23.264033 -8.405446 -91.456867 -81.040777 -90.190684 -9.293692 65.649839 9.619674 14.699009 -14.427189 39.106016 -14.234964 -6.997472 -38.896968
0.341632 0.021152 0.478625 -5.110264 53.105050 12.265390 0.000000 0.000000 -0.000000 0.000000 0.000000 -0.000000 0.000000 0.000000 -0.000000 8.682742 2.917467 -9.513966 0.000000 -0.000000 0.000000 -19.216208 -54.167986 -19.541309 1.493597 -20.125559 0.868391 1.406120 3.015411 15.700343 9.408946 18.104949 -22.368884 -12.890697 15.098268 -7.991950 70.411341 24.211285 -26.419431 2.414586 -10.931134 12.248618 -25.959849 -83.188497 23.703559 -160.481122 -84.678607 -170.411034 -17.603104 58.197016 11.439703 -6.625319 4.183531 9.486843 2.757264 -23.175886 -7.913614 -94.518972 -80.293537 -93.544410 -9.195735 65.785519 9.583563 14.936365 -14.468297 38.881752 -14.399016 -6.788729 -38.537432
0.341471 0.021848 0.478242 -5.682688 53.415965 13.608680 0.000000 0.000000 -0.000000 0.000000 0.000000 -0.000000 0.000000 0.000000 -0.000000 9.027124 0.963806 -8.743025 -0.000000 -0.000000 -0.000000 -19.252890 -54.032369 -20.558315 0.818769 -22.730432 0.857779 1.662255 2.982363 15.958589 10.224867 20.199246 -22.932965 -19.009246 15.887091 -5.998320 63.466480 34.249827 -19.139509 11.320518 -9.952250 12.839832 -60.959849 -83.813465 -11.296441 -155.534359 -83.595232 -165.637504 -17.754663 58.510749 11.529403 -7.013228 4.284972 9.211278 3.246070 -23.200190 -7.576403 -96.883090 -79.348058 -96.230083 -8.877629 65.866652 9.336078 15.259818 -14.210636 39.025421 -14.870951 -6.582619 -38.536370
0.341306 0.022490 0.477704 -6.384343 53.630193 15.329646 0.000000 -0.000000 -0.000000 0.000000 -0.000000 -0.000000 0.000000 -0.000000 -0.000000 9.620429 -0.690959 -7.896847 -0.000000 0.000000 -0.000000 -18.875323 -52.857451 -21.129295 -0.089951 -26.848125 0.313501 2.004672 3.134239 16.982071 11.444381 22.500138 -24.312475 -24.565107 16.283010 -4.428636 49.855758 39.744778 -5.872077 20.414243 -6.742690 13.396922 -95.959849 -77.397145 -46.296441 -149.964690 -82.393467 -160.279169 -17.810400 58.810902 11.521997 -7.381601 4.512379 9.079570 3.613064 -23.302723 -7.387078 -98.113420 -78.130260 -97.801004 -8.145151 65.856195 8.681162 15.655121 -13.658841 39.646762 -15.656755 -6.299134 -38.993112
0.341112 0.023059 0.476986 -7.186733 53.688744 17.411523 -0.000000 0.000000 0.000000 -0.000000 0.000000 0.000000 -0.000000 0.000000 0.000000 10.375828 -1.411698 -7.819613 0.000000 0.000000 0.000000 -18.226662 -50.857007 -21.487961 -1.232322 -31.724770 -0.632529 2.433558 2.912180 18.428539 13.086545 25.110964 -26.322129 -29.792581 16.621748 -3.133544 33.228038 38.158682 9.933732 28.530556 -1.942468 14.219445 -99.337388 -69.330995 -81.296441 -143.902500 -81.081004 -154.484849 -17.762988 59.060994 11.425037 -7.742234 4.854965 9.063492 3.877776 -23.458300 -7.313017 -98.151210 -76.655829 -98.185421 -6.983483 65.734433 7.599498 16.047127 -12.831648 40.683084 -16.676976 -5.951972 -39.873130
0.340864 0.023540 0.476082 -8.013485 53.579261 19.694526 0.000000 -0.000000 -0.000000 0.000000 -0.000000 -0.000000 0.000000 -0.000000 -0.000000 11.245475 -1.294934 -8.444991 0.000000 0.000000 0.000000 -17.611671 -48.573865 -21.982564 -2.439794 -36.155461 -1.686961 2.895664 1.923658 19.899160 15.007709 27.851737 -28.629140 -35.062055 16.567880 -1.940322 20.916088 31.191633 21.427211 35.431080 3.397912 15.252149 -99.044887 -61.792130 -96.417116 -137.970828 -79.695975 -148.868236 -17.625899 59.216450 11.264179 -8.096246 5.343483 9.191398 4.032998 -23.683832 -7.382627 -97.342091 -75.026499 -97.728205 -5.592946 65.511157 6.286341 16.365328 -11.804914 41.955323 -17.795448 -5.594043 -41.030737
0.340550 0.023924 0.475011 -8.776010 53.333850 21.940362 0.000000 0.000000 -0.000000 0.000000 0.000000 -0.000000 0.000000 0.000000 -0.000000 12.187169 -0.783756 -9.277578 -0.000000 0.000000 -0.000000 -17.278569 -46.589168 -22.822966 -3.435201 -39.223493 -2.472000 3.323430 0.256863 21.165245 16.965474 30.342100 -30.943185 -40.001143 15.669945 -1.085933 13.857982 23.613294 27.786386 40.884087 8.433231 16.616612 -98.661165 -55.271632 -97.139203 -132.754326 -78.329002 -143.987834 -17.407720 59.239592 11.056225 -8.450210 6.007887 9.529804 4.059313 -24.005307 -7.665625 -96.087930 -73.401366 -96.816677 -4.172236 65.195447 4.934045 16.554332 -10.731819 43.247644 -18.832765 -5.250566 -42.262471
0.340169 0.024208 0.473821 -9.386543 53.005949 23.877919 0.000000 0.000000 0.000000 0.000000 0.000000 0.000000 0.000000 0.000000 0.000000 13.098766 -0.202289 -9.954222 0.000000 0.000000 0.000000 -17.310369 -45.265262 -23.966358 -3.986682 -40.547938 -2.647917 3.652450 -1.453701 22.190726 18.577952 31.938182 -33.022160 -43.928757 13.958648 -0.857335 9.261039 17.428858 31.478058 42.924944 12.459689 19.425834 -97.960584 -48.977257 -97.701888 -128.622124 -77.123635 -140.174131 -17.112292 59.128748 10.806060 -8.767557 6.848928 10.153494 3.878971 -24.434506 -8.249842 -94.653006 -71.973395 -95.661300 -2.791773 64.787867 3.604896 16.679669 -9.779224 44.486633 -19.702365 -4.830160 -43.441574
0.339742 0.024392 0.472571 -9.779884 52.646921 25.302098 -0.000000 -0.000000 0.000000 -0.000000 -0.000000 0.000000 -0.000000 -0.000000 0.000000 13.866727 0.420759 -10.465591 -0.000000 0.000000 -0.000000 -17.624199 -44.614870 -25.182721 -4.069558 -40.236889 -2.078864 3.829923 -2.551147 22.976956 19.459592 32.106491 -34.649020 -46.957587 11.704506 -1.075268 5.810527 11.378039 33.484943 39.285242 14.307634 24.763385 -95.651728 -42.605001 -98.080076 -125.634964 -76.210988 -137.444305 -16.754958 58.928594 10.519461 -8.916721 7.837789 11.130592 3.310801 -24.960988 -9.239396 -93.163356 -70.890029 -94.319788 -1.429339 64.297106 2.271702 17.013423 -8.972099 45.873569 -20.583649 -4.109614 -44.644918
0.339298 0.024486 0.471325 -9.959706 52.294473 26.208504 -0.000000 -0.000000 -0.000000 -0.000000 -0.000000 -0.000000 -0.000000 -0.000000 -0.000000 14.453072 1.157521 -10.971232 -0.000000 -0.000000 -0.000000 -17.998786 -44.318826 -26.191332 -3.919361 -38.936720 -0.957928 3.872332 -3.014136 23.484250 19.653605 31.097988 -35.844901 -49.529967 9.030038 -1.515899 3.533383 4.143199 33.478621 30.644820 11.888682 31.466418 -86.510718 -37.381785 -98.226341 -123.550171 -75.605016 -135.536122 -16.367441 58.706219 10.212731 -8.760300 8.910554 12.450689 2.203753 -25.531228 -10.670363 -91.677505 -70.152863 -92.818414 -0.006002 63.735404 0.859425 17.799196 -8.111012 47.678117 -21.796317 -2.945256 -46.062477
0.338863 0.024510 0.470141 -10.000748 51.976312 26.770115 0.000000 -0.000000 0.000000 0.000000 -0.000000 0.000000 0.000000 -0.000000 0.000000 14.903886 1.993391 -11.550439 0.000000 0.000000 -0.000000 -18.177526 -43.961957 -26.785828 -3.827601 -37.486122 0.382608 3.861818 -3.373353 23.708826 19.609794 29.729214 -36.897992 -51.770404 6.036359 -2.198123 2.458088 -3.783710 31.380766 21.202759 4.915517 35.816339 -63.341684 -34.294539 -97.947563 -122.045044 -75.201087 -134.146480 -15.988138 58.518365 9.912596 -8.290159 9.973202 13.969234 0.616920 -26.053358 -12.414600 -90.282025 -69.642230 -91.267545 1.553910 63.115289 -0.695686 18.907496 -6.945988 49.855150 -23.425790 -1.503936 -47.736515
0.338453 0.024495 0.469068 -9.984945 51.712110 27.161737 -0.000000 0.000000 0.000000 -0.000000 0.000000 0.000000 -0.000000 0.000000 0.000000 15.276759 2.833647 -12.159504 -0.000000 0.000000 -0.000000 -18.072443 -43.382523 -26.968204 -3.896782 -36.145543 1.842531 3.827948 -4.054822 23.660474 19.592816 28.430399 -37.991040 -53.672650 2.845612 -3.180482 2.256567 -10.646362 28.097527 14.205619 -3.075603 36.036254 -38.656256 -31.877493 -96.994248 -120.940266 -74.887686 -133.125273 -15.648562 58.397320 9.643764 -7.624782 10.927634 15.476394 -1.200361 -26.443491 -14.229312 -89.114472 -69.245417 -89.871476 3.192328 62.479745 -2.321243 19.924483 -5.450283 52.013532 -25.219258 -0.166024 -49.472266
0.338086 0.024467 0.468152 -9.955793 51.504259 27.470230 0.000000 -0.000000 -0.000000 0.000000 -0.000000 -0.000000 0.000000 -0.000000 -0.000000 15.597667 3.599149 -12.737231 -0.000000 -0.000000 0.000000 -17.880789 -42.808369 -27.015298 -4.038689 -34.414031 3.612755 3.712459 -5.058765 23.254652 19.450658 26.995277 -38.991651 -55.370332 -0.470864 -4.421643 2.681485 -15.104373 24.847664 9.629432 -8.886222 34.310254 -19.845798 -28.825374 -95.541577 -120.159611 -74.613369 -132.405252 -15.363715 58.348141 9.414485 -6.936936 11.688533 16.792203 -2.926988 -26.659748 -15.866709 -88.265717 -68.912441 -88.808194 4.700764 61.905891 -3.798070 20.565571 -3.818783 53.774217 -26.875186 0.777521 -51.019827
0.337778 0.024444 0.467428 -9.931884 51.337462 27.740083 -0.000000 0.000000 0.000000 -0.000000 0.000000 0.000000 -0.000000 0.000000 0.000000 15.879308 4.265216 -13.277437 0.000000 -0.000000 0.000000 -17.880486 -42.547631 -27.252291 -4.169286 -31.876355 5.789026 3.486833 -6.106721 22.432571 18.978571 25.182162 -39.690873 -56.867867 -3.749396 -5.852240 3.476593 -16.946754 22.487488 6.115691 -12.845107 32.872322 -7.162430 -25.677220 -94.276924 -119.575646 -74.364613 -131.853999 -15.121500 58.345013 9.206827 -6.408793 12.195074 17.792499 -4.251118 -26.710201 -17.123989 -87.701382 -68.618353 -88.116496 5.881656 61.447862 -4.927297 20.786135 -2.275275 54.965635 -28.218913 1.228620 -52.223507
0.337542 0.024441 0.466916 -9.921674 51.194837 28.001878 0.000000 0.000000 -0.000000 0.000000 0.000000 -0.000000 0.000000 0.000000 -0.000000 16.133066 4.833486 -13.794665 0.000000 -0.000000 -0.000000 -18.159546 -42.613767 -27.755176 -4.306725 -28.876597 8.115520 3.229196 -6.898890 21.354499 18.237749 23.105218 -40.101072 -57.971975 -6.647337 -7.340902 4.224280 -16.862631 21.344242 2.758473 -16.483112 31.525324 1.846243 -22.885191 -93.415174 -119.015458 -74.142428 -131.289068 -14.873622 58.341801 8.970784 -6.176321 12.436257 18.419887 -4.972292 -26.644534 -17.887580 -87.309648 -68.342831 -87.708532 6.668004 61.102388 -5.651140 20.604521 -1.015791 55.545356 -29.110126 1.189620 -53.010802
0.337382 0.024468 0.466620 -9.910343 51.068566 28.241782 -0.000000 -0.000000 -0.000000 -0.000000 -0.000000 -0.000000 -0.000000 -0.000000 -0.000000 16.350965 5.309677 -14.279798 0.000000 -0.000000 -0.000000 -18.611917 -42.769854 -28.350335 -4.472415 -26.121990 10.225810 3.040412 -7.333588 20.288486 17.457673 21.084633 -40.398214 -58.541104 -8.836161 -8.670710 4.682306 -15.865208 21.151200 -0.256272 -19.894123 29.234370 8.487276 -20.423334 -92.502119 -118.366504 -73.969626 -130.578436 -14.547769 58.297894 8.635654 -6.249392 12.469645 18.717116 -5.123030 -26.522155 -18.199863 -86.991576 -68.089387 -87.453822 7.097499 60.845632 -6.020421 20.090991 -0.167600 55.591014 -29.478620 0.757207 -53.393437
0.337301 0.024520 0.466521 -9.868187 50.956211 28.413082 0.000000 0.000000 -0.000000 0.000000 0.000000 -0.000000 0.000000 0.000000 -0.000000 16.508679 5.701025 -14.710138 0.000000 -0.000000 0.000000 -19.099550 -42.792602 -28.826048 -4.626788 -24.057955 11.883828 2.939415 -7.618568 19.390841 16.865258 19.488041 -40.714370 -58.659852 -10.179135 -9.626936 4.997305 -14.629500 21.350480 -2.249965 -22.158595 26.559087 12.400108 -18.548623 -91.366410 -117.588024 -73.879652 -129.666647 -14.082621 58.188159 8.146758 -6.500741 12.402767 18.815123 -4.957905 -26.381688 -18.243315 -86.689468 -67.881168 -87.236177 7.257644 60.665284 -6.132978 19.417934 0.312536 55.301699 -29.453872 0.111930 -53.481658
0.337283 0.024591 0.466588 -9.792137 50.857963 28.503270 -0.000000 -0.000000 -0.000000 -0.000000 -0.000000 -0.000000 -0.000000 -0.000000 -0.000000 16.597937 5.999772 -15.061546 -0.000000 0.000000 -0.000000 -19.552934 -42.581787 -29.080949 -4.699391 -22.795137 12.967264 2.866591 -8.130845 18.721261 16.649422 18.664514 -41.111507 -58.578281 -10.725315 -10.101849 5.355182 -13.254557 21.748315 -2.960146 -22.972971 25.145148 13.147520 -17.929494 -90.607087 -116.660780 -73.879266 -128.554451 -13.455412 57.993770 7.496230 -6.762727 12.344201 18.856563 -4.780652 -26.238724 -18.222403 -86.372540 -67.727833 -86.980388 7.263337 60.544800 -6.109530 18.703155 0.570780 54.830998 -29.225218 -0.644599 -53.392330
0.337305 0.024669 0.466779 -9.717165 50.777914 28.556606 0.000000 0.000000 -0.000000 0.000000 0.000000 -0.000000 0.000000 0.000000 -0.000000 16.637644 6.174116 -15.304631 -0.000000 -0.000000 0.000000 -19.959349 -42.140233 -29.131041 -4.645029 -22.277171 13.449955 2.763212 -9.080758 18.336414 16.899476 18.741305 -41.644112 -58.432378 -10.583559 -10.129354 5.573555 -11.452807 22.833171 -2.432774 -22.495833 25.696704 10.451721 -19.112760 -90.968725 -115.593757 -73.934929 -127.300417 -12.692857 57.707811 6.727400 -6.935514 12.354818 18.931384 -4.771225 -26.095638 -18.262597 -86.027671 -67.612850 -86.665721 7.222147 60.452517 -6.058028 17.898988 0.675050 54.182271 -28.821304 -1.543699 -53.151961
0.337347 0.024743 0.467052 -9.676537 50.718567 28.623649 0.000000 -0.000000 0.000000 0.000000 -0.000000 0.000000 0.000000 -0.000000 0.000000 16.651455 6.199886 -15.421090 0.000000 0.000000 0.000000 -20.323930 -41.555397 -29.060111 -4.488049 -22.326150 13.472358 2.629794 -10.359434 18.228885 17.535576 19.498598 -42.334121 -58.164526 -9.844475 -9.819028 5.326750 -8.585037 25.353688 -0.697615 -20.858877 27.567710 3.633799 -22.047472 -92.487432 -114.455938 -73.999808 -126.015325 -11.875293 57.355670 5.927110 -6.999313 12.440053 19.072966 -4.961038 -25.954196 -18.405184 -85.653222 -67.512187 -86.307427 7.193772 60.361948 -6.032678 16.951435 0.607700 53.341302 -28.191291 -2.581891 -52.747669
0.337397 0.024800 0.467364 -9.675476 50.674751 28.721654 0.000000 0.000000 -0.000000 0.000000 0.000000 -0.000000 0.000000 0.000000 -0.000000 16.653736 6.091760 -15.419514 -0.000000 -0.000000 -0.000000 -20.648818 -40.951465 -28.959623 -4.301252 -22.701046 13.288481 2.501835 -11.718273 18.273777 18.377250 20.573193 -43.125848 -57.722240 -8.600710 -9.271889 4.725024 -3.887895 29.340057 2.159705 -18.203519 29.757018 -7.997899 -25.919265 -94.452183 -113.357751 -74.042504 -124.826115 -11.114098 56.990579 5.201516 -6.959238 12.590784 19.278682 -5.316259 -25.831857 -18.646207 -85.257386 -67.412327 -85.929376 7.191494 60.268460 -6.039388 15.960033 0.407540 52.411632 -27.421552 -3.628317 -52.232714
0.337452 0.024823 0.467677 -9.710519 50.638660 28.848438 -0.000000 0.000000 0.000000 -0.000000 0.000000 0.000000 -0.000000 0.000000 0.000000 16.659251 5.888684 -15.311760 0.000000 -0.000000 0.000000 -20.922452 -40.411587 -28.877813 -4.143102 -23.233987 13.084801 2.402303 -12.970937 18.321333 19.268287 21.716034 -43.914983 -57.161419 -6.989706 -8.567642 4.464475 2.812819 33.589113 6.128632 -14.268023 31.896107 -24.435820 -29.659865 -96.115040 -112.396987 -74.052749 -123.833630 -10.500083 56.660581 4.631927 -6.827205 12.804330 19.513176 -5.779000 -25.757331 -18.945357 -84.866873 -67.312035 -85.565598 7.209999 60.182310 -6.068803 15.086829 0.186147 51.544219 -26.701250 -4.545065 -51.712291
0.337518 0.024801 0.467965 -9.784342 50.606893 28.996725 -0.000000 0.000000 -0.000000 -0.000000 0.000000 -0.000000 -0.000000 0.000000 -0.000000 16.684435 5.622377 -15.085290 -0.000000 -0.000000 -0.000000 -21.124883 -39.966170 -28.817235 -4.027700 -23.875477 12.892225 2.348453 -13.937549 18.307468 20.073276 22.768416 -44.571315 -56.543974 -5.203475 -7.801860 5.160431 11.253518 36.954100 11.449358 -8.471455 33.539005 -45.313850 -32.785089 -97.242726 -111.619223 -74.039559 -123.079659 -10.071324 56.388776 4.246991 -6.636991 13.056023 19.716994 -6.258209 -25.742798 -19.229363 -84.519348 -67.220588 -85.257812 7.237897 60.114665 -6.109266 14.404334 -0.010410 50.817882 -26.114219 -5.273220 -51.250324
0.337603 0.024732 0.468217 -9.888201 50.578006 29.138178 0.000000 0.000000 0.000000 0.000000 0.000000 0.000000 0.000000 0.000000 0.000000 16.731838 5.317720 -14.718019 0.000000 -0.000000 0.000000 -21.248284 -39.651955 -28.772608 -3.936825 -24.589980 12.657494 2.361499 -14.406389 18.235919 20.634841 23.585279 -44.922771 -55.856427 -3.478279 -7.101164 7.284774 22.023794 39.051585 18.682365 -0.684173 33.473341 -71.213842 -35.635273 -97.942089 -111.021363 -74.031550 -122.544913 -9.822617 56.182295 4.033158 -6.432769 13.287216 19.843833 -6.658486 -25.769738 -19.433078 -84.231310 -67.159562 -85.020495 7.258944 60.070594 -6.144814 13.944944 -0.246051 50.274410 -25.633056 -5.741665 -50.862678
0.337710 0.024633 0.468439 -9.995054 50.548610 29.222489 0.000000 -0.000000 0.000000 0.000000 -0.000000 0.000000 0.000000 -0.000000 0.000000 16.794423 5.025668 -14.216056 0.000000 -0.000000 0.000000 -21.304267 -39.539982 -28.755277 -3.840705 -25.267447 12.336609 2.430200 -14.356149 18.104633 20.874342 24.164202 -44.825147 -55.065487 -2.068047 -6.590967 12.318243 36.445940 38.656713 29.344429 7.385440 29.191403 -93.998977 -39.987274 -98.266181 -110.590060 -74.066084 -122.193049 -9.727563 56.042411 3.959838 -6.247393 13.439644 19.887903 -6.926502 -25.802948 -19.536404 -83.985205 -67.157584 -84.827733 7.259149 60.045756 -6.159996 13.812149 -0.577793 50.001953 -25.286566 -5.809124 -50.583095
0.337827 0.024536 0.468636 -10.083799 50.518666 29.218577 -0.000000 -0.000000 -0.000000 -0.000000 -0.000000 -0.000000 -0.000000 -0.000000 -0.000000 16.881280 4.842856 -13.641716 0.000000 0.000000 0.000000 -21.307336 -39.681644 -28.782202 -3.717524 -25.801034 11.907171 2.508163 -14.023469 17.932017 20.876803 24.681762 -44.289527 -54.163331 -1.135817 -6.342188 25.508182 53.008498 30.036669 43.739678 9.601382 19.587394 -99.350685 -49.695472 -98.359089 -110.332851 -74.160589 -122.016792 -9.755226 55.965699 3.997270 -6.105508 13.481824 19.866652 -7.044190 -25.811540 -19.548035 -83.762855 -67.229027 -84.659262 7.231381 60.026188 -6.144263 14.119583 -0.973343 50.097040 -25.178980 -5.368842 -50.468544
0.337936 0.024475 0.468810 -10.152867 50.499782 29.145651 0.000000 0.000000 -0.000000 0.000000 0.000000 -0.000000 0.000000 0.000000 -0.000000 17.014566 4.873844 -13.112612 0.000000 0.000000 0.000000 -21.258218 -40.039860 -28.850978 -3.574074 -26.231406 11.344863 2.577276 -13.590182 17.816660 20.773440 25.258622 -43.478357 -53.142691 -0.599047 -6.326673 61.678460 64.504090 -2.061175 52.974261 1.519429 12.133298 -99.932196 -64.500780 -98.866515 -110.281082 -74.291432 -122.040511 -9.881747 55.950993 4.123595 -6.026805 13.409958 19.791602 -7.006409 -25.786842 -19.474985 -83.590452 -67.354987 -84.549377 7.170942 59.999088 -6.088446 14.830315 -1.362366 50.549691 -25.334388 -4.481063 -50.532061
0.338017 0.024472 0.468953 -10.199729 50.509485 29.034081 -0.000000 0.000000 -0.000000 -0.000000 0.000000 -0.000000 -0.000000 0.000000 -0.000000 17.189428 5.157334 -12.742284 0.000000 0.000000 0.000000 -21.142835 -40.507474 -28.922085 -3.443235 -26.726555 10.632611 2.666473 -13.002328 17.876266 20.615761 25.832401 -42.569333 -52.023237 -0.213868 -6.437911 107.288924 57.400757 -44.173796 51.260917 -9.755295 10.918111 -99.996733 -77.153099 -99.816603 -110.476665 -74.421788 -122.293985 -10.088060 56.003947 4.319475 -6.016817 13.254634 19.662871 -6.830629 -25.754962 -19.320653 -83.532303 -67.505363 -84.563708 7.072058 59.969066 -5.983232 15.687774 -1.700620 51.159836 -25.607837 -3.428212 -50.684273
0.338053 0.024530 0.469059 -10.198366 50.546611 28.842954 0.000000 0.000000 -0.000000 0.000000 0.000000 -0.000000 0.000000 0.000000 -0.000000 17.345197 5.615861 -12.526842 0.000000 -0.000000 -0.000000 -20.938847 -41.013077 -28.915706 -3.347352 -27.343636 9.809438 2.782627 -12.227362 18.118598 20.411689 26.327114 -41.653845 -50.911764 0.029831 -6.599888 125.309471 39.122066 -59.329849 42.109369 -18.052369 11.766409 -64.996733 -78.716816 -99.997134 -110.940170 -74.573817 -122.779832 -10.347208 56.122272 4.558389 -6.075643 13.078493 19.472413 -6.548384 -25.765772 -19.084408 -83.608872 -67.700045 -84.706112 6.926585 59.958209 -5.819913 16.303380 -1.953326 51.549357 -25.773614 -2.669280 -50.736498
0.338038 0.024639 0.469133 -10.108004 50.575485 28.443405 -0.000000 0.000000 0.000000 -0.000000 0.000000 0.000000 -0.000000 0.000000 0.000000 17.384145 6.074812 -12.291147 -0.000000 0.000000 -0.000000 -20.634528 -41.584708 -28.738574 -3.263148 -27.852658 8.999869 2.873578 -11.473009 18.420316 20.181006 26.769078 -40.744206 -49.934375 -0.307654 -6.858748 130.305607 22.539635 -62.739766 31.395855 -22.158632 11.986938 -29.996733 -73.807135 -99.999590 -111.629214 -74.858031 -123.441966 -10.615660 56.278219 4.799262 -6.220924 12.938110 19.200367 -6.159529 -25.856837 -18.745766 -83.720103 -68.030800 -84.854998 6.725885 59.981769 -5.592656 16.350400 -2.075256 51.333669 -25.662665 -2.633421 -50.486838
0.337991 0.024777 0.469195 -9.909473 50.552685 27.735893 -0.000000 -0.000000 0.000000 -0.000000 -0.000000 0.000000 -0.000000 -0.000000 0.000000 17.235294 6.347152 -11.812101 0.000000 0.000000 0.000000 -20.269959 -42.291701 -28.362844 -3.132038 -27.887469 8.358541 2.881990 -10.988653 18.628239 19.916149 27.165771 -39.814747 -49.059677 -1.793630 -7.379916 131.096416 12.546556 -64.205079 23.439084 -23.420796 11.979969 5.003267 -70.642689 -99.999794 -112.432502 -75.380653 -124.163896 -10.837142 56.426209 4.987246 -6.475475 12.850408 18.826828 -5.636316 -26.027916 -18.276576 -83.702957 -68.576879 -84.838636 6.474464 60.028183 -5.310716 15.740251 -2.056260 50.393692 -25.211962 -3.433442 -49.861237
0.337947 0.024926 0.469284 -9.633267 50.476669 26.789036 0.000000 0.000000 -0.000000 0.000000 0.000000 -0.000000 0.000000 0.000000 -0.000000 16.900233 6.289087 -11.023782 -0.000000 -0.000000 0.000000 -19.951228 -43.150697 -27.894788 -2.917042 -27.272352 7.963434 2.796200 -10.801412 18.639892 19.558953 27.435735 -38.815389 -48.044188 -4.552860 -8.329205 130.869521 7.610349 -66.950117 17.954105 -23.179498 12.220493 22.369423 -70.328890 -99.999842 -113.215324 -76.111304 -124.815088 -10.970597 56.529000 5.081604 -6.830575 12.798549 18.352663 -4.977116 -26.248469 -17.674727 -83.500937 -69.293833 -84.604020 6.204864 60.075149 -5.011701 14.672398 -1.947482 48.993401 -24.483661 -4.772242 -48.989156
0.337941 0.025076 0.469425 -9.350606 50.398572 25.833142 -0.000000 -0.000000 -0.000000 -0.000000 -0.000000 -0.000000 -0.000000 -0.000000 -0.000000 16.442603 5.826408 -10.094992 -0.000000 0.000000 -0.000000 -19.796022 -44.105005 -27.539371 -2.643897 -26.157503 7.781354 2.647427 -10.754290 18.439744 19.073593 27.511171 -37.723749 -46.647173 -8.167997 -9.749506 130.541899 5.705709 -71.287639 14.744137 -22.169840 12.473016 24.996098 -71.839312 -99.999824 -113.868811 -76.870130 -125.306536 -11.031826 56.575565 5.100187 -7.243098 12.745843 17.793156 -4.209486 -26.474861 -16.961211 -83.264158 -70.013899 -84.311310 5.962569 60.123052 -4.745065 13.552984 -1.829973 47.626875 -23.692429 -6.119515 -48.140529
0.337998 0.025219 0.469621 -9.142717 50.383666 25.135561 0.000000 0.000000 -0.000000 0.000000 0.000000 -0.000000 0.000000 0.000000 -0.000000 15.954367 5.004147 -9.331629 0.000000 0.000000 0.000000 -19.864162 -45.047954 -27.484861 -2.383594 -24.907015 7.722962 2.496098 -10.638307 18.163843 18.509780 27.363362 -36.657673 -44.816217 -12.132390 -11.609885 130.311544 7.976733 -76.760083 15.671393 -20.785535 12.493886 34.938649 -74.314094 -99.999664 -114.314037 -77.434580 -125.592365 -11.088039 56.577952 5.111859 -7.667465 12.641921 17.161472 -3.350339 -26.658838 -16.156608 -83.271701 -70.543141 -84.265487 5.764340 60.199852 -4.528114 12.787857 -1.819334 46.746239 -23.083515 -6.979633 -47.578804
0.338132 0.025344 0.469859 -9.068520 50.478740 24.870407 -0.000000 -0.000000 -0.000000 -0.000000 -0.000000 -0.000000 -0.000000 -0.000000 -0.000000 15.511859 3.979250 -8.994816 -0.000000 0.000000 -0.000000 -20.112768 -45.822408 -27.766971 -2.209592 -23.974644 7.674079 2.418842 -10.207261 18.101256 17.968118 26.923673 -35.882485 -42.604765 -16.101352 -13.854313 130.980490 17.779838 -83.167672 22.844641 -18.677133 12.549518 59.079291 -77.095944 -99.998399 -114.540831 -77.658015 -125.683387 -11.185668 56.553691 5.160278 -8.074295 12.453427 16.484689 -2.420443 -26.764246 -15.297675 -83.752114 -70.760295 -84.732011 5.586055 60.332428 -4.333447 12.545345 -2.053894 46.546715 -22.725570 -7.112570 -47.421064
0.338347 0.025444 0.470118 -9.133522 50.703341 25.027256 0.000000 0.000000 0.000000 0.000000 0.000000 0.000000 0.000000 0.000000 0.000000 15.131037 2.898840 -9.129297 0.000000 0.000000 0.000000 -20.377273 -46.243207 -28.183015 -2.166721 -23.792989 7.497625 2.464671 -9.282402 18.484961 17.531896 26.162055 -35.607111 -40.078068 -19.849661 -16.330002 133.933052 36.018138 -90.921154 35.096109 -13.937610 12.626268 94.079291 -76.859178 -99.970273 -114.694215 -77.542476 -125.711661 -11.300528 56.511218 5.216768 -8.442095 12.203294 15.824653 -1.491294 -26.791626 -14.463394 -84.741770 -70.678040 -85.757542 5.398529 60.522465 -4.129428 12.703079 -2.574040 46.906690 -22.506402 -6.636476 -47.594225
0.338638 0.025514 0.470380 -9.273318 51.034354 25.385821 -0.000000 0.000000 0.000000 -0.000000 0.000000 0.000000 -0.000000 0.000000 0.000000 14.769990 1.836188 -9.520924 0.000000 0.000000 0.000000 -20.426597 -46.208499 -28.367483 -2.258612 -24.545821 7.088512 2.611110 -7.959700 19.266281 17.236774 25.241306 -35.783266 -37.358364 -23.239254 -18.724683 141.931761 58.733353 -102.635950 46.217649 -4.525952 12.382538 99.692822 -68.363743 -99.689702 -115.017274 -77.255524 -125.882192 -11.373313 56.452134 5.220481 -8.756402 11.953268 15.249770 -0.655524 -26.774205 -13.738608 -86.048299 -70.455579 -87.109626 5.198857 60.745049 -3.916050 13.021100 -3.253403 47.507251 -22.311212 -5.906790 -47.908584
0.338992 0.025551 0.470632 -9.381105 51.398256 25.619651 0.000000 -0.000000 -0.000000 0.000000 -0.000000 -0.000000 0.000000 -0.000000 -0.000000 14.390213 0.866985 -9.841378 0.000000 0.000000 0.000000 -20.116336 -45.797725 -28.036143 -2.448186 -25.994303 6.451089 2.787489 -6.568550 20.185081 17.069813 24.419142 -36.165754 -34.621094 -26.307131 -20.701124 181.896147 79.481341 -145.443846 48.381849 8.600761 14.733967 99.958779 -52.852811 -99.227709 -115.650264 -77.053266 -126.300018 -11.362005 56.379785 5.129857 -9.024971 11.741799 14.791200 0.048827 -26.740184 -13.157719 -87.344999 -70.324968 -88.400033 5.008816 60.957103 -3.721574 13.328055 -3.905797 48.043687 -22.114117 -5.245852 -48.178539
0.339394 0.025558 0.470867 -9.372755 51.709847 25.502290 0.000000 -0.000000 0.000000 0.000000 -0.000000 0.000000 0.000000 -0.000000 0.000000 14.010304 0.123633 -9.872924 -0.000000 -0.000000 0.000000 -19.494618 -45.205082 -27.174276 -2.672737 -27.643581 5.700156 2.933809 -5.386626 21.001718 16.974954 23.812889 -36.520621 -32.014801 -29.180846 -22.079269 279.445078 72.513334 -245.124662 34.349666 16.863385 25.841599 99.995055 -36.056515 -99.156088 -116.543858 -77.118909 -126.905793 -11.247866 56.297611 4.928364 -9.276828 11.561187 14.448255 0.641820 -26.690705 -12.713086 -88.354693 -70.444198 -89.312473 4.865762 61.114073 -3.588398 13.567222 -4.401477 48.368676 -21.947801 -4.793774 -48.311955
0.339818 0.025543 0.471071 -9.235315 51.927912 25.057021 -0.000000 0.000000 -0.000000 -0.000000 0.000000 -0.000000 -0.000000 0.000000 -0.000000 13.681695 -0.290041 -9.642095 -0.000000 -0.000000 -0.000000 -18.765736 -44.599301 -26.033135 -2.875584 -29.079039 4.989755 3.026787 -4.507379 21.591247 16.889460 23.383996 -36.734249 -29.719573 -31.857671 -22.898088 294.062649 57.500096 -261.222004 16.000460 10.621007 37.336276 99.999421 -27.711254 -99.317720 -117.515673 -77.434724 -127.540853 -11.043015 56.209679 4.635822 -9.535726 11.393599 14.214972 1.147389 -26.622540 -12.392832 -88.994773 -70.783445 -89.763472 4.805760 61.199591 -3.552785 13.748935 -4.689473 48.496013 -21.858160 -4.547398 -48.325314
0.340224 0.025519 0.471222 -9.010361 52.060513 24.499782 -0.000000 0.000000 0.000000 -0.000000 0.000000 0.000000 -0.000000 0.000000 0.000000 13.425071 -0.382600 -9.382582 0.000000 -0.000000 -0.000000 -18.174895 -44.077292 -24.982128 -3.026339 -30.116403 4.439219 3.072459 -3.937041 21.911880 16.798550 23.103461 -36.794657 -28.059736 -34.193580 -23.371801 296.728672 48.580741 -264.754224 9.444999 3.462141 40.056641 99.999825 -26.738708 -99.351202 -118.322244 -77.818647 -128.010026 -10.823693 56.135620 4.339712 -9.804073 11.239488 14.063507 1.588875 -26.556059 -12.164848 -89.362644 -71.162318 -89.879742 4.830210 61.242194 -3.610404 13.898874 -4.799269 48.512840 -21.858908 -4.441565 -48.283120
0.340567 0.025490 0.471294 -8.740411 52.123040 24.038341 0.000000 0.000000 0.000000 0.000000 0.000000 0.000000 0.000000 0.000000 0.000000 13.224193 -0.215453 -9.357108 -0.000000 -0.000000 0.000000 -17.882502 -43.668838 -24.291121 -3.116045 -30.784508 4.076509 3.092212 -3.655366 21.980221 16.738762 23.021725 -36.734831 -27.380343 -36.211347 -23.807700 295.806528 46.339524 -264.328869 13.291797 6.123439 39.974988 99.999800 -26.984902 -99.339686 -118.738317 -78.092135 -128.134892 -10.711517 56.112431 4.167970 -10.063228 11.104518 13.923596 2.007262 -26.521361 -11.953283 -89.576696 -71.407164 -89.823551 4.894496 61.291284 -3.706647 14.028700 -4.836539 48.488384 -21.899086 -4.395587 -48.223220
0.340822 0.025454 0.471278 -8.452083 52.118123 23.760152 -0.000000 -0.000000 0.000000 -0.000000 -0.000000 0.000000 -0.000000 -0.000000 0.000000 13.067219 0.162836 -9.681954 0.000000 -0.000000 -0.000000 -17.897250 -43.310207 -23.996532 -3.157949 -31.301900 3.814200 3.113349 -3.573713 21.863373 16.752922 23.197119 -36.597985 -27.765872 -38.182188 -24.477619 293.217307 49.782869 -262.304751 26.854160 17.408912 35.662951 99.999302 -28.938843 -99.274020 -118.652258 -78.186933 -127.829461 -10.790308 56.165717 4.203011 -10.274629 10.982813 13.723423 2.426462 -26.524582 -11.685238 -89.670627 -71.452178 -89.672176 4.943500 61.375275 -3.776930 14.127509 -4.919797 48.444959 -21.893938 -4.347509 -48.143386
0.340983 0.025409 0.471185 -8.174444 52.058037 23.666078 -0.000000 0.000000 0.000000 -0.000000 0.000000 0.000000 -0.000000 0.000000 0.000000 12.959436 0.677240 -10.290470 0.000000 -0.000000 0.000000 -18.106582 -42.874405 -23.954697 -3.191673 -31.967295 3.512077 3.158194 -3.548447 21.646810 16.852846 23.618581 -36.424856 -28.995029 -40.233211 -25.478830 289.543794 57.105789 -259.621295 50.396098 26.295613 20.657948 99.995849 -36.644762 -99.123014 -118.149871 -78.117484 -127.185886 -11.066174 56.291260 4.446756 -10.389487 10.867269 13.445080 2.815978 -26.549536 -11.350901 -89.655679 -71.320888 -89.467103 4.951792 61.486675 -3.791908 14.163245 -5.106844 48.370784 -21.779857 -4.285531 -48.029207
0.341063 0.025353 0.471037 -7.936872 51.973036 23.714249 0.000000 -0.000000 0.000000 0.000000 -0.000000 0.000000 0.000000 -0.000000 0.000000 12.902506 1.213076 -11.016455 -0.000000 -0.000000 0.000000 -18.368032 -42.295038 -23.992893 -3.257606 -32.906411 3.104074 3.228319 -3.479102 21.392117 17.004982 24.179763 -36.242442 -30.686866 -42.170007 -26.697667 285.362563 65.288339 -256.735772 71.417226 22.415846 3.858004 99.979971 -48.945403 -99.106254 -117.481920 -77.932256 -126.447713 -11.498966 56.468918 4.854632 -10.377272 10.759997 13.119622 3.124536 -26.583826 -10.991004 -89.578116 -71.079717 -89.263579 4.923533 61.598960 -3.758241 14.098028 -5.384462 48.237486 -21.535307 -4.244871 -47.869974
0.341085 0.025285 0.470857 -7.750871 51.884100 23.825528 -0.000000 0.000000 -0.000000 -0.000000 0.000000 -0.000000 -0.000000 0.000000 -0.000000 12.890251 1.697902 -11.690830 -0.000000 0.000000 -0.000000 -18.582042 -41.639853 -24.005189 -3.355276 -33.914793 2.669167 3.299229 -3.380836 21.129356 17.143589 24.702213 -36.069502 -32.404815 -43.671659 -27.856609 283.167169 71.408542 -255.642196 78.189722 14.944360 -3.467667 99.954288 -58.887581 -99.216940 -116.874668 -77.710453 -125.819499 -12.018278 56.672801 5.350302 -10.252158 10.659759 12.789248 3.334979 -26.618220 -10.649257 -89.462528 -70.817555 -89.079243 4.869486 61.686246 -3.692231 13.922894 -5.700036 48.026208 -21.183521 -4.262536 -47.663894
0.341075 0.025209 0.470666 -7.611858 51.788166 23.908833 0.000000 -0.000000 0.000000 0.000000 -0.000000 0.000000 0.000000 -0.000000 0.000000 12.923179 2.145388 -12.192929 -0.000000 -0.000000 -0.000000 -18.706010 -41.053706 -23.957366 -3.435486 -34.594982 2.379627 3.336825 -3.372100 20.885945 17.217853 25.015806 -35.947358 -33.693072 -44.537192 -28.644879 287.995632 73.452654 -260.872837 74.245276 13.425381 -3.714132 99.969062 -62.460913 -99.047530 -116.392031 -77.547230 -125.336359 -12.517427 56.867521 5.822040 -10.066434 10.554643 12.498069 3.460868 -26.632444 -10.364572 -89.281037 -70.621760 -88.875556 4.799674 61.732850 -3.608518 13.672466 -5.992789 47.748719 -20.784421 -4.342505 -47.423558
0.341052 0.025137 0.470478 -7.510096 51.677898 23.905435 0.000000 -0.000000 0.000000 0.000000 -0.000000 0.000000 0.000000 -0.000000 0.000000 13.000852 2.590908 -12.469149 -0.000000 0.000000 -0.000000 -18.739536 -40.654148 -23.857612 -3.443891 -34.643564 2.376038 3.319223 -3.597958 20.699432 17.230963 25.052943 -35.942683 -34.137424 -44.712449 -28.850884 298.190135 69.893449 -270.519000 62.508677 17.573908 2.718387 99.993468 -58.625136 -98.354990 -116.004445 -77.504328 -124.948305 -12.897123 57.019016 6.171140 -9.873934 10.443347 12.295175 3.509462 -26.613100 -10.181149 -89.015847 -70.542654 -88.621745 4.730591 61.738498 -3.525656 13.392804 -6.217855 47.438321 -20.401501 -4.468441 -47.173157
0.341023 0.025079 0.470300 -7.432556 51.560629 23.806874 0.000000 0.000000 -0.000000 0.000000 0.000000 -0.000000 0.000000 0.000000 -0.000000 13.102699 3.025875 -12.537604 -0.000000 -0.000000 -0.000000 -18.713232 -40.475735 -23.733756 -3.368954 -34.026394 2.675225 3.244821 -4.140424 20.586816 17.228352 24.881565 -36.094678 -33.562898 -44.237278 -28.455987 305.805501 60.773748 -276.797279 44.018056 18.813971 16.480260 99.999162 -49.937714 -97.677404 -115.696225 -77.580917 -124.631979 -13.124548 57.112960 6.370036 -9.703651 10.348404 12.207456 3.481194 -26.575635 -10.121924 -88.705319 -70.577635 -88.335635 4.684585 61.717450 -3.466558 13.109958 -6.357417 47.131266 -20.073203 -4.627372 -46.941457
0.340995 0.025046 0.470139 -7.366749 51.452520 23.642945 -0.000000 0.000000 -0.000000 -0.000000 0.000000 -0.000000 -0.000000 0.000000 -0.000000 13.196567 3.408808 -12.468594 -0.000000 -0.000000 -0.000000 -18.667608 -40.465833 -23.609188 -3.247277 -32.982251 3.165437 3.131062 -4.958969 20.521052 17.259171 24.657227 -36.372344 -32.193782 -43.252347 -27.651182 310.149137 48.459655 -279.560499 27.352187 10.080391 28.252077 99.999896 -42.253195 -97.310033 -115.461760 -77.732860 -124.379514 -13.222751 57.154222 6.445949 -9.565069 10.291715 12.209987 3.397021 -26.544195 -10.155589 -88.414693 -70.686769 -88.059699 4.682192 61.688276 -3.452395 12.844119 -6.413719 46.868668 -19.822380 -4.801208 -46.760754
0.340973 0.025039 0.470006 -7.307533 51.365024 23.458374 -0.000000 -0.000000 -0.000000 -0.000000 -0.000000 -0.000000 -0.000000 -0.000000 -0.000000 13.261697 3.702115 -12.337108 -0.000000 -0.000000 -0.000000 -18.622299 -40.517184 -23.483106 -3.132296 -31.898407 3.674188 3.009515 -5.886274 20.461052 17.345474 24.520399 -36.695265 -30.460804 -42.002511 -26.719440 312.701650 35.893994 -280.790503 18.390283 -1.494452 31.625003 64.999896 -37.281605 -97.003546 -115.274002 -77.908935 -124.161739 -13.222866 57.155553 6.429864 -9.453992 10.268896 12.248598 3.287711 -26.520823 -10.222695 -88.188514 -70.821500 -87.825553 4.737124 61.661037 -3.497428 12.623885 -6.398057 46.693315 -19.668239 -4.956945 -46.659884
0.340959 0.025054 0.469903 -7.253205 51.300615 23.290871 0.000000 -0.000000 0.000000 0.000000 -0.000000 0.000000 0.000000 -0.000000 0.000000 13.292748 3.883238 -12.186060 -0.000000 0.000000 0.000000 -18.576709 -40.541768 -23.350563 -3.058793 -31.089448 4.069808 2.912370 -6.698616 20.396805 17.467379 24.503165 -36.986623 -28.739599 -40.778930 -25.895768 313.896219 25.194688 -281.050061 13.870490 -9.439976 31.123365 29.999896 -33.873947 -97.005848 -115.096369 -78.070218 -123.939448 -13.150323 57.132229 6.344178 -9.341569 10.261717 12.295610 3.147476 -26.491908 -10.299396 -88.032946 -70.943223 -87.640158 4.847458 61.633553 -3.599173 12.459282 -6.327175 46.619224 -19.606938 -5.073045 -46.644934
0.340952 0.025084 0.469830 -7.194968 51.253286 23.158790 -0.000000 0.000000 -0.000000 -0.000000 0.000000 -0.000000 -0.000000 0.000000 -0.000000 13.290799 3.951731 -12.034066 -0.000000 -0.000000 0.000000 -18.539953 -40.529816 -23.238736 -3.030378 -30.629896 4.327510 2.856505 -7.240277 20.352004 17.582335 24.537635 -37.212989 -27.363829 -39.872558 -25.331503 313.903995 17.811257 -280.415679 11.776570 -13.013792 30.813731 -5.000104 -31.790903 -97.433045 -114.884242 -78.193893 -123.664258 -13.030660 57.096843 6.211654 -9.181955 10.263588 12.366539 2.929898 -26.450667 -10.412720 -87.918303 -71.026962 -87.481321 4.984823 61.601453 -3.728333 12.330636 -6.230706 46.617562 -19.598654 -5.155082 -46.690039
0.340946 0.025115 0.469779 -7.114146 51.209052 23.056918 -0.000000 -0.000000 -0.000000 -0.000000 -0.000000 -0.000000 -0.000000 -0.000000 -0.000000 13.259080 3.945286 -11.901885 0.000000 -0.000000 0.000000 -18.535432 -40.518627 -23.188385 -3.032409 -30.415840 4.499220 2.841164 -7.506801 20.353332 17.675841 24.566942 -37.395428 -26.678570 -39.562784 -25.116014 313.001143 15.265515 -279.180534 12.854403 -11.846745 32.373218 -40.000104 -31.159200 -98.002178 -114.567426 -78.276633 -123.261238 -12.882704 57.051815 6.050834 -8.950717 10.280329 12.485204 2.603364 -26.399322 -10.593697 -87.787499 -71.063090 -87.295489 5.103405 61.569642 -3.839714 12.234974 -6.168908 46.652745 -19.591016 -5.191293 -46.753329
0.340939 0.025134 0.469748 -6.990658 51.151983 22.963028 0.000000 0.000000 0.000000 0.000000 0.000000 0.000000 0.000000 0.000000 0.000000 13.201306 3.926587 -11.815536 0.000000 -0.000000 0.000000 -18.575206 -40.515776 -23.202217 -3.053391 -30.369652 4.624602 2.860976 -7.599376 20.411839 17.785454 24.624844 -37.586350 -26.900224 -40.053110 -25.294092 311.461485 18.409981 -277.743147 18.498237 -4.541518 35.145602 -57.516581 -31.738561 -98.448117 -114.073385 -78.331746 -122.655424 -12.712614 56.990943 5.870384 -8.661037 10.317533 12.654721 2.181057 -26.340569 -10.842698 -87.581979 -71.057412 -87.017701 5.171602 61.550560 -3.904223 12.227791 -6.227495 46.727725 -19.556656 -5.108171 -46.804584
0.340932 0.025142 0.469741 -6.816902 51.076693 22.862266 0.000000 0.000000 0.000000 0.000000 0.000000 0.000000 0.000000 0.000000 0.000000 13.118985 3.933239 -11.793136 -0.000000 0.000000 -0.000000 -18.653867 -40.485680 -23.249106 -3.093595 -30.524339 4.691685 2.915947 -7.606856 20.524744 17.962682 24.790252 -37.825282 -28.006708 -41.326872 -25.869877 309.382020 26.278648 -276.184036 29.997866 9.065396 34.494932 -81.779482 -33.723124 -98.653169 -113.383096 -78.368644 -121.832525 -12.523754 56.909121 5.677814 -8.336804 10.376940 12.863876 1.691052 -26.275953 -11.142414 -87.287837 -71.018104 -86.622286 5.190956 61.556492 -3.926169 12.395029 -6.466785 46.879467 -19.512271 -4.811898 -46.838568
0.340925 0.025148 0.469762 -6.608247 50.995955 22.769436 -0.000000 0.000000 -0.000000 -0.000000 0.000000 -0.000000 -0.000000 0.000000 -0.000000 13.013487 3.949791 -11.842427 0.000000 0.000000 0.000000 -18.767291 -40.402953 -23.315109 -3.155830 -30.917920 4.678920 3.004948 -7.553585 20.672300 18.216616 25.088880 -38.105705 -29.782310 -43.042202 -26.772480 306.578144 37.243519 -274.352661 49.988612 22.218330 23.037082 -96.995054 -39.600816 -98.581092 -112.560370 -78.375672 -120.870288 -12.327594 56.806874 5.488333 -8.000007 10.456719 13.095109 1.164440 -26.207667 -11.469077 -86.966606 -70.942431 -86.167117 5.179310 61.599358 -3.924608 12.782907 -6.875831 47.131999 -19.500671 -4.277843 -46.863651
0.340919 0.025163 0.469806 -6.399626 50.933379 22.715208 -0.000000 -0.000000 -0.000000 -0.000000 -0.000000 -0.000000 -0.000000 -0.000000 -0.000000 12.892424 3.940473 -11.963545 -0.000000 -0.000000 -0.000000 -18.912981 -40.282808 -23.409647 -3.235151 -31.487595 4.599508 3.114570 -7.426812 20.808278 18.492479 25.452529 -38.368919 -31.916902 -44.690827 -27.831281 302.958295 49.711960 -272.196790 71.794833 22.362333 4.734755 -99.562774 -50.859265 -98.472675 -111.737919 -78.335795 -119.920368 -12.140612 56.688290 5.319414 -7.688405 10.548364 13.316170 0.661901 -26.139078 -11.779287 -86.730733 -70.828371 -85.780765 5.140778 61.690926 -3.901786 13.354274 -7.387727 47.463540 -19.545162 -3.580661 -46.883047
0.340905 0.025195 0.469856 -6.226412 50.905550 22.705698 0.000000 -0.000000 0.000000 0.000000 -0.000000 0.000000 0.000000 -0.000000 0.000000 12.771471 3.900826 -12.138472 -0.000000 0.000000 -0.000000 -19.063702 -40.152941 -23.514690 -3.321890 -32.106861 4.490000 3.222190 -7.194016 20.873295 18.693051 25.750058 -38.526461 -34.040981 -45.821998 -28.771836 299.126381 61.322379 -269.956264 81.164078 14.585173 -5.519878 -99.895131 -61.741580 -98.704631 -111.071569 -78.259601 -119.153973 -11.976173 56.562508 5.181350 -7.444483 10.636406 13.487188 0.256549 -26.072889 -12.020019 -86.667770 -70.699207 -85.583682 5.057346 61.832189 -3.834544 14.008251 -7.919803 47.818116 -19.631485 -2.845372 -46.892140
0.340874 0.025246 0.469889 -6.106151 50.909896 22.706062 -0.000000 -0.000000 0.000000 -0.000000 -0.000000 0.000000 -0.000000 -0.000000 0.000000 12.669253 3.865069 -12.317574 -0.000000 -0.000000 -0.000000 -19.162816 -40.031841 -23.569442 -3.408772 -32.663258 4.385709 3.309070 -6.819599 20.835080 18.732688 25.855068 -38.513937 -35.695710 -46.103031 -29.238078 296.427753 69.464771 -268.259165 82.314505 9.691194 -8.899530 -99.956861 -67.320457 -99.047205 -110.677093 -78.191794 -118.693476 -11.843210 56.446007 5.077200 -7.274974 10.704274 13.590602 -0.027837 -26.006905 -12.170277 -86.773404 -70.604006 -85.603190 4.909394 61.999863 -3.697831 14.631129 -8.381249 48.129843 -19.738074 -2.197600 -46.884395
0.340819 0.025313 0.469878 -6.038935 50.931166 22.670089 -0.000000 -0.000000 -0.000000 -0.000000 -0.000000 -0.000000 -0.000000 -0.000000 -0.000000 12.598565 3.863619 -12.433416 0.000000 0.000000 0.000000 -19.168461 -39.956104 -23.531665 -3.484201 -33.047394 4.328685 3.364571 -6.338756 20.709805 18.597155 25.723882 -38.342169 -36.434346 -45.423237 -28.979787 295.847000 72.773499 -267.625846 81.490161 9.641184 -9.063293 -99.967163 -67.290403 -99.170189 -110.585684 -78.181218 -118.569374 -11.742380 56.352064 5.002558 -7.152429 10.745056 13.643244 -0.225308 -25.937004 -12.254310 -86.962517 -70.588173 -85.766662 4.706196 62.148312 -3.499245 15.117618 -8.682639 48.325760 -19.848699 -1.750758 -46.846233
0.340738 0.025386 0.469810 -6.018032 50.958608 22.578008 -0.000000 -0.000000 -0.000000 -0.000000 -0.000000 -0.000000 -0.000000 -0.000000 -0.000000 12.556795 3.884616 -12.443513 0.000000 -0.000000 0.000000 -19.097843 -39.995969 -23.431252 -3.523301 -33.129423 4.371415 3.380002 -5.891644 20.527530 18.345741 25.424542 -38.073284 -36.099882 -44.058879 -28.116273 296.432534 70.873194 -267.155756 79.635676 13.833905 -6.294476 -99.952198 -62.339102 -99.064176 -110.750364 -78.247923 -118.729079 -11.657321 56.275804 4.939941 -7.059716 10.771294 13.674083 -0.373823 -25.868821 -12.307857 -87.149806 -70.665325 -85.977234 4.496905 62.232991 -3.290270 15.381560 -8.783196 48.343124 -19.931596 -1.578400 -46.758741
0.340638 0.025459 0.469686 -6.031357 50.990580 22.438869 0.000000 -0.000000 0.000000 0.000000 -0.000000 0.000000 0.000000 -0.000000 0.000000 12.527115 3.892753 -12.357831 -0.000000 -0.000000 -0.000000 -19.011758 -40.207094 -23.338681 -3.501839 -32.828561 4.541198 3.349126 -5.605775 20.284550 18.038860 25.063857 -37.735633 -34.903228 -42.503636 -27.025005 297.264217 63.991855 -266.316009 74.807010 20.519123 0.631464 -99.890569 -53.365136 -98.922291 -111.087784 -78.379180 -119.079457 -11.562622 56.200167 4.866300 -7.004860 10.807367 13.700210 -0.485211 -25.817289 -12.348483 -87.307792 -70.816598 -86.180610 4.342714 62.238462 -3.135000 15.404826 -8.716430 48.184636 -19.954255 -1.659863 -46.623109
0.340527 0.025528 0.469519 -6.058001 51.022445 22.266748 0.000000 -0.000000 0.000000 0.000000 -0.000000 0.000000 0.000000 -0.000000 0.000000 12.496052 3.884104 -12.218813 0.000000 -0.000000 0.000000 -18.960207 -40.577006 -23.297003 -3.418298 -32.188236 4.812149 3.277261 -5.474436 19.957150 17.689711 24.694945 -37.305372 -33.199013 -41.102257 -25.992154 298.648530 53.665248 -265.959648 65.393348 25.633678 12.043100 -99.686567 -42.857432 -98.951708 -111.507388 -78.550365 -119.518714 -11.445841 56.116869 4.771683 -6.993068 10.866153 13.726989 -0.564714 -25.789214 -12.381314 -87.444964 -71.011059 -86.358966 4.274034 62.185411 -3.064755 15.265789 -8.555054 47.935642 -19.924586 -1.880508 -46.473205
0.340415 0.025584 0.469321 -6.077095 51.043409 22.072175 -0.000000 -0.000000 -0.000000 -0.000000 -0.000000 -0.000000 -0.000000 -0.000000 -0.000000 12.465311 3.893590 -12.065407 0.000000 0.000000 0.000000 -18.952568 -41.032621 -23.300758 -3.294509 -31.350282 5.123293 3.181570 -5.421048 19.558564 17.306833 24.331909 -36.785414 -31.341975 -40.022770 -25.146479 300.121906 42.751298 -266.087494 52.907497 25.200507 24.851449 -99.014557 -34.143791 -99.112467 -111.930007 -78.739883 -119.959734 -11.313902 56.032172 4.663332 -7.012396 10.938760 13.757991 -0.624927 -25.775016 -12.412747 -87.571250 -71.221146 -86.509252 4.276607 62.114703 -3.064451 15.072608 -8.373730 47.689082 -19.871189 -2.117555 -46.341469
0.340308 0.025608 0.469100 -6.083398 51.053389 21.878802 0.000000 0.000000 -0.000000 0.000000 0.000000 -0.000000 0.000000 0.000000 -0.000000 12.440221 3.935089 -11.926818 0.000000 -0.000000 0.000000 -18.967350 -41.477480 -23.321169 -3.164786 -30.503170 5.403536 3.081376 -5.419824 19.147805 16.942420 24.024968 -36.245204 -29.723141 -39.440076 -24.581933 301.141677 34.351540 -266.395558 41.188719 18.986886 33.745520 -96.970882 -29.623567 -99.233759 -112.334291 -78.919866 -120.380132 -11.188687 55.958269 4.561876 -7.049139 11.006000 13.792720 -0.669943 -25.761045 -12.444750 -87.719983 -71.419029 -86.668131 4.307992 62.067088 -3.090488 14.874665 -8.241898 47.463615 -19.786089 -2.319647 -46.217569
0.340206 0.025581 0.468858 -6.090108 51.070545 21.734136 0.000000 0.000000 -0.000000 0.000000 0.000000 -0.000000 0.000000 0.000000 -0.000000 12.418590 3.964977 -11.831299 -0.000000 -0.000000 0.000000 -18.970078 -41.809424 -23.328996 -3.071076 -29.886983 5.575701 2.996458 -5.466828 18.783296 16.668069 23.866368 -35.764520 -28.774823 -39.521411 -24.389011 301.317302 31.197409 -266.590762 33.968105 12.097252 36.219441 -93.574034 -29.467314 -99.209186 -112.774807 -79.044944 -120.841689 -11.108701 55.910555 4.504216 -7.094483 11.051347 13.820993 -0.688474 -25.742352 -12.467403 -87.955420 -71.568288 -86.914118 4.320116 62.067620 -3.094461 14.669284 -8.212806 47.224780 -19.633477 -2.491832 -46.064863
0.340114 0.025493 0.468608 -6.116617 51.110031 21.693008 -0.000000 0.000000 0.000000 -0.000000 0.000000 0.000000 -0.000000 0.000000 0.000000 12.402099 3.929228 -11.799145 0.000000 -0.000000 -0.000000 -18.926831 -41.939104 -23.306289 -3.054335 -29.762712 5.571446 2.951218 -5.506851 18.502847 16.537739 23.940243 -35.395062 -28.820256 -40.261966 -24.613911 300.268708 34.887378 -266.343701 33.108151 11.140247 34.544803 -93.654588 -31.781931 -99.062269 -113.280009 -79.067948 -121.384663 -11.112410 55.903685 4.527272 -7.133457 11.069592 13.835570 -0.679519 -25.723599 -12.475534 -88.298613 -71.629789 -87.282660 4.286843 62.116410 -3.051421 14.477194 -8.305684 46.982794 -19.414796 -2.616363 -45.884576
0.340037 0.025339 0.468362 -6.177219 51.166248 21.792858 -0.000000 0.000000 0.000000 -0.000000 0.000000 0.000000 -0.000000 0.000000 0.000000 12.405881 3.821695 -11.841412 0.000000 -0.000000 -0.000000 -18.825911 -41.835452 -23.265714 -3.136348 -30.268823 5.367184 2.965092 -5.479887 18.344111 16.584985 24.286156 -35.182970 -29.906566 -41.439557 -25.240424 297.607197 44.733869 -265.133220 40.173970 16.680120 28.509952 -97.473263 -36.618181 -98.859579 -113.748659 -78.966314 -121.916521 -11.201760 55.936925 4.632553 -7.147000 11.071536 13.848942 -0.670026 -25.713177 -12.487173 -88.684118 -71.577049 -87.712155 4.224954 62.193653 -2.980843 14.370637 -8.513290 46.835682 -19.186545 -2.614572 -45.743396
0.339979 0.025130 0.468133 -6.278233 51.225221 22.041588 0.000000 -0.000000 -0.000000 0.000000 -0.000000 -0.000000 0.000000 -0.000000 -0.000000 12.442576 3.676639 -11.981867 -0.000000 0.000000 0.000000 -18.694689 -41.558138 -23.259048 -3.304571 -31.296108 5.000615 3.037766 -5.361348 18.348708 16.797821 24.841292 -35.159223 -31.774732 -42.671694 -26.159522 292.810093 58.136694 -262.189009 53.789746 20.030053 15.956121 -99.427408 -46.013533 -98.651897 -114.033094 -78.747866 -122.291845 -11.343347 55.991534 4.788333 -7.133733 11.067589 13.878069 -0.680451 -25.711669 -12.521726 -89.038022 -71.406825 -88.122597 4.170069 62.279063 -2.921605 14.430297 -8.821816 46.906111 -19.013730 -2.393449 -45.727966
0.339943 0.024886 0.467927 -6.414960 51.279761 22.410183 -0.000000 0.000000 0.000000 -0.000000 0.000000 0.000000 -0.000000 0.000000 0.000000 12.505249 3.536575 -12.257959 0.000000 0.000000 -0.000000 -18.581544 -41.226231 -23.341225 -3.513423 -32.540137 4.547223 3.152680 -5.076247 18.548025 17.070077 25.372572 -35.290772 -33.956493 -43.528602 -27.134244 283.881057 71.958388 -255.217310 63.422972 15.442983 4.537012 -99.856630 -57.795822 -98.676768 -114.097413 -78.443848 -122.472436 -11.515683 56.051597 4.975121 -7.122991 11.041939 13.910187 -0.675039 -25.704097 -12.558724 -89.346460 -71.144281 -88.495553 4.123242 62.364550 -2.876807 14.691647 -9.197256 47.246630 -18.934169 -1.929168 -45.880656
0.339925 0.024633 0.467743 -6.564300 51.321981 22.821338 0.000000 0.000000 0.000000 0.000000 0.000000 0.000000 0.000000 0.000000 0.000000 12.575771 3.455526 -12.673786 -0.000000 0.000000 0.000000 -18.511213 -40.945053 -23.508902 -3.705623 -33.678041 4.086107 3.288813 -4.482699 18.958744 17.236738 25.556660 -35.496980 -35.930092 -43.727661 -27.854905 257.059903 83.060058 -230.045160 64.896857 9.281511 -0.851242 -99.950009 -66.930540 -98.979425 -114.027608 -78.113587 -122.534954 -11.727733 56.118428 5.200968 -7.158701 10.963660 13.905656 -0.577095 -25.674028 -12.544586 -89.601312 -70.848548 -88.823396 4.046801 62.441923 -2.808316 15.103342 -9.545500 47.782896 -18.960096 -1.330632 -46.169154
0.339919 0.024392 0.467571 -6.685415 51.335136 23.151177 0.000000 -0.000000 -0.000000 0.000000 -0.000000 -0.000000 0.000000 -0.000000 -0.000000 12.639803 3.503592 -13.159439 0.000000 -0.000000 0.000000 -18.458365 -40.765202 -23.674516 -3.836810 -34.483967 3.688393 3.418497 -3.558539 19.562370 17.201383 25.217673 -35.725553 -37.211165 -43.222788 -28.050895 174.106497 85.512209 -147.904978 61.891277 6.840713 -2.098351 -99.968716 -70.727574 -99.167772 -113.942189 -77.850135 -122.577249 -11.984868 56.199319 5.467347 -7.267100 10.827720 13.839108 -0.342042 -25.625606 -12.446113 -89.737777 -70.612069 -89.036653 3.918310 62.485612 -2.691223 15.517743 -9.721447 48.327836 -19.082277 -0.823171 -46.500840
0.339913 0.024181 0.467402 -6.739626 51.306409 23.271154 -0.000000 0.000000 -0.000000 -0.000000 0.000000 -0.000000 -0.000000 0.000000 -0.000000 12.684921 3.725320 -13.595499 0.000000 -0.000000 -0.000000 -18.371024 -40.703659 -23.715794 -3.881500 -34.816823 3.424072 3.503817 -2.532346 20.261261 16.992768 24.454056 -35.958167 -37.406188 -42.113289 -27.577900 156.999597 85.811194 -130.299758 56.281306 9.725720 0.322147 -99.942159 -68.008654 -98.880630 -113.957696 -77.753063 -122.691792 -12.268325 56.293681 5.752067 -7.440688 10.663271 13.717850 0.008250 -25.580004 -12.274155 -89.687420 -70.534047 -89.053096 3.758057 62.467153 -2.542634 15.759569 -9.617307 48.677181 -19.265868 -0.628166 -46.770879
0.339900 0.024014 0.467228 -6.716233 51.241614 23.119544 -0.000000 -0.000000 0.000000 -0.000000 -0.000000 0.000000 -0.000000 -0.000000 0.000000 12.696343 4.092460 -13.881004 0.000000 -0.000000 0.000000 -18.221566 -40.775491 -23.567447 -3.830416 -34.598161 3.355049 3.513830 -1.741835 20.878035 16.694003 23.524261 -36.147820 -36.374800 -40.581989 -26.511391 275.840738 86.101219 -247.533456 46.004658 15.280964 8.679420 -99.762738 -58.750929 -98.339371 -114.180418 -77.872165 -122.973269 -12.552171 56.394247 6.028878 -7.649054 10.504799 13.562916 0.416616 -25.554439 -12.058983 -89.461979 -70.667833 -88.872837 3.601335 62.387173 -2.394623 15.732562 -9.235733 48.724400 -19.461366 -0.835082 -46.914970
0.339876 0.023894 0.467054 -6.637322 51.157822 22.734640 -0.000000 0.000000 0.000000 -0.000000 0.000000 0.000000 -0.000000 0.000000 0.000000 12.670600 4.529541 -13.979699 -0.000000 -0.000000 -0.000000 -18.023432 -40.983928 -23.257266 -3.698455 -33.868561 3.499884 3.448145 -1.400469 21.240674 16.378558 22.678855 -36.223945 -34.381079 -38.913892 -25.149727 298.910001 73.730919 -268.717755 30.156065 14.783827 22.570928 -98.621498 -47.093477 -98.191312 -114.650066 -78.181211 -123.467064 -12.810117 56.490488 6.274097 -7.854487 10.377052 13.400136 0.816508 -25.554268 -11.836697 -89.139041 -70.991377 -88.572197 3.477295 62.275982 -2.274010 15.463711 -8.677070 48.508427 -19.627720 -1.365976 -46.936739
0.339844 0.023818 0.466890 -6.537855 51.065335 22.211476 -0.000000 0.000000 -0.000000 -0.000000 0.000000 -0.000000 -0.000000 0.000000 -0.000000 12.628511 4.993525 -13.922141 -0.000000 0.000000 0.000000 -17.802592 -41.294018 -22.853555 -3.523634 -32.820126 3.805887 3.336636 -1.518949 21.293034 16.110598 22.084790 -36.168954 -31.966736 -37.435655 -23.821604 303.482116 57.946913 -271.745288 16.654887 3.609051 32.131842 -91.402333 -38.918194 -98.234578 -115.300876 -78.612341 -124.122762 -13.009140 56.569103 6.459208 -8.022224 10.290321 13.263432 1.140312 -25.570182 -11.651368 -88.784815 -71.435997 -88.221508 3.412426 62.166398 -2.207136 15.065640 -8.081196 48.167640 -19.744937 -2.032051 -46.890593
0.339807 0.023777 0.466746 -6.449352 50.970224 21.652782 0.000000 -0.000000 0.000000 0.000000 -0.000000 0.000000 0.000000 -0.000000 0.000000 12.597952 5.476903 -13.785647 0.000000 -0.000000 0.000000 -17.586241 -41.643448 -22.423546 -3.341909 -31.706335 4.169564 3.214898 -1.983108 21.122185 15.946512 21.811085 -36.045635 -29.666981 -36.396581 -22.727400 306.406988 42.525608 -273.705441 9.456006 -10.458832 32.070268 -69.294814 -35.295700 -97.944693 -116.031147 -79.088287 -124.858053 -13.134171 56.623329 6.574255 -8.133337 10.220775 13.172583 1.354495 -25.568684 -11.528934 -88.442982 -71.923294 -87.871259 3.415656 62.079716 -2.205004 14.659937 -7.560202 47.825748 -19.815398 -2.656929 -46.822688
0.339770 0.023756 0.466635 -6.402111 50.895653 21.177441 0.000000 -0.000000 -0.000000 0.000000 -0.000000 -0.000000 0.000000 -0.000000 -0.000000 12.584729 5.909394 -13.668293 0.000000 -0.000000 0.000000 -17.426179 -41.974751 -22.060812 -3.173700 -30.742213 4.486214 3.107611 -2.638372 20.878172 15.916094 21.840151 -35.943890 -27.911550 -35.948309 -21.988828 308.458358 31.442816 -275.376737 6.304631 -19.429280 27.427435 -50.209962 -33.685113 -97.248226 -116.798789 -79.504877 -125.652171 -13.224534 56.665419 6.661573 -8.189373 10.112747 13.110380 1.487060 -25.504872 -11.451200 -88.196002 -72.359056 -87.618855 3.460455 62.024368 -2.243849 14.309959 -7.136705 47.503353 -19.863600 -3.192246 -46.728646
0.339738 0.023740 0.466571 -6.425297 50.879085 20.922318 -0.000000 -0.000000 -0.000000 -0.000000 -0.000000 -0.000000 -0.000000 -0.000000 -0.000000 12.577030 6.142384 -13.657685 -0.000000 0.000000 0.000000 -17.389547 -42.237650 -21.886273 -3.040056 -30.113001 4.683446 3.035978 -3.299910 20.676827 16.013410 22.099375 -35.922567 -27.056678 -36.145435 -21.715779 309.526759 27.471694 -276.552597 5.979851 -21.617819 25.177484 -43.619263 -33.208826 -96.709453 -117.578450 -79.732716 -126.497051 -13.356749 56.720876 6.796715 -8.198016 9.927658 13.047017 1.588692 -25.363289 -11.384314 -88.151160 -72.631373 -87.592167 3.511570 61.989177 -2.290212 14.011064 -6.747446 47.152480 -19.926738 -3.703316 -46.583503
0.339719 0.023711 0.466563 -6.530172 50.933066 20.973761 0.000000 0.000000 0.000000 0.000000 0.000000 0.000000 0.000000 0.000000 0.000000 12.577348 6.102588 -13.803277 -0.000000 -0.000000 -0.000000 -17.501208 -42.382752 -21.970006 -2.971363 -29.981157 4.735445 3.024905 -3.766657 20.564973 16.208974 22.498889 -35.998227 -27.300380 -36.875239 -21.953514 310.129980 31.094626 -277.757997 8.421357 -17.124308 27.968336 -50.263418 -34.334649 -96.870897 -118.235641 -79.692077 -127.263957 -13.583616 56.806011 7.029424 -8.164094 9.680595 12.976463 1.681400 -25.175074 -11.319876 -88.306140 -72.663972 -87.800119 3.564636 61.946060 -2.340288 13.739965 -6.324324 46.762744 -20.034590 -4.244094 -46.400871
0.339716 0.023660 0.466612 -6.698143 51.024492 21.306189 0.000000 -0.000000 -0.000000 0.000000 -0.000000 -0.000000 0.000000 -0.000000 -0.000000 12.611009 5.894790 -14.106554 -0.000000 0.000000 -0.000000 -17.719859 -42.392104 -22.282591 -2.988267 -30.384381 4.672511 3.088874 -3.915070 20.532590 16.467523 22.962013 -36.159016 -28.515654 -37.833798 -22.608001 311.493393 40.363280 -280.225544 14.522324 -4.539668 32.126407 -70.132512 -37.045963 -97.454672 -118.568491 -79.412566 -127.744707 -13.907748 56.916940 7.360280 -8.098792 9.419015 12.910655 1.766034 -24.990418 -11.267240 -88.499245 -72.467303 -88.075093 3.637171 61.872069 -2.411864 13.500415 -5.865019 46.399671 -20.193709 -4.780647 -46.239556
0.339734 0.023588 0.466714 -6.894212 51.106206 21.814741 0.000000 0.000000 0.000000 0.000000 0.000000 0.000000 0.000000 0.000000 0.000000 12.699693 5.690551 -14.530526 0.000000 -0.000000 0.000000 -17.979585 -42.300619 -22.738964 -3.083493 -31.175765 4.562956 3.216152 -3.762506 20.535384 16.750164 23.429456 -36.368299 -30.281105 -38.652231 -23.462662 315.198089 51.819329 -285.324311 27.523115 13.218716 28.121851 -92.902710 -42.397894 -97.780737 -118.493226 -78.993811 -127.842572 -14.305910 57.039880 7.765119 -8.024392 9.182623 12.856207 1.852145 -24.847489 -11.228065 -88.558835 -72.117847 -88.231145 3.733914 61.765784 -2.510095 13.315060 -5.431467 46.145349 -20.380518 -5.228868 -46.154942
0.339775 0.023501 0.466864 -7.090895 51.153497 22.392228 -0.000000 -0.000000 -0.000000 -0.000000 -0.000000 -0.000000 -0.000000 -0.000000 -0.000000 12.841456 5.579446 -15.016590 -0.000000 0.000000 0.000000 -18.228880 -42.157705 -23.252040 -3.228792 -32.135348 4.459791 3.376691 -3.398359 20.530169 17.009069 23.841517 -36.571631 -32.104372 -39.089797 -24.285981 322.945082 62.185783 -294.425579 48.215303 22.067117 11.494923 -98.946509 -52.510653 -97.776293 -118.081753 -78.531670 -127.614457 -14.742473 57.159895 8.207413 -7.964371 8.991969 12.816524 1.952101 -24.764410 -11.201076 -88.434198 -71.700480 -88.205973 3.844208 61.640758 -2.624452 13.192238 -5.103519 46.038463 -20.546565 -5.522253 -46.163392
0.339839 0.023409 0.467051 -7.275807 51.164527 22.958849 -0.000000 0.000000 -0.000000 -0.000000 0.000000 -0.000000 -0.000000 0.000000 -0.000000 13.019516 5.562831 -15.492079 0.000000 -0.000000 -0.000000 -18.435416 -41.994727 -23.745541 -3.389660 -33.084201 4.375078 3.540260 -2.911360 20.511199 17.203994 24.141363 -36.732154 -33.605991 -39.171722 -24.950094 335.513322 68.966567 -308.058940 60.637942 18.850044 -1.557233 -99.693981 -62.691046 -97.839209 -117.457022 -78.097268 -127.167435 -15.155232 57.258196 8.624604 -7.936438 8.856969 12.799680 2.063893 -24.741263 -11.191689 -88.161933 -71.284446 -88.027969 3.962836 61.509660 -2.749838 13.117465 -4.938610 46.071939 -20.639238 -5.636359 -46.249667
0.339923 0.023326 0.467261 -7.441638 51.147977 23.447301 0.000000 0.000000 0.000000 0.000000 0.000000 0.000000 0.000000 0.000000 0.000000 13.211057 5.607460 -15.872005 0.000000 -0.000000 -0.000000 -18.589009 -41.846938 -24.161183 -3.526155 -33.854892 4.315661 3.680287 -2.410494 20.507415 17.320863 24.291321 -36.855590 -34.546021 -39.109241 -25.438663 347.298209 71.181531 -320.493378 58.582788 17.683249 -3.128934 -99.682873 -65.893652 -97.477480 -116.748846 -77.748570 -126.614758 -15.470921 57.316675 8.943762 -7.952641 8.780167 12.806148 2.180272 -24.765023 -11.198209 -87.795210 -70.930582 -87.740410 4.093644 61.377414 -2.890765 13.066779 -4.944406 46.207817 -20.630948 -5.592823 -46.383631
0.340022 0.023262 0.467479 -7.575562 51.117755 23.790871 0.000000 -0.000000 0.000000 0.000000 -0.000000 0.000000 0.000000 -0.000000 0.000000 13.383797 5.670741 -16.075281 0.000000 0.000000 0.000000 -18.695140 -41.762374 -24.456916 -3.597697 -34.270080 4.308783 3.771993 -2.004135 20.540241 17.347311 24.252484 -36.952349 -34.779246 -39.032693 -25.729090 349.667174 69.920780 -323.046957 46.200056 20.465549 4.848013 -99.003299 -61.540784 -96.392829 -116.109242 -77.533513 -126.092127 -15.652429 57.331349 9.127161 -8.014712 8.755098 12.821620 2.300908 -24.819637 -11.204733 -87.386849 -70.695127 -87.382896 4.236811 61.247401 -3.047798 13.020194 -5.069522 46.384120 -20.537874 -5.458778 -46.526414
0.340133 0.023224 0.467694 -7.656937 51.081561 23.925007 -0.000000 -0.000000 -0.000000 -0.000000 -0.000000 -0.000000 -0.000000 -0.000000 -0.000000 13.508640 5.745104 -16.057503 -0.000000 0.000000 0.000000 -18.744413 -41.766758 -24.583146 -3.584920 -34.234842 4.375940 3.800748 -1.708000 20.588489 17.243914 23.970358 -36.985751 -34.265880 -38.888590 -25.731216 343.587898 65.993450 -316.700938 29.605254 19.188298 17.871603 -95.678635 -54.035579 -95.487574 -115.663270 -77.492746 -125.710622 -15.705266 57.311795 9.178393 -8.110203 8.769595 12.832175 2.422894 -24.891867 -11.198410 -86.970950 -70.625942 -86.977002 4.380828 61.130991 -3.208442 12.975351 -5.242329 46.541848 -20.405827 -5.306271 -46.642197
0.340252 0.023213 0.467898 -7.664732 51.030703 23.803365 0.000000 -0.000000 0.000000 0.000000 -0.000000 0.000000 0.000000 -0.000000 0.000000 13.580924 5.890947 -15.831571 0.000000 0.000000 -0.000000 -18.707652 -41.852201 -24.490293 -3.498074 -33.781447 4.520214 3.769172 -1.472289 20.600165 16.984028 23.434033 -36.904426 -33.116297 -38.607800 -25.380353 335.407739 59.474413 -307.910250 17.589800 11.611766 27.345477 -85.149849 -47.439815 -94.926653 -115.435504 -77.656705 -125.487486 -15.642816 57.267149 9.110017 -8.222924 8.810492 12.832348 2.536755 -24.968134 -11.176469 -86.535173 -70.751751 -86.504015 4.505732 61.044884 -3.351287 12.957608 -5.436057 46.669303 -20.270905 -5.146970 -46.720003
0.340374 0.023226 0.468085 -7.595243 50.954732 23.438734 0.000000 0.000000 -0.000000 0.000000 0.000000 -0.000000 0.000000 0.000000 -0.000000 13.612059 6.159408 -15.454042 -0.000000 -0.000000 -0.000000 -18.578583 -42.002587 -24.187220 -3.362785 -33.003346 4.747762 3.693427 -1.319212 20.548976 16.622969 22.740054 -36.738580 -31.577507 -38.223617 -24.734216 329.058922 51.372125 -300.832740 11.690983 2.279963 30.885280 -68.685651 -42.583472 -94.430554 -115.378752 -78.011906 -125.382341 -15.486604 57.204696 8.945389 -8.343439 8.861414 12.814367 2.641538 -25.032654 -11.132696 -86.051964 -71.055867 -85.940058 4.596381 60.996073 -3.460818 13.000860 -5.670915 46.801734 -20.141412 -4.937135 -46.777855
0.340493 0.023251 0.468252 -7.479390 50.867096 22.945017 0.000000 0.000000 -0.000000 0.000000 0.000000 -0.000000 0.000000 0.000000 -0.000000 13.607023 6.473194 -14.999217 -0.000000 0.000000 -0.000000 -18.401985 -42.190188 -23.776925 -3.216359 -32.049997 5.056552 3.600208 -1.344993 20.479534 16.294782 22.063652 -36.628768 -29.973514 -37.808789 -23.970237 325.038143 43.716806 -296.212533 9.040038 -5.415998 30.849896 -55.469180 -39.164938 -94.018126 -115.458941 -78.459944 -125.386922 -15.298384 57.142818 8.748675 -8.456348 8.899502 12.771088 2.740141 -25.072546 -11.063005 -85.562371 -71.449768 -85.344472 4.652504 60.976269 -3.536631 13.111912 -5.951929 46.971167 -20.017769 -4.653683 -46.841134
0.340603 0.023272 0.468393 -7.378806 50.805899 22.525014 0.000000 -0.000000 0.000000 0.000000 -0.000000 0.000000 0.000000 -0.000000 0.000000 13.567827 6.633890 -14.554962 0.000000 0.000000 0.000000 -18.254027 -42.350341 -23.425204 -3.110709 -31.191973 5.397136 3.527585 -1.563209 20.490070 16.133663 21.564869 -36.740510 -28.664032 -37.490561 -23.360245 322.626609 38.602497 -293.498319 7.755859 -9.962148 29.922627 -48.145114 -37.146789 -93.916582 -115.648906 -78.828482 -125.511971 -15.167516 57.110853 8.609637 -8.522837 8.904214 12.718406 2.808339 -25.084429 -10.992896 -85.212879 -71.783258 -84.898610 4.679984 60.975847 -3.582758 13.274718 -6.249709 47.184335 -19.912352 -4.316819 -46.926062
0.340702 0.023274 0.468508 -7.353427 50.806416 22.377996 0.000000 0.000000 -0.000000 0.000000 0.000000 -0.000000 0.000000 0.000000 -0.000000 13.509361 6.471246 -14.219760 0.000000 -0.000000 0.000000 -18.207258 -42.409160 -23.290950 -3.089964 -30.745358 5.683281 3.516661 -1.823158 20.680153 16.199268 21.302102 -37.163782 -27.961860 -37.504425 -23.191114 321.251179 37.579153 -292.210654 7.377716 -10.773304 29.936014 -47.529919 -36.718317 -94.218034 -115.855441 -78.953258 -125.695859 -15.152766 57.128068 8.586444 -8.497097 8.872558 12.695082 2.795283 -25.075428 -10.973518 -85.166915 -71.909083 -84.803329 4.680288 60.993466 -3.597719 13.488093 -6.545087 47.448369 -19.843082 -3.934849 -47.042351
0.340787 0.023246 0.468596 -7.424569 50.872112 22.584505 0.000000 0.000000 0.000000 0.000000 0.000000 0.000000 0.000000 0.000000 0.000000 13.457543 5.979670 -14.056752 0.000000 -0.000000 0.000000 -18.300450 -42.346928 -23.453356 -3.159866 -30.850762 5.857302 3.590648 -1.916615 21.103414 16.455946 21.204237 -37.881984 -28.003361 -38.004324 -23.596586 320.908355 40.928837 -292.399382 8.354691 -7.294379 31.157857 -54.066775 -37.973733 -94.778745 -115.929929 -78.774989 -125.798975 -15.248629 57.187494 8.674276 -8.364563 8.820869 12.730204 2.669370 -25.056520 -11.038539 -85.441998 -71.764346 -85.090808 4.662139 61.024314 -3.588836 13.759406 -6.830431 47.773594 -19.824313 -3.502145 -47.196772
0.340859 0.023187 0.468666 -7.567407 50.966713 23.070315 0.000000 -0.000000 -0.000000 0.000000 -0.000000 -0.000000 0.000000 -0.000000 -0.000000 13.442210 5.322201 -14.040774 0.000000 -0.000000 -0.000000 -18.522167 -42.204544 -23.875385 -3.286289 -31.350210 5.952716 3.736568 -1.769816 21.699613 16.805362 21.142049 -38.784662 -28.675491 -38.839713 -24.457503 322.077788 47.146265 -294.497639 11.764243 0.731704 31.761246 -67.417753 -40.846151 -95.362260 -115.751584 -78.368236 -125.687125 -15.399171 57.262140 8.818590 -8.152469 8.773409 12.825827 2.442760 -25.036602 -11.183860 -85.851338 -71.399563 -85.559126 4.655156 61.049006 -3.586508 14.050483 -7.052630 48.141048 -19.870784 -3.073619 -47.393251
0.340923 0.023102 0.468727 -7.735607 51.033925 23.673517 -0.000000 0.000000 -0.000000 -0.000000 0.000000 -0.000000 -0.000000 0.000000 -0.000000 13.497642 4.734084 -14.079052 -0.000000 0.000000 0.000000 -18.825328 -42.036228 -24.436746 -3.418731 -31.873990 6.109937 3.907420 -1.549432 22.239502 17.145251 21.048747 -39.694330 -29.666418 -39.696662 -25.491758 325.223714 53.805986 -298.773965 18.711349 11.145479 28.666616 -83.857349 -45.218986 -95.727398 -115.268376 -77.883086 -125.286933 -15.530594 57.322158 8.946099 -7.907029 8.755182 12.972929 2.148296 -25.026085 -11.390199 -86.132733 -70.935301 -85.919980 4.696078 61.043294 -3.628790 14.270983 -7.121216 48.508290 -19.990501 -2.764688 -47.641076
0.340977 0.023001 0.468791 -7.891619 51.032538 24.245534 -0.000000 -0.000000 -0.000000 -0.000000 -0.000000 -0.000000 -0.000000 -0.000000 -0.000000 13.653288 4.410101 -14.094259 -0.000000 0.000000 0.000000 -19.165717 -41.887572 -25.018672 -3.513161 -32.028537 6.512196 4.044553 -1.580936 22.422601 17.420435 20.962004 -40.441224 -30.615833 -40.362804 -26.432506 330.178111 58.963629 -304.836075 27.802433 18.932440 21.566753 -93.185877 -50.429510 -95.738922 -114.499128 -77.453514 -124.602039 -15.585137 57.348074 8.999112 -7.674241 8.788297 13.160052 1.821855 -25.041036 -11.636444 -86.117494 -70.488176 -85.985891 4.805556 60.991243 -3.737438 14.342317 -6.994059 48.854228 -20.164826 -2.649968 -47.957365
0.341016 0.022893 0.468862 -8.023527 50.959789 24.719872 0.000000 -0.000000 -0.000000 0.000000 -0.000000 -0.000000 0.000000 -0.000000 -0.000000 13.913860 4.417653 -14.073506 0.000000 0.000000 0.000000 -19.530202 -41.801483 -25.575474 -3.548073 -31.566626 7.263981 4.098846 -2.151796 22.097801 17.644551 20.968938 -40.964718 -31.255491 -40.744005 -27.129078 335.485336 61.665646 -311.044250 33.829428 21.955224 15.481307 -95.853335 -54.503388 -95.420248 -113.526648 -77.133630 -123.710758 -15.546514 57.336683 8.961541 -7.495990 8.880676 13.360135 1.512319 -25.095437 -11.885985 -85.788436 -70.114958 -85.732875 4.984359 60.883753 -3.914384 14.235204 -6.702264 49.179616 -20.351958 -2.725892 -48.347044
0.341032 0.022786 0.468942 -8.145707 50.844519 25.124122 -0.000000 0.000000 0.000000 -0.000000 0.000000 0.000000 -0.000000 0.000000 0.000000 14.257091 4.679655 -14.046114 0.000000 0.000000 0.000000 -19.932380 -41.789766 -26.131668 -3.533629 -30.498837 8.310099 4.042020 -3.359035 21.350959 17.881685 21.147474 -41.330666 -31.481121 -40.786390 -27.559841 339.279772 62.098283 -315.450867 34.125394 22.457795 13.982138 -95.770036 -55.983411 -94.817192 -112.460538 -76.891584 -122.726520 -15.437106 57.298339 8.855343 -7.400900 9.020031 13.535812 1.272635 -25.191102 -12.093525 -85.234254 -69.800248 -85.255743 5.218301 60.716106 -4.146056 13.946679 -6.283335 49.459615 -20.521158 -2.982521 -48.779994
0.341016 0.022685 0.469030 -8.283545 50.720592 25.532135 0.000000 -0.000000 -0.000000 0.000000 -0.000000 -0.000000 0.000000 -0.000000 -0.000000 14.654028 5.056170 -14.044392 0.000000 0.000000 0.000000 -20.386448 -41.781161 -26.707234 -3.496013 -29.107761 9.453990 3.877834 -5.054940 20.384893 18.187232 21.524214 -41.638400 -31.365337 -40.507192 -27.809907 341.186614 61.191573 -317.734416 30.763985 21.822341 15.840624 -94.131314 -55.479958 -94.032531 -111.391021 -76.657317 -121.748971 -15.293015 57.247352 8.716490 -7.388339 9.186671 13.672540 1.119752 -25.319390 -12.243550 -84.571338 -69.491798 -84.687006 5.475749 60.496773 -4.400452 13.499031 -5.757114 49.637452 -20.671783 -3.425542 -49.192163
0.340962 0.022592 0.469131 -8.452297 50.606764 25.996401 -0.000000 -0.000000 -0.000000 -0.000000 -0.000000 -0.000000 -0.000000 -0.000000 -0.000000 15.080673 5.439006 -14.087584 0.000000 -0.000000 -0.000000 -20.888526 -41.632424 -27.259363 -3.442574 -27.797446 10.457601 3.646536 -6.898731 19.389212 18.547816 22.019563 -41.940252 -31.087355 -40.006742 -27.996650 341.867794 59.972666 -318.630268 26.713331 20.283401 18.511267 -91.416495 -54.348951 -93.194877 -110.371812 -76.380497 -120.844624 -15.148257 57.194958 8.581494 -7.426370 9.365068 13.792228 1.017521 -25.466926 -12.365975 -83.881355 -69.150581 -84.120397 5.717357 60.250254 -4.638460 12.967604 -5.177228 49.669077 -20.811579 -4.011529 -49.507406
0.340868 0.022508 0.469248 -8.651120 50.505047 26.525467 0.000000 0.000000 0.000000 0.000000 0.000000 0.000000 0.000000 0.000000 0.000000 15.512779 5.760128 -14.171548 0.000000 -0.000000 -0.000000 -21.423896 -41.225863 -27.719333 -3.353454 -26.847262 11.162946 3.408992 -8.524060 18.513269 18.886538 22.449740 -42.254935 -30.820837 -39.378093 -28.186466 341.838010 59.253830 -318.653990 23.670737 18.295785 20.497744 -88.671737 -53.417184 -92.497613 -109.420318 -76.048579 -120.043984 -15.032986 57.148257 8.485208 -7.467476 9.539604 13.927621 0.905823 -25.615260 -12.505942 -83.194979 -68.767753 -83.583019 5.924410 60.002962 -4.843396 12.451366 -4.638282 49.549655 -20.930590 -4.641019 -49.669885
0.340738 0.022434 0.469384 -8.876863 50.407790 27.116777 -0.000000 0.000000 0.000000 -0.000000 0.000000 0.000000 -0.000000 0.000000 0.000000 15.931934 5.964855 -14.267774 0.000000 0.000000 -0.000000 -21.988671 -40.554637 -28.078416 -3.208796 -26.291839 11.556728 3.214787 -9.732333 17.848398 19.136379 22.654998 -42.601686 -30.679999 -38.654338 -28.396039 341.348257 59.422433 -318.022144 22.099200 16.607819 21.516637 -87.393596 -52.907358 -92.291634 -108.507466 -75.663282 -119.329428 -14.965120 57.108297 8.449510 -7.468958 9.694055 14.096058 0.736179 -25.743361 -12.691202 -82.520187 -68.342867 -83.072704 6.107967 59.773377 -5.028345 12.000671 -4.205574 49.310588 -21.011452 -5.238971 -49.679677
0.340578 0.022370 0.469544 -9.132946 50.303415 27.782635 0.000000 -0.000000 0.000000 0.000000 -0.000000 0.000000 0.000000 -0.000000 0.000000 16.342148 6.036949 -14.358874 0.000000 -0.000000 0.000000 -22.587704 -39.710046 -28.404416 -3.012216 -26.011404 11.737321 3.077260 -10.557916 17.381206 19.298832 22.637545 -42.985589 -30.712834 -37.839775 -28.635187 340.596983 60.372141 -316.932797 21.858269 15.805467 21.832270 -88.264858 -52.721662 -92.792559 -107.567412 -75.219687 -118.642559 -14.940684 57.069088 8.471898 -7.408601 9.820507 14.299132 0.485860 -25.836598 -12.928176 -81.870639 -67.865865 -82.602278 6.282894 59.577397 -5.207788 11.615473 -3.877409 49.026857 -21.061968 -5.779985 -49.608536
0.340402 0.022325 0.469732 -9.416109 50.182742 28.523712 0.000000 -0.000000 -0.000000 0.000000 -0.000000 -0.000000 0.000000 -0.000000 -0.000000 16.761826 6.032058 -14.471635 0.000000 0.000000 -0.000000 -23.201695 -38.819996 -28.771498 -2.791199 -25.883551 11.818610 2.981093 -11.154521 17.035628 19.429859 22.539855 -43.384269 -30.889191 -36.926965 -28.895622 339.685855 61.698298 -315.521328 22.689838 15.915109 21.677984 -90.549500 -52.666528 -93.771981 -106.561463 -74.718926 -117.939339 -14.943063 57.024956 8.533875 -7.290365 9.917879 14.528017 0.163071 -25.889781 -13.206293 -81.260541 -67.333507 -82.190593 6.448059 59.425952 -5.377995 11.318052 -3.619854 48.823639 -21.134030 -6.220639 -49.574440
0.340225 0.022308 0.469954 -9.703625 50.045063 29.295965 0.000000 -0.000000 0.000000 0.000000 -0.000000 0.000000 0.000000 -0.000000 0.000000 17.196689 6.045302 -14.652268 0.000000 -0.000000 0.000000 -23.776293 -38.016233 -29.207170 -2.580684 -25.843464 11.854975 2.910777 -11.637022 16.791302 19.588291 22.509728 -43.771771 -31.118887 -35.885990 -29.119801 338.612119 62.933063 -313.822711 24.442224 16.540397 21.103796 -93.028297 -52.638391 -94.804427 -105.525678 -74.189279 -117.229356 -14.956105 56.977319 8.612952 -7.139885 9.984684 14.760353 -0.191246 -25.904241 -13.495264 -80.685866 -66.771849 -81.829121 6.596932 59.309846 -5.529448 11.188988 -3.401535 48.836222 -21.311781 -6.462752 -49.682600
0.340064 0.022328 0.470215 -9.966258 49.898110 30.031240 -0.000000 0.000000 0.000000 -0.000000 0.000000 0.000000 -0.000000 0.000000 0.000000 17.633058 6.142159 -14.917176 0.000000 0.000000 -0.000000 -24.259207 -37.412527 -29.706934 -2.403443 -25.856103 11.844668 2.860687 -12.045519 16.689344 19.803948 22.628827 -44.124583 -31.319484 -34.695939 -29.234942 337.571842 63.655322 -312.085504 26.887188 17.233864 20.171023 -94.929145 -52.656623 -95.605256 -104.531537 -73.677307 -116.544738 -14.957185 56.928337 8.677439 -6.997186 10.024277 14.964273 -0.516541 -25.889056 -13.751196 -80.132478 -66.225860 -81.491682 6.724410 59.204194 -5.655249 11.313954 -3.207534 49.127423 -21.656446 -6.412499 -49.961664
0.339937 0.022393 0.470514 -10.189236 49.756347 30.680515 0.000000 -0.000000 -0.000000 0.000000 -0.000000 -0.000000 0.000000 -0.000000 -0.000000 18.045369 6.314399 -15.237311 0.000000 0.000000 -0.000000 -24.630226 -37.054632 -30.246503 -2.266537 -25.895944 11.777787 2.820175 -12.418132 16.705556 20.075330 22.938534 -44.392098 -31.460477 -33.400705 -29.217026 337.084635 63.588626 -310.919145 29.470416 17.715984 19.117784 -96.053470 -52.765581 -96.081435 -103.634463 -73.221695 -115.908002 -14.913014 56.872931 8.686892 -6.907261 10.050447 15.111859 -0.755402 -25.862580 -13.934001 -79.614503 -65.734217 -81.183874 6.810145 59.099777 -5.735875 11.705112 -3.067363 49.628605 -22.131096 -6.059162 -50.331934
0.339855 0.022506 0.470846 -10.371050 49.641585 31.216479 0.000000 -0.000000 0.000000 0.000000 -0.000000 0.000000 0.000000 -0.000000 0.000000 18.391321 6.482830 -15.551907 0.000000 0.000000 0.000000 -24.884804 -36.894755 -30.759938 -2.172034 -25.965504 11.652797 2.766746 -12.818800 16.707874 20.375618 23.458585 -44.493962 -31.541182 -32.104489 -29.091370 337.499475 62.752521 -310.769319 31.605091 18.007930 18.215949 -96.575229 -52.933615 -96.288284 -102.884120 -72.847774 -115.351103 -14.803356 56.804109 8.618439 -6.897694 10.083393 15.190192 -0.879057 -25.849652 -14.024267 -79.194732 -65.326985 -80.960808 6.813739 59.020502 -5.734517 12.282238 -3.057772 50.166583 -22.597651 -5.493212 -50.641706
0.339828 0.022655 0.471195 -10.506319 49.573726 31.610512 -0.000000 -0.000000 -0.000000 -0.000000 -0.000000 -0.000000 -0.000000 -0.000000 -0.000000 18.617532 6.553827 -15.793268 -0.000000 -0.000000 -0.000000 -25.017168 -36.849075 -31.157245 -2.118407 -26.094263 11.457775 2.685432 -13.269424 16.584944 20.661237 24.161412 -44.370018 -31.559069 -30.913247 -28.887177 338.587019 61.488447 -311.453922 33.176734 18.400740 17.536452 -96.817578 -53.043384 -96.383172 -102.323649 -72.577999 -114.910467 -14.635061 56.719183 8.480555 -6.948155 10.154153 15.217855 -0.924960 -25.878143 -14.047123 -78.943430 -65.032755 -80.875583 6.705098 59.003828 -5.625205 12.910019 -3.238418 50.554765 -22.908371 -4.872811 -50.755327
0.339853 0.022828 0.471542 -10.580912 49.553046 31.835128 0.000000 -0.000000 0.000000 0.000000 -0.000000 0.000000 0.000000 -0.000000 0.000000 18.696809 6.498018 -15.921041 0.000000 -0.000000 0.000000 -25.035675 -36.872387 -31.390739 -2.090285 -26.315507 11.154085 2.589245 -13.701505 16.366151 20.894832 24.978373 -44.021975 -31.520499 -29.912330 -28.628364 339.902754 60.167535 -312.525026 34.323255 19.134767 17.050757 -97.010229 -52.978211 -96.500640 -101.940950 -72.429292 -114.576015 -14.417088 56.613952 8.287846 -6.985401 10.309637 15.259125 -1.015366 -25.969410 -14.088872 -78.877935 -64.868102 -80.923675 6.488426 59.075505 -5.414247 13.440757 -3.595150 50.672050 -22.985002 -4.373376 -50.621800
0.339925 0.023014 0.471867 -10.589345 49.562169 31.888579 0.000000 -0.000000 -0.000000 0.000000 -0.000000 -0.000000 0.000000 -0.000000 -0.000000 18.654654 6.369980 -15.940951 0.000000 0.000000 -0.000000 -24.965469 -36.956317 -31.471565 -2.061403 -26.675438 10.676155 2.513229 -14.001237 16.184604 21.066363 25.851588 -43.498233 -31.457795 -29.177425 -28.350694 341.336217 58.710748 -313.875723 34.680137 20.051433 16.976002 -97.022686 -52.685074 -96.578667 -101.678663 -72.400936 -114.303743 -14.144716 56.480857 8.042980 -6.930848 10.585285 15.390830 -1.287494 -26.121444 -14.251857 -78.966115 -64.827351 -81.064934 6.188444 59.244005 -5.125680 13.767319 -4.052272 50.503815 -22.835167 -4.119140 -50.287854
0.340031 0.023200 0.472157 -10.553439 49.589470 31.806943 0.000000 -0.000000 0.000000 0.000000 -0.000000 0.000000 0.000000 -0.000000 0.000000 18.548814 6.247954 -15.890634 -0.000000 0.000000 -0.000000 -24.824229 -37.090244 -31.428643 -2.015685 -27.231257 9.964840 2.493756 -14.063739 16.178372 21.177243 26.723625 -42.866233 -31.415284 -28.739986 -28.088135 343.146618 56.461846 -315.803328 33.305820 20.633795 17.830083 -96.327480 -52.181758 -96.372100 -101.521613 -72.471656 -114.102058 -13.825576 56.322018 7.757166 -6.765598 10.966672 15.636389 -1.773923 -26.306010 -14.568727 -79.175420 -64.889881 -81.280725 5.839069 59.494932 -4.790506 13.881570 -4.510832 50.146922 -22.545858 -4.118152 -49.867837
0.340160 0.023364 0.472398 -10.514533 49.637004 31.652634 -0.000000 0.000000 -0.000000 -0.000000 0.000000 -0.000000 -0.000000 0.000000 -0.000000 18.431073 6.171381 -15.818108 -0.000000 0.000000 -0.000000 -24.621326 -37.269725 -31.303300 -1.959947 -27.976689 9.036238 2.557521 -13.795375 16.461842 21.211798 27.460591 -42.225185 -31.427775 -28.541738 -27.849758 345.547646 52.641430 -318.565253 29.713005 20.198777 19.848468 -93.647039 -51.531405 -95.495376 -101.515728 -72.605073 -114.042919 -13.495932 56.156066 7.463880 -6.544805 11.392650 15.951574 -2.372953 -26.488812 -14.980755 -79.480166 -65.026150 -81.568812 5.497915 59.780587 -4.462569 13.868405 -4.883168 49.756266 -22.246358 -4.267413 -49.484984
0.340297 0.023480 0.472571 -10.505556 49.706055 31.489407 0.000000 0.000000 0.000000 0.000000 0.000000 0.000000 0.000000 0.000000 0.000000 18.325815 6.127760 -15.767134 0.000000 0.000000 0.000000 -24.376845 -37.519025 -31.166837 -1.916514 -28.792545 8.020349 2.710344 -13.139514 17.097543 21.147522 27.872948 -41.702296 -31.514913 -28.470868 -27.630836 348.367764 47.015498 -322.009990 24.606795 17.858697 22.356944 -85.198005 -50.619964 -93.052016 -101.686872 -72.759045 -114.171016 -13.196359 56.005509 7.198224 -6.357883 11.791941 16.267807 -2.926265 -26.648226 -15.390881 -79.845924 -65.198072 -81.914768 5.226484 60.042586 -4.200329 13.827507 -5.134846 49.454237 -22.027675 -4.434402 -49.212172
0.340424 0.023524 0.472652 -10.540352 49.793123 31.360908 0.000000 0.000000 -0.000000 0.000000 0.000000 -0.000000 0.000000 0.000000 -0.000000 18.230326 6.066460 -15.752742 0.000000 0.000000 0.000000 -24.110506 -37.862592 -31.082475 -1.912039 -29.528175 7.108014 2.921824 -12.144512 18.002871 20.982189 27.864030 -41.372378 -31.673989 -28.445557 -27.434597 351.287730 39.962215 -325.840049 19.385570 13.077527 23.903462 -66.217114 -48.584052 -86.840238 -102.010252 -72.900649 -114.470928 -12.952487 55.884329 6.981797 -6.285547 12.108858 16.521270 -3.292185 -26.778463 -15.705701 -80.269202 -65.372891 -82.336050 5.020944 60.265189 -3.997746 13.810472 -5.307909 49.275907 -21.886871 -4.536862 -49.049857
0.340517 0.023482 0.472623 -10.622453 49.898626 31.278472 -0.000000 0.000000 -0.000000 -0.000000 0.000000 -0.000000 -0.000000 0.000000 -0.000000 18.130597 5.930416 -15.741661 -0.000000 0.000000 -0.000000 -23.820120 -38.282852 -31.047452 -1.967107 -30.113731 6.446716 3.137217 -10.976768 18.937478 20.738593 27.517682 -41.197028 -31.864640 -28.460172 -27.272872 354.108768 32.082151 -329.911977 14.918675 6.545853 23.416196 -43.933132 -43.875853 -75.051800 -102.464629 -73.021360 -114.926785 -12.785866 55.800965 6.834382 -6.378150 12.311192 16.656421 -3.372541 -26.888754 -15.847167 -80.811025 -65.543503 -82.917822 4.798659 60.489756 -3.770146 13.818166 -5.488071 49.173126 -21.752134 -4.566294 -48.940580
0.340558 0.023357 0.472474 -10.733724 50.019904 31.202550 -0.000000 0.000000 -0.000000 -0.000000 0.000000 -0.000000 -0.000000 0.000000 -0.000000 18.014795 5.712253 -15.668477 0.000000 0.000000 0.000000 -23.497827 -38.727639 -30.993705 -2.077308 -30.556080 6.074732 3.312056 -9.859923 19.652802 20.463196 27.040075 -41.077395 -32.013349 -28.604032 -27.159643 356.681112 24.056377 -334.127177 11.100774 -0.128417 21.126550 -24.644365 -36.071589 -62.406238 -103.037060 -73.147279 -115.523125 -12.719439 55.764044 6.778786 -6.639499 12.399221 16.643161 -3.142066 -27.000721 -15.778611 -81.520602 -65.733920 -83.717044 4.474785 60.764631 -3.430830 13.832258 -5.728109 49.051747 -21.563455 -4.566133 -48.800005
0.340531 0.023174 0.472213 -10.807535 50.136543 31.025025 0.000000 0.000000 0.000000 0.000000 0.000000 0.000000 0.000000 0.000000 0.000000 17.869713 5.489249 -15.468871 0.000000 -0.000000 0.000000 -23.155470 -39.147148 -30.826296 -2.204271 -30.863685 5.928489 3.425916 -9.002391 20.031968 20.217820 26.653461 -40.931748 -32.044208 -29.057856 -27.105264 358.826717 16.569777 -338.291783 7.631249 -5.679247 18.005002 -10.408571 -26.594832 -52.790200 -103.667538 -73.342540 -116.170540 -12.756090 55.778640 6.816947 -7.017462 12.408228 16.495001 -2.671662 -27.137169 -15.528056 -82.342962 -65.992894 -84.656097 4.009325 61.100883 -2.937116 13.837890 -5.999771 48.817722 -21.325940 -4.602655 -48.554626
0.340421 0.022962 0.471855 -10.753061 50.220985 30.611709 0.000000 -0.000000 0.000000 0.000000 -0.000000 0.000000 0.000000 -0.000000 0.000000 17.678530 5.375652 -15.095094 0.000000 -0.000000 -0.000000 -22.812619 -39.513391 -30.458971 -2.299507 -31.028109 5.899311 3.472869 -8.524757 20.083077 20.042965 26.505384 -40.704637 -31.905644 -30.018608 -27.110032 360.384022 9.996318 -342.173470 4.503417 -9.711972 14.803328 -0.484385 -16.982090 -45.705567 -104.266930 -73.685077 -116.726819 -12.863929 55.840239 6.913325 -7.432664 12.385004 16.252224 -2.082936 -27.308652 -15.160638 -83.171335 -66.376409 -85.600068 3.374583 61.486728 -2.255621 13.821832 -6.231718 48.422384 -21.083346 -4.735950 -48.177645
0.340209 0.022745 0.471415 -10.537979 50.265991 29.913240 -0.000000 0.000000 -0.000000 -0.000000 0.000000 -0.000000 -0.000000 0.000000 -0.000000 17.437127 5.416867 -14.523596 0.000000 -0.000000 0.000000 -22.483102 -39.829075 -29.869576 -2.334010 -31.047318 5.898514 3.456408 -8.405718 19.870583 19.924638 26.607118 -40.357791 -31.566741 -31.585709 -27.176818 361.225614 4.259277 -345.558326 1.858571 -12.238571 11.871052 6.421047 -8.007520 -40.255910 -104.805904 -74.206962 -117.133731 -12.997437 55.935650 7.020412 -7.831717 12.353645 15.951217 -1.464875 -27.505912 -14.730031 -83.975695 -66.908080 -86.523671 2.545134 61.911414 -1.353263 13.768376 -6.383325 47.888177 -20.861805 -4.982069 -47.700811
0.339867 0.022528 0.470901 -10.224288 50.289343 29.022888 0.000000 0.000000 0.000000 0.000000 0.000000 0.000000 0.000000 0.000000 0.000000 17.164020 5.540099 -13.772594 0.000000 -0.000000 0.000000 -22.197004 -40.142310 -29.154042 -2.297778 -30.902204 5.896497 3.391382 -8.509533 19.500243 19.811168 26.839495 -39.898869 -31.005604 -33.711862 -27.329870 361.257418 -0.619703 -348.129762 -0.197209 -13.493893 9.292420 11.187176 -0.134445 -35.978806 -105.343707 -74.855423 -117.482319 -13.133757 56.051586 7.121216 -8.196352 12.306039 15.621921 -0.859123 -27.699346 -14.273992 -84.809216 -67.547313 -87.516815 1.550820 62.349649 -0.255350 13.662811 -6.457865 47.289527 -20.659273 -5.301927 -47.190590
0.339371 0.022308 0.470315 -9.891013 50.308344 28.094658 0.000000 0.000000 -0.000000 0.000000 0.000000 -0.000000 0.000000 0.000000 -0.000000 16.882231 5.632283 -12.913207 0.000000 -0.000000 0.000000 -22.002664 -40.533137 -28.491054 -2.194457 -30.533068 5.922806 3.301461 -8.677111 19.121798 19.660511 27.034413 -39.398970 -30.233861 -36.237504 -27.599831 360.530999 -4.386122 -349.580963 -1.603784 -13.788174 6.952175 14.293623 6.216841 -32.600128 -105.946952 -75.523793 -117.897112 -13.284560 56.183815 7.239275 -8.501550 12.226221 15.302873 -0.316947 -27.852115 -13.842596 -85.699023 -68.204700 -88.631929 0.495678 62.753887 0.933972 13.495946 -6.476195 46.713351 -20.466347 -5.625420 -46.715438
0.338693 0.022085 0.469652 -9.544210 50.321435 27.228860 -0.000000 -0.000000 -0.000000 -0.000000 -0.000000 -0.000000 -0.000000 -0.000000 -0.000000 16.599168 5.657386 -12.055288 -0.000000 0.000000 0.000000 -21.911279 -41.053811 -28.026821 -2.064018 -29.916032 6.031498 3.213038 -8.782854 18.877314 19.463948 27.072329 -38.948655 -29.344257 -38.969114 -28.005347 359.289961 -6.965057 -349.920245 -2.372656 -13.315619 4.736523 16.062603 10.888187 -29.804729 -106.602330 -76.109841 -118.390162 -13.475519 56.334665 7.412677 -8.708877 12.123930 15.040517 0.085357 -27.947907 -13.498907 -86.601272 -68.784559 -89.801412 -0.487924 63.089996 2.081156 13.268551 -6.485631 46.232104 -20.266759 -5.869706 -46.321838
0.337801 0.021872 0.468899 -9.145564 50.326932 26.471149 -0.000000 0.000000 0.000000 -0.000000 0.000000 0.000000 -0.000000 0.000000 0.000000 16.317129 5.669160 -11.322173 -0.000000 0.000000 -0.000000 -21.862562 -41.693791 -27.812619 -1.990591 -29.145761 6.257611 3.148340 -8.744973 18.842578 19.238750 26.925541 -38.606368 -28.509659 -41.747393 -28.574181 357.871839 -8.631110 -349.552270 -2.648335 -12.209882 2.821539 16.876174 14.106271 -27.409889 -107.293254 -76.533564 -118.945908 -13.731360 56.505617 7.679738 -8.817459 12.035346 14.874733 0.305824 -28.001023 -13.289018 -87.475930 -69.211622 -90.926190 -1.265285 63.353926 3.049519 12.985485 -6.556827 45.880844 -20.033389 -5.960676 -46.018216
0.336651 0.021689 0.468027 -8.712926 50.351484 25.891848 0.000000 0.000000 0.000000 0.000000 0.000000 0.000000 0.000000 0.000000 0.000000 16.059697 5.723407 -10.833882 -0.000000 0.000000 0.000000 -21.780409 -42.417828 -27.856436 -2.051955 -28.375945 6.595928 3.116468 -8.550756 19.029213 19.018035 26.642433 -38.396415 -27.917001 -44.453997 -29.367812 356.563227 -9.780123 -348.999741 -2.714579 -10.761161 1.564150 17.246817 16.370089 -25.504305 -108.196361 -76.715483 -119.777385 -14.109911 56.711879 8.113516 -8.874149 11.975644 14.823267 0.373681 -28.024951 -13.221906 -88.358300 -69.432145 -92.006726 -1.716757 63.542074 3.713501 12.647215 -6.715177 45.647467 -19.757290 -5.877648 -45.784055
0.335199 0.021563 0.466999 -8.334782 50.436808 25.601769 -0.000000 0.000000 0.000000 -0.000000 0.000000 0.000000 -0.000000 0.000000 0.000000 15.873535 5.818209 -10.674017 -0.000000 -0.000000 -0.000000 -21.652375 -43.206382 -28.190458 -2.267134 -27.704682 7.008697 3.108653 -8.276695 19.399503 18.841948 26.326766 -38.310202 -27.710366 -46.983481 -30.468451 355.508583 -10.648215 -348.580622 -2.858759 -9.410889 1.066233 17.611116 18.207571 -24.191604 -109.649601 -76.568182 -121.305452 -14.743150 57.004152 8.855815 -8.913791 11.907945 14.863911 0.355592 -28.007690 -13.264048 -89.318606 -69.406474 -93.142515 -1.821428 63.642304 4.044080 12.264282 -6.906313 45.501854 -19.474718 -5.665543 -45.603386
0.333420 0.021512 0.465791 -8.082682 50.590019 25.685243 0.000000 -0.000000 0.000000 0.000000 -0.000000 0.000000 0.000000 -0.000000 0.000000 15.801975 5.904935 -10.827749 0.000000 0.000000 -0.000000 -21.544113 -44.032165 -28.866479 -2.603382 -27.157173 7.459030 3.105933 -8.046353 19.833012 18.737714 26.122151 -38.275180 -27.986175 -49.251077 -31.955275 354.716319 -11.237793 -348.351673 -3.188461 -8.469525 1.103030 18.112993 19.897018 -23.377217 -111.686122 -76.029705 -123.620473 -15.706493 57.410831 9.984706 -8.964885 11.802683 14.931493 0.325780 -27.933127 -13.334964 -90.323982 -69.105603 -94.353141 -1.666666 63.653767 4.121315 11.871448 -7.047628 45.431569 -19.252945 -5.390662 -45.482321
0.331334 0.021537 0.464406 -7.961412 50.764797 26.162144 0.000000 0.000000 -0.000000 0.000000 0.000000 -0.000000 0.000000 0.000000 -0.000000 15.864335 5.901614 -11.153821 0.000000 -0.000000 0.000000 -21.573299 -44.821649 -29.923772 -3.006161 -26.715921 7.949866 3.091974 -7.956910 20.115638 18.696715 26.145792 -38.164459 -28.804836 -51.208216 -33.891184 354.115141 -11.425389 -348.214642 -3.623057 -7.966802 1.465278 18.692799 21.380386 -22.964329 -113.601376 -75.129354 -125.965198 -16.634286 57.787719 11.144187 -9.160912 11.725191 14.978173 0.353385 -27.779696 -13.351186 -91.180322 -68.514603 -95.440202 -1.263287 63.579881 3.946535 11.494077 -7.070021 45.437277 -19.154567 -5.107635 -45.436032
0.329011 0.021632 0.462883 -7.945296 50.901678 27.015949 -0.000000 -0.000000 0.000000 -0.000000 -0.000000 0.000000 -0.000000 -0.000000 0.000000 16.052695 5.690336 -11.443020 -0.000000 0.000000 0.000000 -21.879882 -45.457664 -31.375425 -3.411828 -26.328621 8.514322 3.057249 -8.041486 20.043686 18.675879 26.396901 -37.887268 -30.182660 -52.809950 -36.301252 353.621536 -11.160697 -348.047211 -3.994982 -7.698134 2.113595 19.244732 22.412442 -22.965095 -114.224861 -74.027314 -127.001206 -16.506098 57.763124 11.341241 -9.713093 11.807114 15.097779 0.385220 -27.446593 -13.371748 -91.715753 -67.633610 -96.163860 -0.481603 63.433511 3.376944 11.110940 -6.933014 45.493506 -19.201003 -4.871382 -45.457226
0.326557 0.021798 0.461297 -8.010252 50.973273 28.212309 -0.000000 -0.000000 -0.000000 -0.000000 -0.000000 -0.000000 -0.000000 -0.000000 -0.000000 16.331502 5.151019 -11.516332 0.000000 -0.000000 -0.000000 -22.557179 -45.812488 -33.180164 -3.762897 -25.954033 9.145325 2.997630 -8.276052 19.564493 18.631734 26.767130 -37.453798 -32.074802 -54.001602 -39.144674 353.198907 -10.595788 -347.833554 -4.172695 -7.359960 2.966865 19.635018 22.859639 -23.241302 -112.725754 -72.917483 -125.732015 -14.342019 56.908307 9.630483 -10.597718 12.108487 15.553460 0.074055 -26.724282 -13.688065 -91.989783 -66.475592 -96.533461 0.684090 63.287158 2.396706 10.672612 -6.660838 45.518657 -19.344424 -4.762062 -45.490989
0.324074 0.022049 0.459734 -8.136901 50.992774 29.689688 0.000000 -0.000000 -0.000000 0.000000 -0.000000 -0.000000 0.000000 -0.000000 -0.000000 16.646652 4.232716 -11.309866 0.000000 0.000000 -0.000000 -23.564133 -45.804179 -35.212413 -4.033029 -25.630612 9.758173 2.917834 -8.586313 18.798169 18.545472 27.138209 -36.934455 -34.371555 -54.762116 -42.307022 352.869744 -10.012037 -347.696649 -4.173165 -6.784336 3.776487 19.766658 22.924383 -23.417182 -109.205493 -71.842957 -122.253515 -10.379607 55.017866 6.269116 -11.353170 12.523317 16.561124 -1.083259 -25.394213 -14.614361 -92.208131 -65.078404 -96.787086 1.961592 63.251152 1.277828 10.141145 -6.316636 45.393542 -19.499402 -4.886220 -45.450934
0.321635 0.022402 0.458257 -8.343986 51.004780 31.390157 -0.000000 -0.000000 0.000000 -0.000000 -0.000000 0.000000 -0.000000 -0.000000 0.000000 16.958610 2.986359 -10.920861 -0.000000 -0.000000 -0.000000 -24.736196 -45.449821 -37.307944 -4.233271 -25.449567 10.257114 2.839809 -8.828261 17.968751 18.409760 27.378556 -36.430541 -36.902996 -55.098328 -45.611144 352.680384 -9.669587 -347.783728 -4.131106 -6.062261 4.373108 19.720687 22.977626 -23.282141 -104.660294 -70.686735 -117.709963 -5.840473 52.307991 2.464061 -11.424851 12.841252 18.145405 -3.329901 -23.333166 -16.247577 -92.475245 -63.512911 -97.122759 3.063247 63.333452 0.315695 9.482432 -5.889127 44.993674 -19.612043 -5.355563 -45.249876
0.319293 0.022866 0.456914 -8.710862 51.063030 33.316507 -0.000000 0.000000 -0.000000 -0.000000 0.000000 -0.000000 -0.000000 0.000000 -0.000000 17.267533 1.504506 -10.534245 0.000000 -0.000000 0.000000 -25.915967 -44.839394 -39.368954 -4.392544 -25.436989 10.635020 2.805844 -8.815058 17.350957 18.223114 27.257187 -36.137794 -39.429343 -54.959370 -48.821645 352.664769 -9.752523 -348.141647 -4.149403 -5.396860 4.882404 19.725211 23.196361 -23.078666 -100.112344 -69.363806 -113.197846 -1.454132 49.197089 -1.124251 -10.757239 13.045808 20.423323 -6.510121 -20.682759 -18.651400 -92.723308 -61.848472 -97.556837 3.958870 63.376761 -0.453648 8.654411 -5.257237 44.235698 -19.683302 -6.242754 -44.833225
0.317105 0.023437 0.455753 -9.312189 51.182188 35.522912 -0.000000 -0.000000 0.000000 -0.000000 -0.000000 0.000000 -0.000000 -0.000000 0.000000 17.596997 -0.168816 -10.245745 0.000000 -0.000000 0.000000 -27.055645 -44.046712 -41.414747 -4.538105 -25.480401 11.004990 2.849338 -8.474569 17.129575 18.005756 26.554037 -36.292969 -41.665357 -54.233531 -51.692996 352.810010 -10.333354 -348.667654 -4.230362 -4.946502 5.492919 19.971578 23.516040 -23.215355 -95.735632 -67.882300 -108.747197 2.897024 45.884561 -4.738741 -10.030127 13.673018 23.823092 -10.226549 -18.139952 -22.142940 -92.796102 -60.105130 -97.950101 4.825630 63.184735 -1.211738 7.683187 -4.265970 43.218345 -19.799504 -7.507853 -44.288061
0.315144 0.024106 0.454833 -10.134940 51.307424 38.040744 0.000000 -0.000000 -0.000000 0.000000 -0.000000 -0.000000 0.000000 -0.000000 -0.000000 17.965294 -2.025559 -10.012506 -0.000000 -0.000000 -0.000000 -28.178164 -43.102980 -43.534696 -4.697151 -25.409435 11.528516 2.954253 -7.965394 17.201775 17.784610 25.330175 -36.922510 -43.396330 -52.864506 -54.086522 353.043299 -11.325622 -349.156454 -4.324032 -4.791844 6.185097 20.506041 23.822214 -23.877417 -91.272363 -66.217858 -103.936486 7.266527 42.478347 -8.568779 -10.149363 15.404973 28.492175 -14.029850 -16.688643 -26.903888 -92.523005 -58.256007 -98.070910 5.871963 62.654207 -2.180160 6.692146 -2.810378 42.278139 -20.139433 -8.989565 -43.901270
0.313471 0.024862 0.454197 -11.087070 51.352006 40.842641 -0.000000 -0.000000 -0.000000 -0.000000 -0.000000 -0.000000 -0.000000 -0.000000 -0.000000 18.378369 -3.997104 -9.818902 -0.000000 0.000000 -0.000000 -29.261417 -42.026766 -45.793389 -4.915973 -25.177187 12.308975 3.076358 -7.539949 17.253781 17.582656 23.928086 -37.796968 -44.589179 -50.913741 -56.039435 353.283114 -12.526077 -349.449563 -4.357382 -4.862772 6.960725 21.259335 23.935698 -25.100127 -86.864477 -64.282533 -98.944207 11.322285 39.319534 -12.361192 -11.600061 18.132584 33.945220 -17.575092 -16.771747 -32.554111 -91.807560 -56.261561 -97.738096 7.226001 61.789728 -3.495785 5.786632 -0.900721 41.787860 -20.858713 -10.490397 -44.000641
0.312130 0.025698 0.453860 -12.072273 51.257473 43.893721 0.000000 0.000000 0.000000 0.000000 0.000000 0.000000 0.000000 0.000000 0.000000 18.830955 -5.953300 -9.800709 -0.000000 0.000000 -0.000000 -30.192246 -40.783745 -48.161417 -5.250735 -24.968093 13.314984 3.195930 -7.336766 17.079992 17.447921 22.688711 -38.711219 -45.398502 -48.533703 -57.760555 353.463804 -13.621675 -349.451110 -4.205981 -4.916650 8.114895 22.087500 23.445360 -27.027941 -82.974203 -62.010059 -94.402453 14.715099 36.895215 -15.791542 -14.276661 21.095272 39.768655 -20.783405 -18.140550 -38.707877 -90.701975 -54.070233 -96.972999 8.850408 60.681915 -5.115571 4.978069 1.349270 41.992581 -22.008182 -11.853229 -44.813392
0.311134 0.026606 0.453804 -13.059274 51.006918 47.245031 0.000000 -0.000000 0.000000 0.000000 -0.000000 0.000000 0.000000 -0.000000 0.000000 19.305989 -7.829089 -10.184965 0.000000 -0.000000 -0.000000 -30.857309 -39.225983 -50.565248 -5.692687 -25.131818 14.314422 3.320450 -7.343592 16.747991 17.457475 21.807453 -39.635484 -46.128389 -45.968355 -59.662647 353.464690 -14.087077 -348.909719 -3.724179 -4.730660 9.902713 22.736921 21.830384 -29.794259 -80.017740 -59.364496 -90.974422 17.118715 35.718183 -18.537685 -17.324459 23.311845 45.679469 -23.738410 -19.972907 -45.095396 -89.431360 -51.580537 -96.072931 10.529736 59.514101 -6.801426 4.058207 3.827574 42.987152 -23.469127 -13.108582 -46.475808
0.310462 0.027577 0.453969 -14.122201 50.599880 51.104798 0.000000 0.000000 0.000000 0.000000 0.000000 0.000000 0.000000 0.000000 0.000000 19.786224 -9.704735 -11.215472 0.000000 0.000000 0.000000 -31.287428 -37.164117 -53.069144 -6.119648 -25.939949 14.932683 3.454386 -7.474655 16.487546 17.670327 21.369555 -40.595928 -47.154533 -43.482800 -62.317370 353.094667 -13.349042 -347.431848 -2.880701 -4.312566 11.997784 22.868649 18.961643 -33.117743 -78.195452 -56.278491 -89.186594 18.223971 36.157117 -20.252344 -19.173556 23.907150 50.999430 -26.368933 -21.090143 -51.060725 -88.309215 -48.615397 -95.495909 12.075220 58.492487 -8.333544 2.515078 6.480850 44.684135 -24.911274 -14.563788 -48.991779
0.310081 0.028582 0.454262 -15.396542 50.025259 55.784776 -0.000000 0.000000 -0.000000 -0.000000 0.000000 -0.000000 -0.000000 0.000000 -0.000000 20.248496 -11.764159 -13.108007 -0.000000 -0.000000 -0.000000 -31.653424 -34.502336 -55.947216 -6.384368 -27.347238 14.912290 3.589225 -7.646472 16.484875 18.073539 21.333759 -41.578753 -48.720954 -41.097543 -66.138003 352.235490 -11.322135 -344.929291 -1.829667 -3.915135 13.657205 22.347699 15.419566 -36.340567 -77.359921 -52.612542 -89.159556 17.968080 37.999712 -20.747914 -18.787736 22.867854 55.049054 -28.456027 -20.867923 -55.804049 -87.528731 -44.955328 -95.540176 13.534528 57.698554 -9.744514 -0.006301 9.230543 46.896567 -26.084192 -16.440731 -52.171925
0.309977 0.029575 0.454597 -16.927924 49.243647 61.479295 -0.000000 0.000000 0.000000 -0.000000 0.000000 0.000000 -0.000000 0.000000 0.000000 20.622710 -14.181377 -15.954452 0.000000 -0.000000 0.000000 -32.089054 -31.255640 -59.476320 -6.428167 -28.998335 14.316486 3.706521 -7.858833 16.746478 18.591318 21.538075 -42.559069 -50.694355 -38.437733 -71.001934 350.994853 -8.611510 -341.845589 -0.803631 -3.832735 14.509876 21.458155 12.049749 -39.035891 -77.037466 -48.214268 -90.410947 16.757021 40.318962 -20.268475 -16.834930 21.033306 57.952725 -29.884400 -19.684062 -59.186549 -86.973043 -40.445056 -96.116294 15.048082 57.038381 -11.185420 -3.338648 11.876618 49.445880 -26.984561 -18.581803 -55.688530
0.310162 0.030508 0.454924 -18.540638 48.217994 67.923707 0.000000 -0.000000 -0.000000 0.000000 -0.000000 -0.000000 0.000000 -0.000000 -0.000000 20.803810 -16.922961 -19.562230 -0.000000 -0.000000 0.000000 -32.556661 -27.572031 -63.602386 -6.268864 -30.440544 13.454956 3.772577 -8.242223 17.100223 19.161392 21.864914 -43.508662 -52.533428 -35.139250 -76.195318 349.658028 -6.060075 -338.811709 0.031224 -4.126755 14.852162 20.626250 9.308105 -41.297490 -76.783720 -43.179696 -92.338923 15.207851 42.202412 -19.267779 -14.771008 19.283560 60.120678 -30.662657 -18.331133 -61.561649 -86.314491 -35.232388 -96.731390 16.781622 56.322686 -12.884827 -6.994915 14.149768 52.140057 -27.685183 -20.660450 -59.192023
0.310624 0.031349 0.455208 -19.981574 46.948611 74.589889 -0.000000 -0.000000 0.000000 -0.000000 -0.000000 0.000000 -0.000000 -0.000000 0.000000 20.753192 -19.766152 -23.611878 0.000000 -0.000000 0.000000 -32.971339 -23.712907 -68.091672 -5.943633 -31.334143 12.682122 3.747183 -8.972210 17.309344 19.777820 22.351453 -44.367509 -53.681858 -31.186971 -80.994235 348.546107 -4.359816 -336.367028 0.626716 -4.527510 15.244598 20.101909 7.240677 -43.390684 -76.321276 -37.804539 -94.630591 13.692875 43.237294 -17.970638 -13.561623 18.183907 61.563883 -30.910070 -17.533025 -63.116397 -85.364680 -29.668774 -96.931351 18.836176 55.462807 -15.036582 -10.379794 15.861409 54.684590 -28.247283 -22.412144 -62.327748
0.311321 0.032085 0.455414 -21.168753 45.447378 81.287478 -0.000000 0.000000 -0.000000 -0.000000 0.000000 -0.000000 -0.000000 0.000000 -0.000000 20.446170 -22.640544 -28.019864 0.000000 0.000000 0.000000 -33.307382 -19.878315 -72.938733 -5.516113 -31.598576 12.246567 3.620603 -10.070052 17.216846 20.445306 23.052925 -45.082176 -53.929845 -26.697190 -85.254549 347.955045 -3.966004 -334.980138 0.987621 -4.656323 16.085941 19.986577 5.858146 -45.362567 -75.445569 -32.217039 -97.085748 12.474918 43.253179 -16.616073 -13.306369 17.909701 62.090393 -30.800895 -17.523202 -63.752212 -84.163628 -23.887801 -96.826152 20.970204 54.586834 -17.410397 -12.932188 17.030816 56.742280 -28.775991 -23.670265 -64.789871
0.312197 0.032717 0.455516 -22.180255 43.719660 88.219451 0.000000 -0.000000 0.000000 0.000000 -0.000000 0.000000 0.000000 -0.000000 0.000000 19.664952 -25.743890 -32.975997 0.000000 -0.000000 0.000000 -33.504247 -16.096571 -78.316013 -5.086022 -31.431098 12.228453 3.433047 -11.334135 16.811233 21.134935 23.885897 -45.679590 -53.430223 -21.773658 -89.376727 348.020662 -4.887180 -334.908473 1.058929 -4.436445 17.446194 20.372005 5.303888 -47.030615 -73.922746 -26.340077 -99.213182 12.219099 41.912247 -16.042838 -13.518471 18.118767 61.900079 -30.326223 -17.629385 -63.477581 -82.830485 -17.753850 -97.101214 22.612062 54.051391 -19.298507 -14.407103 17.739454 58.183271 -29.362537 -24.370645 -66.527542
0.313200 0.033258 0.455499 -23.046676 41.816357 95.384847 0.000000 0.000000 0.000000 0.000000 0.000000 0.000000 0.000000 0.000000 0.000000 18.055703 -29.142101 -38.594903 0.000000 -0.000000 -0.000000 -33.423761 -12.380094 -84.134608 -4.731891 -31.130675 12.559470 3.241407 -12.520412 16.194971 21.815389 24.699153 -46.256951 -52.565688 -16.733674 -93.790668 348.566928 -6.556076 -335.939039 0.760221 -4.173406 19.057524 21.290585 5.707415 -48.139292 -71.813811 -20.283416 -100.503512 13.719465 38.873466 -17.293713 -13.841742 18.372348 61.538093 -29.371255 -16.817994 -62.552917 -81.169087 -11.370415 -98.165911 23.293025 54.100064 -20.099587 -14.755966 17.863009 59.242474 -30.148365 -24.430416 -67.889531
0.314266 0.033736 0.455349 -23.715594 39.856752 102.384296 0.000000 -0.000000 -0.000000 0.000000 -0.000000 -0.000000 0.000000 -0.000000 -0.000000 15.441838 -32.531608 -44.750027 0.000000 0.000000 0.000000 -32.976463 -8.853895 -89.982079 -4.459627 -30.894343 13.081461 3.067342 -13.553829 15.491757 22.497526 25.450775 -46.882312 -51.756153 -12.042984 -98.563912 349.275073 -8.298150 -337.579331 0.153712 -4.078478 20.480247 22.568187 7.016626 -48.431648 -68.769928 -14.445815 -100.676462 16.959721 33.271575 -20.237399 -14.441977 18.758477 61.514269 -28.086763 -14.579228 -61.383620 -79.605532 -5.029298 -100.111266 23.163082 55.725456 -19.963562 -13.751219 17.028627 60.397026 -31.447449 -23.626411 -69.489253
0.315329 0.034183 0.455057 -24.178180 37.980378 108.829245 -0.000000 0.000000 -0.000000 -0.000000 0.000000 -0.000000 -0.000000 0.000000 -0.000000 11.897028 -35.523469 -51.225039 -0.000000 0.000000 0.000000 -32.192245 -5.661285 -95.464373 -4.227046 -30.776092 13.612035 2.878760 -14.550549 14.762364 23.223814 26.237367 -47.540030 -51.224300 -7.949234 -103.449020 349.952961 -9.859003 -339.469222 -0.558208 -3.965377 21.450236 23.851762 8.948928 -47.802720 -64.557817 -9.220868 -99.837777 20.977870 24.672500 -23.798206 -15.564923 19.611564 62.024704 -26.804215 -11.222149 -60.340185 -78.940339 1.139893 -103.101907 22.001363 60.246834 -18.613558 -11.359411 14.846486 62.177315 -33.381949 -21.733522 -71.810801
0.316331 0.034622 0.454638 -24.491456 36.344839 114.379581 0.000000 -0.000000 -0.000000 0.000000 -0.000000 -0.000000 0.000000 -0.000000 -0.000000 7.737524 -37.824716 -57.590696 -0.000000 -0.000000 -0.000000 -31.185301 -2.959477 -100.207041 -4.001335 -30.765431 14.001511 2.621134 -15.681337 14.030000 24.035412 27.169722 -48.194130 -50.928859 -4.560052 -107.978489 350.544004 -11.264864 -341.403714 -1.179149 -3.526577 22.130305 24.776491 10.940562 -46.553458 -60.175792 -4.906781 -99.010131 24.281418 15.223941 -26.586127 -17.217060 20.779400 62.946331 -25.631962 -7.912696 -59.730249 -78.881009 6.758778 -106.117157 20.661037 66.466745 -16.973987 -8.277925 11.497018 64.960573 -35.643872 -18.513430 -74.883889
0.317230 0.035073 0.454136 -24.696354 35.086793 118.628158 -0.000000 -0.000000 0.000000 -0.000000 -0.000000 0.000000 -0.000000 -0.000000 0.000000 3.704717 -39.271371 -63.092581 0.000000 -0.000000 0.000000 -30.115614 -0.913286 -103.787829 -3.781767 -30.832107 14.176955 2.274795 -17.012034 13.374993 24.941858 28.240614 -48.865682 -50.727303 -2.052439 -111.624050 351.000817 -12.398264 -343.108746 -1.561913 -2.602497 22.948498 25.061922 12.189465 -45.323395 -57.506369 -1.751854 -99.535727 25.877959 9.448785 -27.881384 -19.007040 21.645410 64.116959 -24.677948 -6.240651 -59.988942 -77.896022 10.772728 -106.829879 25.977045 69.993132 -22.030102 -5.839831 8.118805 68.496450 -37.701965 -13.693197 -78.240143
0.317997 0.035557 0.453608 -24.793001 34.261053 121.225234 0.000000 0.000000 -0.000000 0.000000 0.000000 -0.000000 0.000000 0.000000 -0.000000 0.798182 -39.935431 -66.911084 0.000000 0.000000 -0.000000 -29.159485 0.383184 -105.880288 -3.581155 -30.917890 14.159274 1.903753 -18.388388 12.969720 25.866912 29.244372 -49.611545 -50.540393 -0.638602 -114.029369 351.267905 -13.060077 -344.281545 -1.623215 -1.157586 24.144112 24.583735 12.106288 -44.607784 -57.818519 0.189740 -102.256685 25.347830 10.926311 -27.291932 -20.159414 21.542958 65.186104 -24.119414 -7.093362 -61.216499 -75.167465 12.449275 -103.966162 40.930328 65.880850 -36.544139 -5.586761 6.305738 71.752686 -38.851962 -7.569693 -81.135786
0.318639 0.036076 0.453117 -24.798311 33.820649 122.255213 -0.000000 0.000000 0.000000 -0.000000 0.000000 0.000000 -0.000000 0.000000 0.000000 -0.559342 -40.096626 -68.839256 -0.000000 0.000000 -0.000000 -28.445213 1.019627 -106.572051 -3.406814 -30.950471 14.036273 1.649647 -19.449783 13.008112 26.615318 29.809324 -50.439556 -50.329077 -0.277410 -115.228331 351.348862 -13.263773 -344.837187 -1.422936 0.635440 25.539752 23.487931 10.816486 -44.454929 -60.832098 1.312328 -106.759089 22.515614 18.997425 -24.571971 -20.251947 20.442617 65.699036 -24.037516 -10.061333 -62.894815 -70.975783 12.256339 -98.538752 50.933062 53.775151 -45.716680 -7.718635 6.277125 73.914356 -38.525211 -1.426685 -83.033506
0.319199 0.036607 0.452713 -24.775627 33.673747 122.201967 0.000000 -0.000000 -0.000000 0.000000 -0.000000 -0.000000 0.000000 -0.000000 -0.000000 -0.759052 -40.021825 -69.318860 0.000000 -0.000000 -0.000000 -28.034010 1.189676 -106.317414 -3.268916 -30.877377 13.923314 1.633360 -19.851303 13.560819 26.968051 29.627580 -51.272006 -50.091234 -0.648944 -115.543696 351.310074 -13.143111 -344.938933 -1.127554 2.357990 26.816461 22.137670 8.967678 -44.659374 -65.088321 2.080158 -111.859642 17.248953 29.786130 -19.507014 -19.462700 18.927853 65.597345 -24.390186 -13.947677 -64.504415 -65.674428 11.141800 -91.955813 54.340345 37.710100 -48.000035 -11.215522 7.217994 75.041626 -36.905544 3.436334 -83.843007
0.319713 0.037116 0.452423 -24.780526 33.726573 121.539036 0.000000 -0.000000 -0.000000 0.000000 -0.000000 -0.000000 0.000000 -0.000000 -0.000000 -0.263336 -39.867739 -68.838883 0.000000 0.000000 0.000000 -27.929635 1.029833 -105.577075 -3.192288 -30.689195 13.924522 1.841412 -19.543116 14.462185 26.865624 28.733643 -51.995486 -49.919554 -1.402204 -115.305001 351.232576 -12.753008 -344.846498 -0.891889 3.640865 27.844939 20.878808 7.170918 -45.010763 -69.040929 2.549774 -116.131398 10.464298 38.995043 -12.936958 -18.451624 17.801911 65.301811 -25.110902 -17.461862 -65.886265 -60.721736 9.973724 -86.174302 55.101658 23.373947 -47.523437 -14.352508 8.157813 75.564866 -34.892872 6.766080 -83.863173
0.320180 0.037566 0.452250 -24.806550 33.890298 120.495271 0.000000 -0.000000 -0.000000 0.000000 -0.000000 -0.000000 0.000000 -0.000000 -0.000000 0.870737 -39.679955 -67.619070 -0.000000 0.000000 0.000000 -28.059725 0.597308 -104.590401 -3.197645 -30.439930 14.069423 2.138872 -18.826606 15.383928 26.480281 27.533599 -52.530321 -49.909103 -2.325934 -114.694053 351.189281 -12.180210 -344.801136 -0.807029 4.362484 28.653777 19.947698 5.819821 -45.348055 -71.800484 2.452688 -118.671182 4.728372 44.469515 -7.325795 -17.782437 17.335844 65.126137 -25.845716 -19.690767 -66.842274 -57.900065 8.956357 -82.483291 55.435189 14.962772 -46.848802 -16.039276 8.167965 75.787178 -33.145620 8.808258 -83.595729
0.320572 0.037928 0.452178 -24.825805 34.088665 119.235540 -0.000000 -0.000000 -0.000000 -0.000000 -0.000000 -0.000000 -0.000000 -0.000000 -0.000000 2.570730 -39.449215 -65.878141 0.000000 0.000000 0.000000 -28.286284 -0.017760 -103.490737 -3.268468 -30.233031 14.275125 2.372086 -18.177262 16.028770 26.110529 26.575712 -52.854643 -50.044264 -3.280876 -113.850532 351.223535 -11.636532 -344.926943 -0.888529 4.527919 29.230172 19.511396 5.163882 -45.558595 -72.710395 1.523987 -118.926439 3.350223 45.632310 -5.930783 -17.939698 17.483436 65.231337 -26.135436 -20.324523 -67.230903 -58.089173 7.980631 -81.276854 56.199778 14.742052 -47.288524 -15.788310 6.130706 75.882843 -31.794176 9.604989 -83.631536
0.320867 0.038173 0.452195 -24.848557 34.270060 118.028050 -0.000000 0.000000 -0.000000 -0.000000 0.000000 -0.000000 -0.000000 0.000000 -0.000000 4.376599 -39.208656 -64.041909 -0.000000 0.000000 0.000000 -28.479475 -0.654510 -102.452678 -3.353570 -30.151932 14.405074 2.437720 -17.997320 16.243298 26.002897 26.270995 -52.979546 -50.291511 -4.127346 -113.011137 351.292999 -11.208019 -345.129761 -1.087987 4.106372 29.413426 19.618345 5.293724 -45.557175 -71.988567 0.052853 -117.237136 6.106513 43.529440 -8.639771 -18.936602 17.902259 65.722416 -25.879573 -19.806391 -67.359189 -60.392845 7.056965 -82.233390 57.397769 21.263442 -48.804797 -14.179669 2.166980 76.005183 -30.691168 9.189365 -84.430272
0.321061 0.038287 0.452305 -24.889632 34.392230 117.152239 -0.000000 -0.000000 0.000000 -0.000000 -0.000000 0.000000 -0.000000 -0.000000 0.000000 5.769789 -39.035381 -62.594235 -0.000000 0.000000 0.000000 -28.553358 -1.148906 -101.669549 -3.406098 -30.217751 14.360260 2.313680 -18.385498 16.020927 26.202414 26.699611 -52.896232 -50.682499 -4.747247 -112.467415 351.273803 -10.693646 -345.150084 -1.339693 3.049005 28.950150 20.144159 6.120589 -45.248148 -70.866911 -1.205267 -115.114455 9.570853 40.589488 -12.089501 -20.395649 18.167992 66.605930 -25.398900 -19.001743 -67.779348 -63.093259 6.342058 -84.679769 58.213829 30.033928 -50.177418 -12.852761 -1.929282 76.164931 -29.566410 7.669800 -85.913405
0.321161 0.038277 0.452519 -24.923234 34.430901 116.671047 0.000000 -0.000000 0.000000 0.000000 -0.000000 0.000000 0.000000 -0.000000 0.000000 6.656595 -38.942766 -61.731634 0.000000 0.000000 0.000000 -28.472336 -1.440216 -101.190702 -3.410866 -30.438256 14.093111 2.066458 -19.085229 15.466995 26.547114 27.638803 -52.544823 -51.245348 -5.124956 -112.338036 351.079220 -9.902291 -344.824978 -1.622901 1.415955 27.714486 20.907978 7.494902 -44.563520 -70.247251 -1.890177 -113.702095 11.978053 38.829314 -14.521084 -21.974149 18.189500 67.780775 -25.224306 -18.538508 -68.841249 -64.490358 5.790360 -87.578256 56.997652 36.835864 -49.556186 -13.065753 -4.635784 76.208266 -28.159940 5.016083 -87.557897
0.321172 0.038175 0.452820 -24.921339 34.386275 116.542435 -0.000000 0.000000 -0.000000 -0.000000 0.000000 -0.000000 -0.000000 0.000000 -0.000000 7.230564 -38.901403 -61.399091 0.000000 0.000000 0.000000 -28.254036 -1.556513 -101.010921 -3.380357 -30.869285 13.555656 1.798267 -19.756124 14.744212 26.860260 28.854943 -51.860479 -51.942866 -5.263189 -112.579543 350.744706 -8.986075 -344.255040 -1.982141 -0.611891 25.883474 21.871324 9.364019 -43.579850 -70.169400 -2.051982 -112.949162 13.694321 38.536306 -16.357397 -23.278931 18.121260 69.077769 -25.770343 -18.216888 -70.462303 -64.150497 5.271097 -90.383184 52.776360 40.261865 -45.986772 -14.784842 -5.545292 76.092514 -26.447243 1.448030 -88.930341
0.321082 0.038020 0.453162 -24.918806 34.286254 116.840416 -0.000000 0.000000 -0.000000 -0.000000 0.000000 -0.000000 -0.000000 0.000000 -0.000000 7.527765 -38.962065 -61.521475 -0.000000 0.000000 0.000000 -27.984362 -1.552950 -101.239570 -3.344348 -31.561678 12.705791 1.557731 -20.303651 13.991508 27.123888 30.332254 -50.851808 -52.709995 -5.093176 -113.161164 350.369405 -8.308095 -343.635031 -2.487821 -2.899185 23.813142 23.172325 11.764137 -42.573479 -70.239526 -1.789378 -112.050393 15.923263 38.676187 -18.933537 -23.971807 18.269793 70.341330 -27.203434 -17.330561 -72.249816 -62.974968 4.894677 -93.407887 46.593794 41.400019 -40.449006 -16.816906 -5.042490 75.982311 -24.808328 -2.070746 -89.913544
0.320857 0.037869 0.453493 -25.004770 34.191716 117.693833 -0.000000 -0.000000 0.000000 -0.000000 -0.000000 0.000000 -0.000000 -0.000000 0.000000 7.278893 -39.252970 -62.039598 0.000000 0.000000 -0.000000 -27.816077 -1.501150 -102.029762 -3.341018 -32.434693 11.601553 1.323591 -20.846738 13.266291 27.388047 32.122879 -49.588110 -53.477276 -4.541897 -114.062758 350.034330 -8.155281 -343.061516 -3.157429 -5.323050 21.813945 24.915644 14.607310 -41.894512 -70.112713 -1.169256 -110.232442 19.689150 37.836563 -23.349950 -24.008256 19.108998 71.496170 -29.554549 -15.322055 -73.773269 -61.838143 4.850716 -96.871636 40.275882 41.443780 -34.538787 -17.942385 -3.474846 76.049472 -23.950333 -4.287541 -90.560181
0.320465 0.037789 0.453779 -25.253681 34.171391 119.111000 -0.000000 -0.000000 -0.000000 -0.000000 -0.000000 -0.000000 -0.000000 -0.000000 -0.000000 6.131927 -39.857228 -62.842829 -0.000000 0.000000 -0.000000 -27.916891 -1.463689 -103.412364 -3.392520 -33.275680 10.432632 1.065136 -21.448837 12.530268 27.594870 34.115542 -48.102201 -54.165440 -3.614874 -115.177137 349.822788 -8.709772 -342.629705 -3.881884 -7.491734 20.128701 26.951753 17.541552 -41.709219 -69.685182 -0.261464 -107.268614 24.947369 34.934682 -29.498689 -23.568786 21.065850 72.535159 -32.796809 -11.996724 -74.777666 -61.214567 5.267638 -100.431573 35.264211 41.213966 -29.603545 -17.739296 -1.079776 76.264975 -24.410255 -4.737342 -90.929694
0.319909 0.037834 0.454008 -25.672293 34.248861 120.981188 0.000000 -0.000000 0.000000 0.000000 -0.000000 0.000000 0.000000 -0.000000 0.000000 3.952416 -40.729357 -63.832918 -0.000000 0.000000 0.000000 -28.377931 -1.429708 -105.290100 -3.487186 -33.909866 9.401593 0.775435 -22.034076 11.687907 27.615071 36.109280 -46.371362 -54.726752 -2.372487 -116.370498 349.832757 -10.090152 -342.554594 -4.445764 -8.771717 19.035316 28.912579 20.114910 -41.882030 -68.965686 0.877462 -103.288964 30.687472 29.687911 -36.344083 -22.774864 24.162355 73.482828 -36.856627 -7.446510 -75.295785 -61.468404 6.269842 -103.751049 31.925815 41.806409 -26.186535 -16.438357 1.731912 76.473453 -26.218709 -3.979457 -91.037000
0.319247 0.038021 0.454201 -26.200319 34.390234 123.140606 0.000000 -0.000000 -0.000000 0.000000 -0.000000 -0.000000 0.000000 -0.000000 -0.000000 0.938233 -41.711092 -64.986688 0.000000 0.000000 -0.000000 -29.160384 -1.327129 -107.497170 -3.601326 -34.302204 8.626318 0.464732 -22.514205 10.698103 27.408219 37.962722 -44.454876 -55.200777 -0.902976 -117.581788 350.043477 -12.093651 -342.896655 -4.651348 -8.792377 18.798026 30.435394 21.909459 -42.254904 -68.023804 2.222115 -98.620340 35.913876 22.589562 -42.888742 -21.835021 28.127458 74.376009 -41.591040 -2.030069 -75.542237 -62.623251 7.872976 -106.803198 29.575015 44.008179 -23.822783 -14.638825 4.623518 76.561400 -29.190007 -3.124992 -90.957811
0.318561 0.038337 0.454398 -26.749289 34.547430 125.345858 -0.000000 0.000000 0.000000 -0.000000 0.000000 0.000000 -0.000000 0.000000 0.000000 -2.440316 -42.610362 -66.233945 -0.000000 -0.000000 -0.000000 -30.126947 -1.130086 -109.783103 -3.732146 -34.487979 8.181725 0.163337 -22.857271 9.664577 27.067710 39.538163 -42.612611 -55.669370 0.651194 -118.743107 350.207679 -13.829348 -343.118456 -4.432765 -7.893455 19.334884 31.285637 22.426019 -42.981428 -67.119841 3.692407 -93.976944 40.084560 14.826609 -48.434121 -21.186721 32.553886 75.163597 -46.647695 3.478019 -75.617491 -64.143800 9.793216 -109.485774 27.305197 47.239815 -21.718078 -13.084399 7.659692 76.491401 -33.006225 -3.178069 -90.809405
0.317923 0.038765 0.454625 -27.236849 34.692151 127.264406 0.000000 -0.000000 0.000000 0.000000 -0.000000 0.000000 0.000000 -0.000000 0.000000 -5.488957 -43.307008 -67.288078 -0.000000 0.000000 -0.000000 -31.101418 -0.925882 -111.814642 -3.899759 -34.518633 8.116176 -0.078083 -23.053392 8.788449 26.746801 40.662417 -41.206137 -56.110646 2.094204 -119.655245 350.039009 -14.108753 -342.356268 -3.868093 -6.970434 20.072055 31.371688 21.292762 -44.343860 -66.533706 5.051347 -90.113876 43.131996 7.864751 -52.667525 -21.164064 36.782497 75.722644 -51.440176 8.021161 -75.460812 -65.445449 11.548088 -111.593281 24.598819 50.165750 -19.360982 -12.219703 10.901362 76.275798 -36.963425 -4.470032 -90.675558
0.317396 0.039275 0.454884 -27.594644 34.811709 128.608364 0.000000 -0.000000 0.000000 0.000000 -0.000000 0.000000 0.000000 -0.000000 0.000000 -7.449076 -43.805551 -67.744171 0.000000 0.000000 -0.000000 -31.912837 -0.850524 -113.308127 -4.123615 -34.479189 8.381484 -0.213422 -23.117737 8.253824 26.583795 41.250142 -40.491736 -56.331254 3.246761 -120.075997 349.484341 -12.587693 -340.414266 -3.155331 -6.786450 20.524874 30.824906 18.789914 -46.350856 -66.372549 6.039719 -87.325973 45.299255 2.862212 -55.713505 -21.517969 39.857617 76.007417 -55.242915 10.989979 -75.069645 -66.305407 12.765682 -113.108338 21.439341 52.043334 -16.651341 -11.927897 13.900538 76.005753 -40.171715 -6.464428 -90.649334
0.317047 0.039806 0.455188 -27.775194 34.902345 129.277840 -0.000000 0.000000 0.000000 -0.000000 0.000000 0.000000 -0.000000 0.000000 0.000000 -7.901252 -44.157945 -67.396267 0.000000 0.000000 0.000000 -32.471298 -0.977398 -114.177637 -4.401563 -34.416440 8.863404 -0.241044 -23.141425 8.132572 26.653953 41.382260 -40.508820 -56.086883 4.015724 -119.909740 348.660894 -9.855855 -337.764393 -2.589982 -7.717666 20.492253 29.992640 15.753988 -48.727241 -66.559503 6.558580 -85.483289 46.877915 0.076527 -57.873339 -21.778649 40.989548 76.081675 -57.352659 12.588050 -74.534427 -66.858843 13.401815 -114.157873 18.274974 53.077188 -13.901874 -11.919211 15.998943 75.825416 -42.119002 -8.299799 -90.834716
0.316941 0.040271 0.455566 -27.770630 34.973395 129.338823 0.000000 0.000000 0.000000 0.000000 0.000000 0.000000 0.000000 0.000000 0.000000 -7.050029 -44.372044 -66.368283 0.000000 0.000000 -0.000000 -32.844730 -1.281513 -114.526458 -4.701528 -34.239313 9.495186 -0.212875 -23.234995 8.321477 26.904614 41.221792 -41.043190 -55.249146 4.397083 -119.224809 347.720179 -6.736328 -334.945883 -2.383125 -9.651517 19.939386 29.145644 12.878542 -51.111350 -66.739881 6.649967 -84.309370 47.981236 -1.327964 -59.214089 -21.986175 40.378678 76.023087 -57.679126 13.222271 -73.937421 -67.348563 13.629773 -114.765688 15.718103 53.878583 -11.633070 -12.026090 16.728293 75.793438 -42.743336 -9.503993 -91.222412
0.317112 0.040576 0.456034 -27.603946 35.028027 128.950314 0.000000 0.000000 0.000000 0.000000 0.000000 0.000000 0.000000 0.000000 0.000000 -5.519283 -44.428567 -65.007828 -0.000000 -0.000000 0.000000 -33.159133 -1.645563 -114.533491 -4.960007 -33.838671 10.212360 -0.156335 -23.316443 8.652417 27.123338 40.837045 -41.696793 -53.861759 4.481343 -118.172221 346.955805 -4.175317 -332.661160 -2.439839 -11.722589 19.223201 28.315323 10.465422 -53.113709 -66.476652 6.436209 -83.612781 48.518684 -2.460852 -59.560027 -22.507318 39.352938 75.874792 -57.064581 13.095543 -73.376629 -67.770702 13.588521 -114.829510 14.144263 54.673546 -10.253116 -12.185640 16.062383 75.817571 -42.205726 -10.216859 -91.608749
0.317557 0.040637 0.456573 -27.295689 35.042171 128.311415 0.000000 0.000000 0.000000 0.000000 0.000000 0.000000 0.000000 0.000000 0.000000 -3.842734 -44.328730 -63.689239 0.000000 -0.000000 0.000000 -33.367743 -1.885678 -114.308004 -5.094467 -33.316549 10.817470 0.010001 -23.023938 9.128226 27.047424 40.080937 -42.153974 -52.136218 4.432570 -116.954261 346.735970 -2.984722 -331.612657 -2.482772 -12.977639 18.768951 27.580384 8.788549 -54.363460 -65.890579 6.087172 -83.477052 48.415315 -3.152198 -58.986471 -23.199489 39.109893 75.675820 -56.549336 12.333589 -73.028330 -67.867593 13.326994 -114.371433 13.532654 55.158070 -9.820173 -12.346866 14.334475 75.788046 -40.692686 -10.730470 -91.743146
0.318239 0.040408 0.457141 -26.867353 35.000069 127.533795 0.000000 0.000000 -0.000000 0.000000 0.000000 -0.000000 0.000000 0.000000 -0.000000 -2.152849 -44.088678 -62.563823 0.000000 0.000000 0.000000 -33.236444 -1.870072 -113.768172 -5.044647 -32.943991 11.067028 0.378046 -22.048692 9.858801 26.570332 38.757384 -42.391816 -50.423668 4.340722 -115.751753 347.127052 -3.274993 -331.908790 -2.461116 -13.317946 18.477906 27.233349 8.233535 -54.629288 -65.646989 5.686250 -84.261136 47.622344 -1.818561 -57.795615 -23.277985 39.442456 75.412072 -56.237595 10.906367 -72.984264 -67.504676 12.847822 -113.686348 13.526868 55.030011 -9.951502 -12.363293 11.930936 75.727243 -38.364793 -10.871894 -91.558075
0.319080 0.039906 0.457681 -26.378410 34.950999 126.545551 0.000000 0.000000 0.000000 0.000000 0.000000 0.000000 0.000000 0.000000 0.000000 -0.360539 -43.717276 -61.464673 0.000000 0.000000 0.000000 -32.623988 -1.647705 -112.699294 -4.825743 -32.875032 10.914435 0.867395 -20.591831 10.742920 25.858891 36.985634 -42.596284 -49.100013 4.112198 -114.598001 347.829076 -4.428901 -333.027430 -2.576643 -13.342510 17.832084 27.454010 8.982388 -53.872375 -66.352612 5.147822 -86.401563 45.914681 3.071259 -55.913546 -22.175804 39.439921 75.032036 -55.493354 8.555819 -73.279537 -66.885212 12.094356 -113.021086 13.863578 54.321037 -10.283286 -12.025426 9.157361 75.768431 -35.449993 -10.113155 -91.226851
0.319967 0.039219 0.458115 -25.918639 34.999036 125.171428 -0.000000 -0.000000 0.000000 -0.000000 -0.000000 0.000000 -0.000000 -0.000000 0.000000 1.516189 -43.211671 -60.100706 0.000000 0.000000 0.000000 -31.654506 -1.391235 -110.931093 -4.513571 -33.044565 10.522374 1.298697 -19.260625 11.558178 25.245547 35.189047 -43.006505 -48.419058 3.556611 -113.381131 348.515523 -5.673696 -334.362733 -2.968436 -13.554219 16.420427 28.056244 10.840427 -52.170543 -67.989806 4.327486 -89.895785 42.918388 11.311545 -52.740779 -20.185731 38.655715 74.556238 -53.869021 5.130455 -73.964317 -66.397403 10.969582 -112.409835 14.421015 53.300158 -10.631290 -11.326287 6.663245 76.015333 -32.632617 -8.306847 -91.101083
0.320790 0.038458 0.458370 -25.544550 35.240683 123.198560 -0.000000 -0.000000 -0.000000 -0.000000 -0.000000 -0.000000 -0.000000 -0.000000 -0.000000 3.441989 -42.531913 -58.218669 -0.000000 -0.000000 -0.000000 -30.591665 -1.246889 -108.352252 -4.162756 -33.287496 10.082587 1.596598 -18.485385 12.317872 24.982071 33.634288 -43.866410 -48.502037 2.469826 -111.946680 349.008617 -6.473927 -335.532925 -3.603505 -14.038054 14.148665 28.634278 13.393847 -49.621287 -69.981879 3.037201 -94.034587 38.270926 20.902492 -47.697107 -17.760448 36.773299 73.947118 -51.086405 0.975261 -74.669383 -66.344007 9.340430 -111.738434 15.063811 52.200687 -10.886128 -10.627439 5.215280 76.377639 -30.618249 -6.095872 -91.288660
0.321452 0.037723 0.458392 -25.243071 35.729436 120.347459 0.000000 -0.000000 -0.000000 0.000000 -0.000000 -0.000000 0.000000 -0.000000 -0.000000 5.659065 -41.540175 -55.615712 0.000000 -0.000000 -0.000000 -29.750389 -1.320550 -104.861777 -3.780119 -33.345298 9.824793 1.794648 -18.269360 13.196018 25.084202 32.211009 -45.322360 -49.434529 0.596637 -110.176368 349.280078 -6.705689 -336.485220 -4.231612 -14.345015 11.512120 28.750400 16.065421 -46.398094 -71.867897 0.966652 -97.912664 32.010580 29.719129 -40.844546 -14.890294 33.517711 73.089559 -47.106159 -2.934876 -74.739475 -66.765117 6.985039 -110.652815 15.899162 50.959284 -11.266214 -10.133302 4.636173 76.656939 -29.092483 -4.104803 -91.340565
0.321854 0.037085 0.458123 -24.955216 36.487282 116.316424 -0.000000 0.000000 0.000000 -0.000000 0.000000 0.000000 -0.000000 0.000000 0.000000 8.526106 -39.981513 -52.205159 0.000000 -0.000000 0.000000 -29.531123 -1.811828 -100.459916 -3.382720 -32.836948 10.114537 1.923788 -18.431504 14.224647 25.391997 30.693190 -47.306936 -51.244780 -2.383155 -108.048900 349.356924 -6.502569 -337.344572 -4.435584 -13.743660 9.668648 28.091073 18.016136 -42.994142 -73.485949 -2.234315 -100.872676 24.939714 36.228569 -33.059825 -11.955395 29.633744 71.995269 -42.650806 -5.768084 -73.968325 -67.329700 3.575511 -108.594150 17.291210 49.165057 -12.279341 -9.727716 4.120461 76.728243 -27.255670 -2.485137 -90.716461
0.321897 0.036586 0.457496 -24.612179 37.512137 110.973963 -0.000000 -0.000000 -0.000000 -0.000000 -0.000000 -0.000000 -0.000000 -0.000000 -0.000000 11.968354 -37.610158 -48.184218 -0.000000 -0.000000 0.000000 -30.231420 -3.064526 -95.365128 -3.057809 -31.492219 11.262987 1.991317 -18.791293 15.307759 25.728364 28.989735 -49.606532 -53.734246 -6.702097 -105.693923 349.268359 -6.078481 -338.222285 -3.938956 -11.716369 9.898703 26.700179 18.388896 -40.300478 -74.481150 -6.784116 -102.206001 18.944609 39.137034 -26.280184 -9.919329 26.859211 70.764658 -38.993478 -7.509204 -72.608950 -67.605573 -1.049268 -105.167924 19.458047 46.561949 -14.209035 -9.795653 3.334987 76.487502 -25.023315 -1.685437 -89.178217
0.321515 0.036253 0.456460 -24.164753 38.775214 104.466511 0.000000 0.000000 0.000000 0.000000 0.000000 0.000000 0.000000 0.000000 0.000000 15.379850 -34.400475 -43.964315 0.000000 0.000000 -0.000000 -31.704975 -5.377345 -89.900613 -2.939160 -29.428015 13.231514 2.010664 -19.180325 16.338002 25.966739 27.141005 -51.972306 -56.494246 -12.340544 -103.338134 349.046556 -5.659629 -339.141845 -2.932905 -8.239124 12.658053 24.939568 16.924173 -39.076860 -74.533574 -12.570736 -101.425147 15.849887 38.310408 -22.372482 -9.360586 26.224939 69.320089 -36.733257 -8.715377 -70.780738 -67.465198 -6.638637 -100.249595 22.582060 43.270479 -17.184735 -11.218124 2.615769 75.800674 -22.950746 -2.366921 -86.756803
0.320684 0.036098 0.455015 -23.608692 40.229176 97.134557 -0.000000 0.000000 0.000000 -0.000000 0.000000 0.000000 -0.000000 0.000000 0.000000 18.113808 -30.623338 -39.847637 -0.000000 0.000000 0.000000 -33.369174 -8.731978 -84.254729 -3.097488 -27.030281 15.678479 1.954413 -19.566170 17.106939 26.027411 25.268704 -54.137555 -59.203785 -19.057764 -101.231268 348.685759 -5.316673 -339.976652 -1.969840 -3.851997 17.108842 23.151472 14.256632 -39.244312 -74.116947 -19.129199 -99.151477 14.801358 35.854108 -20.608133 -9.680496 26.913537 67.480599 -35.347344 -9.978935 -68.548138 -67.073865 -12.746648 -94.129174 26.600545 39.270993 -20.992465 -14.034509 2.762190 74.670087 -21.607550 -4.091095 -83.791233
0.319411 0.036127 0.453191 -23.000372 41.820718 89.407670 -0.000000 -0.000000 -0.000000 -0.000000 -0.000000 -0.000000 -0.000000 -0.000000 -0.000000 19.829266 -26.761463 -35.859566 0.000000 -0.000000 -0.000000 -34.622312 -12.786126 -78.468289 -3.490009 -24.624368 18.201080 1.756891 -20.050547 17.403831 25.868691 23.487730 -55.880685 -61.709221 -26.475769 -99.559644 348.158902 -4.934750 -340.505335 -1.468929 0.440504 21.654128 21.567728 11.509456 -39.975014 -74.218138 -26.014116 -96.785687 13.758796 34.545394 -19.182705 -9.989818 27.313725 65.218032 -33.950565 -11.720272 -66.152905 -66.546338 -19.024958 -87.418177 30.775918 34.106171 -24.821962 -17.433462 4.527841 73.250772 -21.185491 -5.858454 -80.545726
0.317737 0.036334 0.451053 -22.433820 43.487178 81.744085 -0.000000 -0.000000 0.000000 -0.000000 -0.000000 0.000000 -0.000000 -0.000000 0.000000 20.514013 -23.353790 -31.871509 0.000000 0.000000 -0.000000 -35.179924 -17.136823 -72.647424 -4.006719 -22.429380 20.404392 1.467236 -20.505490 17.358731 25.429881 21.780689 -57.069849 -63.630770 -33.994097 -98.056387 347.609233 -4.554549 -340.731632 -1.407509 3.626978 24.880032 20.397627 9.613523 -40.412208 -75.463283 -32.953830 -95.531940 11.662980 35.756176 -17.144891 -9.848793 26.425409 62.584822 -32.005695 -14.005963 -63.720426 -65.828732 -25.196575 -80.628483 34.045961 27.659654 -27.809897 -20.668726 8.015612 71.589793 -21.488084 -7.388911 -76.939312
0.315744 0.036684 0.448693 -21.939269 45.146343 74.454476 -0.000000 -0.000000 0.000000 -0.000000 -0.000000 0.000000 -0.000000 -0.000000 0.000000 20.449600 -20.685071 -27.825787 -0.000000 0.000000 -0.000000 -35.055431 -21.512525 -66.973951 -4.487925 -20.666674 21.888950 1.290530 -20.475091 17.310735 24.615053 20.120724 -57.497027 -64.080309 -40.834176 -95.599847 347.447743 -4.593341 -341.123334 -1.530070 5.195162 26.087527 19.792218 9.035511 -40.069875 -77.850213 -39.723207 -95.865579 8.414142 39.083330 -14.243726 -9.354075 24.128912 59.666056 -29.351006 -16.554250 -61.185745 -64.834868 -31.041346 -74.064032 35.703409 20.763619 -29.626563 -22.925249 12.278106 69.509857 -21.884106 -8.659196 -72.770543
0.313531 0.037117 0.446216 -21.397730 46.692533 67.562095 0.000000 -0.000000 -0.000000 0.000000 -0.000000 -0.000000 0.000000 -0.000000 -0.000000 20.062324 -18.529411 -23.907232 -0.000000 0.000000 -0.000000 -34.393359 -25.760723 -61.553923 -4.744825 -19.451228 22.367160 1.381952 -19.579744 17.266548 23.357318 18.676106 -56.718215 -62.134899 -46.346380 -90.773809 348.060912 -5.553646 -342.307559 -1.720942 5.215113 25.309147 19.794671 9.946180 -38.758606 -81.123268 -46.135818 -97.649154 4.226218 43.482605 -10.508140 -8.707806 20.934814 56.711247 -26.252652 -18.945430 -58.617082 -63.398681 -36.462167 -67.929968 35.419125 14.654582 -30.248387 -23.255996 15.651316 66.638977 -21.329175 -9.269530 -67.838517
0.311183 0.037565 0.443712 -20.645100 48.027367 60.967407 0.000000 -0.000000 0.000000 0.000000 -0.000000 0.000000 0.000000 -0.000000 0.000000 19.646873 -16.398301 -20.434779 0.000000 0.000000 0.000000 -33.366375 -29.799228 -56.442442 -4.655953 -18.672187 21.796608 1.730839 -17.695762 16.922243 21.609452 17.578178 -54.304717 -57.715132 -50.188942 -83.138551 349.423977 -7.581793 -344.473966 -2.074778 3.992735 22.924092 20.332376 12.379383 -36.460554 -84.943035 -52.061177 -100.462550 -0.607054 47.928815 -6.097711 -7.991855 17.691120 54.106375 -23.351932 -20.883983 -56.322306 -61.186163 -41.366971 -62.126171 33.197082 10.042757 -29.771471 -21.535280 17.021934 62.719649 -19.128680 -9.031041 -62.269904
0.308770 0.037975 0.441276 -19.640760 49.097320 54.710050 0.000000 -0.000000 -0.000000 0.000000 -0.000000 -0.000000 0.000000 -0.000000 -0.000000 19.269032 -14.023161 -17.600267 -0.000000 -0.000000 -0.000000 -32.100500 -33.572514 -51.731754 -4.245556 -18.122501 20.358290 2.212539 -14.941693 16.173564 19.419161 16.696018 -50.350118 -51.774410 -52.298607 -73.624444 351.143894 -10.340671 -347.214661 -2.699696 1.832667 19.339479 21.171153 16.062924 -33.405604 -88.673994 -57.398722 -103.498186 -5.264376 51.416554 -1.739770 -7.494485 15.272252 52.032933 -21.167996 -22.482759 -54.507282 -57.995259 -45.584823 -56.438748 29.451440 6.964864 -28.429395 -18.784465 16.954927 58.180545 -15.846727 -8.571666 -56.786346
0.306367 0.038316 0.439027 -18.435045 49.889847 48.922349 -0.000000 -0.000000 -0.000000 -0.000000 -0.000000 -0.000000 -0.000000 -0.000000 -0.000000 18.888281 -11.410009 -15.416187 0.000000 0.000000 -0.000000 -30.626446 -36.982226 -47.455680 -3.595654 -17.820765 18.156522 2.642622 -11.729193 15.305660 17.106638 16.039014 -45.458756 -45.802655 -53.036942 -63.955366 352.724550 -13.051118 -349.734929 -3.512630 -0.734130 15.267011 21.942992 20.027960 -30.303557 -91.354324 -62.131146 -105.558673 -8.403839 53.303419 1.269259 -7.617326 14.242493 50.384044 -19.805910 -24.078991 -53.086136 -54.141646 -49.045266 -51.026712 24.833280 5.626366 -26.508686 -15.897983 16.416866 53.686988 -12.440154 -8.767367 -51.982810
0.304053 0.038565 0.437087 -17.052086 50.414009 43.643051 -0.000000 -0.000000 0.000000 -0.000000 -0.000000 0.000000 -0.000000 -0.000000 0.000000 18.437107 -8.626281 -13.851907 0.000000 -0.000000 0.000000 -28.915856 -39.879326 -43.495568 -2.746408 -18.038113 15.050536 2.823083 -8.557457 14.666857 15.024972 15.955082 -40.105613 -40.926946 -53.222553 -55.595119 353.772443 -14.619592 -351.114427 -4.170514 -3.070567 11.727650 22.420549 22.813491 -28.238260 -92.374798 -66.299036 -105.928524 -9.720013 53.787327 2.615236 -8.288092 14.444954 48.963325 -19.044802 -25.775719 -51.854027 -50.307003 -51.931185 -46.392061 19.856375 6.560303 -24.105252 -12.762689 15.475637 49.094713 -9.377797 -9.753534 -47.618795
0.301878 0.038700 0.435530 -15.548077 50.713741 38.878495 0.000000 -0.000000 0.000000 0.000000 -0.000000 0.000000 0.000000 -0.000000 0.000000 17.844692 -5.844688 -12.844915 -0.000000 0.000000 -0.000000 -26.980562 -42.158990 -39.723544 -1.768380 -18.925591 10.999429 2.620689 -5.789417 14.358990 13.240158 16.665437 -34.446158 -37.369905 -53.600608 -49.036660 354.148909 -14.240865 -350.810463 -4.357600 -4.958808 9.311523 22.621747 23.524288 -27.875457 -92.069531 -69.891810 -105.041385 -10.375669 53.653043 3.401078 -8.976080 15.138015 47.623094 -18.555349 -27.384742 -50.658586 -47.048028 -54.522574 -42.912649 14.883924 9.676076 -21.183060 -8.715269 13.598468 43.554824 -6.810539 -10.572636 -42.764103
0.299822 0.038694 0.434347 -14.101477 50.878172 34.728727 -0.000000 0.000000 0.000000 -0.000000 0.000000 0.000000 -0.000000 0.000000 0.000000 17.108518 -3.406873 -12.223422 -0.000000 0.000000 -0.000000 -24.910016 -43.870295 -36.173487 -0.835914 -20.269810 6.441463 2.045831 -3.795151 14.191269 11.669332 18.101425 -28.674503 -34.766534 -54.265303 -43.955948 354.019566 -12.165546 -349.203651 -4.067309 -6.469569 8.011979 22.549479 22.324766 -28.958836 -91.194594 -72.895220 -103.757023 -11.187502 53.478019 4.377835 -9.310716 15.818836 46.288738 -18.206733 -28.739423 -49.444765 -44.685429 -57.025316 -40.688508 10.341419 14.222420 -17.908737 -3.964156 9.946485 36.703707 -4.431799 -10.058974 -36.746759
0.297782 0.038526 0.433441 -12.914570 50.998372 31.303116 0.000000 -0.000000 -0.000000 0.000000 -0.000000 -0.000000 0.000000 -0.000000 -0.000000 16.310492 -1.598801 -11.792718 0.000000 0.000000 0.000000 -22.793335 -45.219288 -32.988495 -0.123782 -21.723859 2.035624 1.263093 -2.933001 13.843208 10.267443 20.226782 -23.025512 -32.735945 -54.836349 -39.815925 353.748188 -9.482831 -347.311025 -3.461926 -7.508928 7.703623 22.127039 19.907404 -30.761712 -90.205986 -75.357211 -102.534621 -12.028960 53.353126 5.390863 -9.249388 16.460440 44.977424 -18.094368 -29.777883 -48.251896 -43.569755 -59.641795 -39.875823 6.622035 19.908117 -14.576616 0.116354 3.876341 29.390809 -1.734288 -7.919389 -30.113004
0.295612 0.038188 0.432674 -12.073434 51.124390 28.607687 0.000000 0.000000 -0.000000 0.000000 0.000000 -0.000000 0.000000 0.000000 -0.000000 15.537011 -0.499974 -11.441684 0.000000 0.000000 -0.000000 -20.676801 -46.471756 -30.302402 0.267362 -22.898504 -1.602879 0.486871 -3.270849 13.001589 8.946781 22.901320 -17.632275 -31.106551 -55.024638 -36.305199 353.659101 -7.146065 -345.932557 -2.675186 -7.882284 8.159935 21.298653 16.951077 -32.591126 -89.295426 -77.349282 -101.565804 -12.654544 53.194278 6.209662 -8.894914 17.060209 43.789520 -18.229875 -30.428406 -47.170812 -44.355043 -62.643821 -41.118202 3.817580 26.867052 -11.264709 2.641658 -4.472992 22.535565 1.228512 -4.211914 -23.865808
0.293186 0.037700 0.431928 -11.523961 51.270870 26.549848 -0.000000 -0.000000 0.000000 -0.000000 -0.000000 0.000000 -0.000000 -0.000000 0.000000 14.816965 -0.080336 -11.095167 -0.000000 0.000000 -0.000000 -18.615982 -47.882780 -28.223543 0.299197 -23.243693 -3.815627 -0.117262 -4.234371 11.758532 7.676319 25.262753 -13.028778 -29.828506 -54.809347 -33.347831 353.871866 -5.549172 -345.327370 -1.791331 -7.528219 8.969079 20.077872 13.956236 -33.934478 -88.349727 -78.924734 -100.736756 -12.929713 52.889599 6.742251 -8.416525 17.497935 42.861851 -18.484699 -30.588431 -46.292888 -47.932186 -66.084548 -45.372767 1.808943 34.769161 -7.982131 3.659539 -14.380984 16.715971 3.879738 1.096263 -18.855743
0.290453 0.037112 0.431151 -11.084275 51.421123 24.930572 0.000000 -0.000000 0.000000 0.000000 -0.000000 0.000000 0.000000 -0.000000 0.000000 14.108912 -0.224654 -10.699723 -0.000000 0.000000 -0.000000 -16.694840 -49.617868 -26.780426 -0.030964 -22.404225 -4.188385 -0.462154 -4.789480 10.817143 6.748413 26.149348 -10.285065 -28.829701 -54.279834 -30.876926 354.329890 -4.696920 -345.396208 -0.883990 -6.575462 9.757916 18.574762 11.218350 -34.564831 -85.957845 -80.139569 -98.445967 -12.345141 52.203084 6.508502 -8.082593 17.771098 42.215623 -18.732091 -30.264744 -45.582887 -54.934876 -69.499910 -53.131370 0.498293 42.791853 -4.990573 4.075965 -24.720173 13.252170 5.393870 7.493303 -16.268082
0.287451 0.036493 0.430356 -10.487223 51.523409 23.440908 -0.000000 -0.000000 -0.000000 -0.000000 -0.000000 -0.000000 -0.000000 -0.000000 -0.000000 13.312155 -0.671981 -10.301855 0.000000 0.000000 0.000000 -15.013583 -51.653117 -25.845391 -0.661997 -20.851457 -3.236492 -0.578167 -4.202908 10.783681 6.347056 25.448728 -9.604317 -27.979388 -53.518154 -28.711329 354.886794 -4.340705 -345.849589 -0.068183 -5.399136 10.333782 17.003804 8.888907 -34.586872 -79.394973 -81.021043 -91.569110 -10.261266 50.858630 4.841765 -8.178096 18.034337 41.595086 -18.812072 -29.690683 -44.745037 -64.667455 -72.196122 -63.351993 -0.148725 50.114733 -2.704805 6.707744 -33.910685 15.351573 4.592469 13.693770 -17.696857
0.284273 0.035912 0.429579 -9.552830 51.538760 21.820905 0.000000 -0.000000 0.000000 0.000000 -0.000000 0.000000 0.000000 -0.000000 0.000000 12.340933 -1.173159 -9.972902 0.000000 -0.000000 0.000000 -13.735769 -53.848647 -25.257082 -1.361018 -19.737513 -2.257872 -0.631999 -2.350874 11.591148 6.171410 24.254250 -9.707261 -27.166723 -52.614044 -26.669551 355.399126 -4.080366 -346.355902 0.495813 -4.578847 10.625595 15.626074 7.092703 -34.268799 -67.428354 -81.407266 -78.583575 -6.795209 48.726075 1.792592 -8.825362 18.481190 40.520711 -18.480777 -29.271600 -43.296470 -74.731613 -73.929545 -73.402327 -0.170991 56.169540 -1.371365 15.279714 -39.739360 26.025085 0.432262 18.920496 -23.233921
0.281013 0.035430 0.428826 -8.369124 51.503776 20.060924 -0.000000 -0.000000 0.000000 -0.000000 -0.000000 0.000000 -0.000000 -0.000000 0.000000 11.236403 -1.720924 -9.640467 0.000000 -0.000000 0.000000 -13.132587 -56.075817 -25.000817 -1.814040 -19.906640 -2.207703 -0.776992 0.316592 12.746159 5.957373 23.829857 -9.350008 -26.348111 -51.710268 -24.722917 355.794619 -3.581363 -346.705925 0.688885 -4.595126 10.602175 14.624170 5.937783 -33.797815 -53.232369 -81.093604 -62.743199 -2.889178 45.895199 -1.762136 -9.869085 19.197470 38.561888 -17.477264 -29.277340 -40.811152 -82.931464 -75.013329 -81.177867 0.375952 60.572708 -0.993322 28.464461 -39.585952 42.510365 -6.621798 23.427358 -30.755557
0.277742 0.035097 0.428082 -7.235023 51.511164 18.371282 0.000000 0.000000 0.000000 0.000000 0.000000 0.000000 0.000000 0.000000 0.000000 10.177447 -2.468543 -9.137318 0.000000 -0.000000 0.000000 -13.474685 -58.097895 -25.121594 -1.879033 -21.343421 -3.048974 -0.961641 2.951447 13.881223 5.837812 24.709633 -8.642437 -25.484816 -51.017308 -22.975935 356.057274 -2.750030 -346.870366 0.502180 -5.524426 10.260691 14.035071 5.460883 -33.188438 -41.414972 -80.279770 -49.009150 0.362417 42.729534 -4.814420 -10.806764 19.828377 35.417969 -15.486881 -29.463890 -36.938848 -88.797352 -75.822446 -86.532491 1.373584 63.153973 -1.382363 39.057255 -34.022344 56.107705 -14.525033 27.013319 -37.263044
0.274550 0.034938 0.427359 -6.416411 51.623462 16.962614 -0.000000 0.000000 -0.000000 -0.000000 0.000000 -0.000000 -0.000000 0.000000 -0.000000 9.351911 -3.445576 -8.417294 0.000000 0.000000 -0.000000 -14.804656 -59.468948 -25.490259 -1.603928 -23.300058 -3.944505 -0.910318 4.794478 14.839655 6.185088 26.353996 -8.800077 -24.499539 -50.720730 -21.514353 356.195825 -1.713330 -346.945251 0.021671 -7.053632 9.674207 13.783469 5.595196 -32.384498 -33.346050 -79.452839 -39.156957 2.153561 39.869750 -6.677435 -10.821867 19.486322 30.804255 -12.288665 -28.998555 -31.386282 -92.940570 -76.534125 -90.411119 2.414663 64.167061 -2.021809 42.267407 -28.681813 60.475486 -19.784825 27.677489 -39.793268
0.271582 0.034935 0.426729 -5.982728 51.825394 15.910103 -0.000000 0.000000 -0.000000 -0.000000 0.000000 -0.000000 -0.000000 0.000000 -0.000000 8.827839 -4.490789 -7.609149 -0.000000 -0.000000 -0.000000 -16.789579 -59.847280 -25.795668 -1.065040 -24.519030 -3.734126 -0.392939 5.547293 15.281344 7.189393 27.357217 -10.805616 -23.366606 -50.802723 -20.324396 356.272454 -0.677540 -347.086584 -0.598163 -8.672196 9.103226 13.699422 6.059028 -31.460045 -28.214005 -78.990179 -32.697896 2.159168 37.906364 -7.072186 -9.267480 17.378490 24.683434 -8.303725 -26.911701 -24.353366 -96.111960 -77.175764 -93.735297 2.971927 64.238972 -2.276926 39.353365 -26.575386 57.018331 -20.951360 24.533960 -38.441252
0.269012 0.035024 0.426288 -5.818840 52.046465 15.167486 0.000000 0.000000 -0.000000 0.000000 0.000000 -0.000000 0.000000 0.000000 -0.000000 8.542190 -5.404484 -6.879899 0.000000 0.000000 -0.000000 -18.898212 -59.301353 -25.791716 -0.349619 -23.992199 -1.737532 0.502553 5.303562 14.810428 8.495902 26.537143 -14.370958 -22.201979 -51.016215 -19.347261 356.412151 0.197226 -347.450324 -1.152563 -9.830722 9.006840 13.538287 6.313772 -30.687857 -25.018943 -78.983129 -28.746186 0.707145 36.887244 -6.200065 -6.691550 13.818935 17.718749 -4.451675 -23.269475 -16.809876 -98.669168 -77.713240 -96.796070 2.920864 63.966527 -1.953051 33.370908 -25.646776 49.783621 -19.659524 19.126842 -35.346107
0.266969 0.035122 0.426104 -5.728105 52.203311 14.613407 -0.000000 -0.000000 -0.000000 -0.000000 -0.000000 -0.000000 -0.000000 -0.000000 -0.000000 8.374508 -6.047743 -6.318482 -0.000000 0.000000 -0.000000 -20.724270 -58.113405 -25.397387 0.324421 -21.458901 1.888630 1.507568 3.725754 13.216122 9.570926 24.190351 -18.395707 -21.177895 -51.112860 -18.535338 356.690596 0.890633 -348.060935 -1.507383 -10.282594 9.549338 13.138520 6.008283 -30.209574 -23.003791 -79.255047 -26.388594 -1.358383 36.407315 -4.703719 -4.489882 9.991492 10.957446 -1.177989 -19.160478 -9.829562 -100.289869 -78.141359 -99.008322 2.605625 63.622462 -1.388403 26.819649 -23.919474 42.065281 -17.726085 12.979734 -32.058276
0.265479 0.035148 0.426173 -5.564712 52.240995 14.115335 0.000000 -0.000000 -0.000000 0.000000 -0.000000 -0.000000 0.000000 -0.000000 -0.000000 8.229037 -6.364595 -5.928141 -0.000000 0.000000 0.000000 -22.105431 -56.559482 -24.642751 0.738216 -17.634589 6.023453 2.194079 0.317670 10.861303 10.324103 21.905943 -21.889844 -20.347629 -51.039450 -17.836912 357.051933 1.464141 -348.782063 -1.714165 -10.358806 10.121163 12.575539 5.495158 -29.649330 -21.645150 -79.624766 -24.877236 -3.292998 36.234950 -3.210325 -3.510115 6.790613 5.084042 1.649851 -15.520532 -3.962728 -100.400651 -78.519292 -99.525039 2.455427 63.221997 -1.047148 21.295549 -21.061975 35.696981 -16.133078 7.017279 -29.356776
0.264468 0.035042 0.426433 -5.323675 52.162783 13.621224 -0.000000 0.000000 0.000000 -0.000000 0.000000 0.000000 -0.000000 0.000000 0.000000 8.070593 -6.372093 -5.721679 0.000000 -0.000000 0.000000 -23.088592 -55.012721 -23.745004 0.961603 -13.939680 9.222808 2.184388 -4.343836 8.415421 10.963687 21.127115 -24.154497 -19.609292 -50.862470 -17.191832 357.405961 1.857848 -349.507584 -1.887130 -10.578513 9.849272 12.043224 5.489415 -28.352467 -20.727467 -80.128369 -23.960751 -4.930195 36.499567 -1.857762 -3.724961 4.580157 0.204235 4.289299 -12.832289 0.812118 -98.906725 -78.896510 -98.149558 2.690288 62.733721 -1.170398 17.386374 -17.670784 31.250054 -15.228498 1.823566 -27.496566
0.263818 0.034777 0.426802 -5.088683 52.012818 13.154477 -0.000000 -0.000000 0.000000 -0.000000 -0.000000 0.000000 -0.000000 -0.000000 0.000000 7.884822 -6.048672 -5.848472 -0.000000 0.000000 0.000000 -23.781087 -53.923376 -23.026783 1.269979 -11.589914 10.634470 1.632691 -8.616497 6.416948 11.525272 22.070911 -24.854458 -18.819714 -50.603636 -16.544609 357.747556 1.771536 -350.310496 -2.061693 -11.009055 8.431656 11.601251 6.343762 -25.960333 -20.193591 -80.877577 -23.674061 -6.542801 37.368009 -0.396444 -4.725673 3.491673 -4.215291 7.062795 -11.295301 5.136581 -96.310051 -79.270371 -95.449619 3.310390 62.203942 -1.740558 14.578900 -14.529211 28.155855 -14.629664 -2.453428 -26.196893
0.263425 0.034355 0.427231 -4.884810 51.820439 12.668545 0.000000 0.000000 -0.000000 0.000000 0.000000 -0.000000 0.000000 0.000000 -0.000000 7.622165 -5.245335 -6.538154 0.000000 0.000000 -0.000000 -24.180645 -53.485636 -22.545965 1.775160 -10.892427 10.311000 1.086048 -11.057444 5.314044 11.813646 23.759356 -24.272987 -17.884546 -50.245165 -15.798338 358.143115 0.792309 -351.380609 -2.222530 -11.207349 6.291573 11.165628 7.907110 -22.641332 -19.565208 -81.804325 -23.520214 -8.480551 38.823860 1.438486 -5.914843 3.079038 -9.777603 10.224525 -10.293788 10.619944 -93.153156 -79.667180 -92.053712 4.191991 61.724725 -2.602711 11.613625 -12.074968 25.185616 -13.281822 -6.236115 -24.729267
0.263240 0.033792 0.427713 -4.619687 51.575770 11.954745 -0.000000 -0.000000 -0.000000 -0.000000 -0.000000 -0.000000 -0.000000 -0.000000 -0.000000 7.208068 -3.852645 -7.820390 -0.000000 -0.000000 0.000000 -24.132949 -53.493278 -21.915273 2.359119 -11.384020 8.877933 0.947147 -11.067508 5.454629 11.659102 24.697988 -23.203820 -16.746198 -49.822796 -14.761312 358.627972 -1.265093 -352.830760 -2.395598 -10.741220 4.199421 10.708564 9.828427 -18.978888 -17.382845 -82.707707 -21.886475 -10.983282 40.711430 3.790300 -6.815848 3.018334 -18.396781 13.930849 -8.942289 19.078229 -89.390795 -80.206696 -87.918004 5.178197 61.294013 -3.592321 7.528302 -10.091601 21.459003 -10.317028 -10.101016 -22.472231
0.263252 0.033111 0.428268 -4.180909 51.264325 10.756891 0.000000 0.000000 0.000000 0.000000 0.000000 0.000000 0.000000 0.000000 0.000000 6.577559 -2.036512 -9.415798 -0.000000 0.000000 -0.000000 -23.429365 -53.645370 -20.608438 2.863253 -12.588863 6.985819 1.286742 -8.389383 6.854578 11.005577 23.658236 -22.344450 -15.352991 -49.415364 -13.206329 359.154820 -4.147991 -354.574740 -2.647430 -9.544147 2.960577 10.344451 11.703047 -15.822045 -11.477159 -83.465609 -16.490148 -14.147061 42.831799 6.733149 -6.703548 4.077686 -30.161467 17.946115 -7.500633 30.707170 -84.236278 -81.030958 -82.193276 6.188400 60.752399 -4.646868 2.322119 -7.678485 17.046392 -5.795515 -14.453397 -19.354676
0.263451 0.032352 0.428903 -3.560802 50.902224 8.959666 0.000000 0.000000 0.000000 0.000000 0.000000 0.000000 0.000000 0.000000 0.000000 5.680630 -0.141608 -11.032057 -0.000000 -0.000000 -0.000000 -21.952115 -53.840881 -18.367963 3.207742 -14.197883 5.016924 1.808323 -3.427208 8.983445 9.919623 20.608562 -21.797044 -13.675728 -49.097652 -11.001410 359.635089 -7.303239 -356.372402 -2.986005 -7.863358 3.018447 10.223189 13.177731 -13.866401 0.098001 -84.061403 -5.410832 -17.945244 45.045707 10.296167 -3.964478 6.401575 -43.165506 21.272969 -7.065118 43.939396 -76.266566 -82.171702 -73.424941 7.213802 59.904166 -5.776525 -3.285106 -3.948293 12.770597 -0.437902 -19.446709 -15.733395
0.263798 0.031572 0.429606 -2.853275 50.524023 6.592939 0.000000 -0.000000 0.000000 0.000000 -0.000000 0.000000 0.000000 -0.000000 0.000000 4.494940 1.627406 -12.615436 0.000000 -0.000000 0.000000 -19.706175 -54.108761 -15.190830 3.457613 -15.905264 2.936675 2.038667 1.999402 11.016632 8.695782 17.177459 -21.076132 -11.700682 -48.958134 -8.107751 360.001298 -10.123213 -357.955291 -3.390199 -6.318265 3.728826 10.355622 14.408452 -12.853457 18.881045 -84.373822 12.808918 -22.243313 47.332453 14.407692 1.856114 8.432452 -55.436766 23.307476 -8.142120 56.898861 -62.953721 -83.490414 -59.159397 8.080936 58.648213 -6.821185 -8.191956 0.977457 9.536606 4.750820 -24.626928 -12.082901
0.264267 0.030826 0.430379 -2.143384 50.149198 3.688988 -0.000000 0.000000 0.000000 -0.000000 0.000000 0.000000 -0.000000 0.000000 0.000000 3.023673 3.301255 -14.228601 -0.000000 -0.000000 -0.000000 -16.783829 -54.399504 -11.083583 3.804652 -17.451807 0.350233 1.713859 5.643183 12.315812 7.658229 15.400761 -19.413019 -9.363964 -49.094400 -4.461969 360.240610 -12.123101 -359.152185 -3.936719 -5.895625 3.560128 10.630177 16.231496 -11.617977 43.301165 -83.898859 36.614434 -26.770437 49.687240 18.810279 8.751210 9.079225 -65.428335 24.706048 -9.908649 68.439940 -39.516301 -84.542963 -34.776808 8.306121 56.964282 -7.319191 -11.550236 6.028359 7.319049 9.078197 -29.034830 -8.521130
0.264899 0.030162 0.431273 -1.436416 49.774637 0.239494 0.000000 0.000000 -0.000000 0.000000 0.000000 -0.000000 0.000000 0.000000 -0.000000 1.270700 4.956494 -15.839547 0.000000 0.000000 0.000000 -13.379294 -54.568254 -6.061957 4.422362 -18.817015 -3.172636 0.894004 6.569309 12.468759 6.738825 16.124914 -16.032419 -6.529199 -49.508868 0.029782 360.399023 -13.154551 -359.990162 -4.841133 -7.307425 1.521135 10.935111 19.448856 -9.257748 64.163956 -82.091589 57.002436 -31.014526 51.954053 22.950325 14.480858 8.720417 -71.550933 26.202634 -11.108574 78.114282 -6.221728 -84.307718 -0.695614 7.441701 54.894018 -6.833901 -13.026793 10.497730 5.465641 12.292458 -32.184014 -4.941852
0.265785 0.029616 0.432353 -0.682441 49.383216 -3.703605 0.000000 -0.000000 0.000000 0.000000 -0.000000 0.000000 0.000000 -0.000000 0.000000 -0.749615 6.572603 -17.316289 0.000000 -0.000000 0.000000 -9.803962 -54.505269 -0.336516 5.319372 -20.186786 -7.681334 -0.184296 5.403419 11.114019 5.412191 18.796383 -10.378396 -3.120700 -50.037671 5.329201 360.541764 -13.438439 -360.644237 -6.281157 -10.247957 -1.977636 11.120068 23.916367 -5.913740 75.415086 -79.127361 68.186264 -34.180192 53.809706 25.993881 18.474725 7.779218 -74.824908 27.414689 -11.370236 85.886401 20.205842 -82.261473 26.346874 5.611902 52.647045 -5.453810 -12.909788 14.454358 3.593711 14.531997 -34.463202 -1.366478
0.266997 0.029223 0.433640 0.183614 48.940968 -7.979073 -0.000000 0.000000 0.000000 -0.000000 0.000000 0.000000 -0.000000 0.000000 0.000000 -2.985644 8.098134 -18.513931 -0.000000 -0.000000 -0.000000 -6.422597 -54.182030 5.680338 6.353319 -21.704350 -12.800343 -1.345926 3.502795 8.222796 3.122085 22.003744 -2.474682 0.694973 -50.435737 11.151709 360.703085 -13.240597 -361.230019 -8.024780 -13.554420 -5.577325 11.088881 28.424849 -2.569176 79.245650 -75.584964 72.493867 -35.594865 54.949006 27.292603 21.025581 6.295070 -76.468692 27.589960 -11.219438 91.570821 35.026408 -79.240423 41.769670 3.342212 50.688523 -3.655018 -11.926589 17.923226 1.554872 16.402162 -36.291459 2.242350
0.268541 0.029011 0.435084 1.226755 48.408625 -12.427669 -0.000000 0.000000 -0.000000 -0.000000 0.000000 -0.000000 -0.000000 0.000000 -0.000000 -5.391386 9.497108 -19.332297 0.000000 0.000000 -0.000000 -3.470054 -53.627057 11.628978 7.322051 -23.439980 -18.055868 -2.538813 2.272084 4.668370 -0.006403 24.164199 6.503070 4.504258 -50.474987 17.084750 360.910696 -12.772412 -361.777675 -9.506943 -16.177654 -8.027906 10.978810 31.704651 -0.233502 79.168504 -71.885730 73.399112 -35.213920 55.262541 26.861072 22.300037 4.482180 -77.173221 26.554708 -11.192513 94.788390 43.956056 -76.049820 51.383444 0.667751 49.678209 -1.455203 -10.792194 20.492692 -0.764793 18.803236 -37.627070 6.067912
0.270378 0.028995 0.436590 2.457430 47.783387 -16.945314 0.000000 -0.000000 -0.000000 0.000000 -0.000000 -0.000000 0.000000 -0.000000 -0.000000 -7.957514 10.660882 -19.823356 -0.000000 -0.000000 -0.000000 -0.889596 -52.965601 17.358385 7.977309 -25.491247 -23.087476 -3.717382 2.675917 2.145278 -2.912103 24.514692 14.235089 7.763153 -49.944109 22.704407 361.215439 -12.478858 -362.358754 -10.423709 -17.810178 -9.098443 10.919003 33.500970 0.959798 77.452317 -68.216108 73.023934 -33.534184 54.795310 25.245163 22.498276 2.775855 -77.319097 24.682165 -11.458873 95.539852 50.782064 -73.062351 58.778393 -3.249171 50.177001 1.977620 -10.205343 21.855340 -3.225463 22.792848 -38.358855 10.259297
0.272445 0.029171 0.438048 3.796072 47.104583 -21.462753 -0.000000 -0.000000 -0.000000 -0.000000 -0.000000 -0.000000 -0.000000 -0.000000 -0.000000 -10.653442 11.425694 -20.145940 0.000000 -0.000000 -0.000000 1.683526 -52.423323 22.923599 8.075295 -27.844820 -27.644543 -4.865784 4.534401 1.793639 -4.707882 23.848391 19.082535 10.064754 -48.735906 27.704592 361.634399 -12.982233 -363.065269 -10.954644 -18.666133 -9.683818 10.677892 34.518776 1.982580 75.332200 -64.622810 72.414033 -31.243816 53.688942 23.148296 22.026639 1.602541 -77.142032 22.615897 -11.887465 94.561385 57.126001 -70.301177 65.265657 -9.475650 52.021009 7.713332 -11.016143 22.309379 -5.618584 29.448339 -38.355451 15.031657
0.274675 0.029525 0.439354 5.130511 46.408910 -25.947861 -0.000000 -0.000000 -0.000000 -0.000000 -0.000000 -0.000000 -0.000000 -0.000000 -0.000000 -13.401043 11.798944 -20.409092 0.000000 -0.000000 0.000000 4.709728 -52.128732 28.511488 7.572987 -30.216394 -31.666447 -5.965265 6.404155 3.126495 -5.681267 23.802564 21.695461 11.437835 -46.979182 32.083538 362.097357 -14.532356 -363.881938 -11.446517 -19.077525 -11.092991 9.764504 35.598587 4.209729 73.474612 -61.086108 72.083561 -29.054479 52.304968 21.233377 21.177216 1.219106 -76.906679 21.152676 -12.028207 93.216278 63.034394 -67.544750 70.834538 -18.337138 54.038931 16.063503 -13.411967 22.298351 -8.281876 38.679184 -36.915299 20.409100
0.277005 0.030040 0.440436 6.365787 45.735369 -30.317521 -0.000000 -0.000000 0.000000 -0.000000 -0.000000 0.000000 -0.000000 -0.000000 0.000000 -16.073220 12.033073 -20.634100 0.000000 0.000000 0.000000 8.311283 -51.922848 34.160904 6.680759 -32.248342 -35.101360 -6.795844 6.814143 4.677356 -6.622448 25.377003 23.805517 12.211135 -44.982412 35.990197 362.512657 -16.851334 -364.728177 -12.143011 -19.315346 -14.056943 7.820179 37.112954 8.428406 72.164397 -57.639671 72.241020 -27.515415 51.234665 19.933802 19.946368 1.378427 -76.942967 20.812449 -11.252302 92.952439 67.787767 -64.640111 74.964814 -28.780649 54.786178 25.905567 -16.494243 22.090396 -12.159805 48.787020 -33.012290 25.912062
0.279369 0.030703 0.441244 7.454858 45.132911 -34.558862 0.000000 0.000000 -0.000000 0.000000 0.000000 -0.000000 0.000000 0.000000 -0.000000 -18.547089 12.409398 -20.553773 -0.000000 -0.000000 -0.000000 12.118780 -51.423760 39.770861 5.752243 -33.745851 -37.403065 -7.068734 5.578561 5.234500 -7.817399 28.127802 26.067021 12.839925 -43.004491 39.674431 362.844930 -19.610750 -365.646714 -13.121091 -19.489808 -18.009879 5.004174 38.970464 14.207125 71.510384 -54.272807 72.986712 -26.909136 51.014373 19.405196 18.444079 1.607061 -77.398859 21.629588 -9.268184 94.593096 70.957303 -61.533518 77.462823 -38.664338 53.559682 35.024775 -18.548731 21.841341 -18.391360 57.245018 -26.096473 30.978206
0.281680 0.031495 0.441710 8.415076 44.590981 -38.908308 -0.000000 0.000000 -0.000000 -0.000000 0.000000 -0.000000 -0.000000 0.000000 -0.000000 -20.830740 13.075818 -19.512037 0.000000 0.000000 0.000000 15.453089 -50.241265 45.325138 5.192331 -34.667041 -37.517619 -6.724823 3.523607 4.112927 -8.830009 30.772505 27.694923 13.854165 -41.087947 43.571825 363.091831 -22.714770 -366.833639 -14.198468 -19.448997 -21.127052 2.135148 40.839498 19.885319 71.628701 -50.766938 74.414715 -27.482451 51.885365 19.835320 17.267581 1.473592 -78.058530 23.089813 -6.534251 97.947962 72.552627 -58.045021 78.635822 -46.090072 50.774208 41.514518 -17.851914 21.829767 -27.861382 62.197952 -16.612068 36.150646
0.283819 0.032383 0.441742 9.305638 44.005960 -43.705347 0.000000 -0.000000 -0.000000 0.000000 -0.000000 -0.000000 0.000000 -0.000000 -0.000000 -23.161319 14.046519 -16.952704 0.000000 -0.000000 0.000000 17.691924 -48.229109 50.921762 5.228369 -35.029407 -34.875111 -5.949533 1.167731 0.992170 -9.169140 32.532739 27.943515 15.669928 -39.091258 48.102051 363.227820 -26.036116 -368.414092 -14.909877 -18.894612 -21.345218 0.407175 42.299422 23.288938 72.589505 -46.809183 76.424866 -29.758352 53.785105 21.796098 17.090316 0.715373 -78.644814 24.624385 -3.831732 102.325166 72.882396 -53.944071 79.239353 -50.502095 47.665611 44.906636 -13.864227 22.658663 -40.411383 63.584975 -6.161315 43.105554
0.285693 0.033305 0.441276 10.182456 43.244744 -49.239182 0.000000 0.000000 -0.000000 0.000000 0.000000 -0.000000 0.000000 0.000000 -0.000000 -25.936570 15.081670 -12.808656 -0.000000 -0.000000 -0.000000 18.824060 -45.604053 56.884531 5.701818 -34.861382 -30.212170 -5.063586 -1.773728 -3.856440 -8.986379 33.659637 27.224032 18.398073 -36.743740 53.480359 363.204270 -29.191904 -370.204230 -14.857954 -17.672399 -17.696302 0.778112 42.976939 22.829378 74.348857 -42.100186 78.690698 -34.454105 56.354165 26.123903 18.113545 -0.508823 -79.062411 26.112142 -1.615504 107.121815 72.528558 -49.075248 80.236385 -52.754232 45.531882 46.208961 -6.631628 24.345460 -55.498043 62.222324 3.381434 53.308213
0.287302 0.034167 0.440324 11.033305 42.225140 -55.638151 0.000000 0.000000 0.000000 0.000000 0.000000 0.000000 0.000000 0.000000 0.000000 -29.418453 15.643903 -7.412598 0.000000 0.000000 -0.000000 19.501117 -42.825037 63.647269 6.294427 -34.230155 -25.059503 -4.516179 -5.532772 -9.573427 -8.802140 34.767014 26.533821 21.808155 -33.719130 59.626081 362.985169 -31.665902 -371.720280 -14.074020 -15.837344 -10.782649 3.359761 42.577723 18.325246 76.706711 -36.421352 80.835143 -41.827566 58.929197 33.188690 19.985400 -1.652558 -79.341541 27.680561 0.168000 111.977893 71.965371 -43.388375 82.156113 -54.189919 45.085119 46.913531 4.038408 25.011277 -70.109017 58.370470 10.150890 66.795287
0.288720 0.034882 0.438978 11.781173 40.921272 -62.770110 -0.000000 0.000000 0.000000 -0.000000 0.000000 0.000000 -0.000000 0.000000 0.000000 -33.520863 15.207698 -1.323778 -0.000000 -0.000000 0.000000 20.633267 -40.304603 71.406268 6.816565 -33.386360 -20.837921 -4.638337 -9.449712 -15.145227 -9.037830 36.127440 26.684185 25.378308 -29.798181 66.138649 362.576283 -32.987334 -372.397321 -12.952516 -13.573093 -2.573326 7.046688 40.896049 11.443295 79.238222 -29.780279 82.508793 -50.943462 60.817629 42.133689 22.082517 -2.367704 -79.530981 29.172403 1.717753 116.676550 71.214470 -36.993323 84.956027 -55.495577 46.425519 47.792884 16.743650 22.544992 -76.903822 53.021358 12.799238 82.061184
0.290026 0.035404 0.437356 12.346625 39.297852 -70.528345 0.000000 0.000000 -0.000000 0.000000 0.000000 -0.000000 0.000000 0.000000 -0.000000 -37.994301 13.460725 5.091720 0.000000 -0.000000 -0.000000 23.145218 -37.937769 80.217270 7.205950 -32.676766 -18.253890 -5.390240 -12.564370 -19.940469 -10.039892 37.855374 28.282513 28.534204 -24.898775 72.714908 362.017803 -32.941209 -371.951881 -11.960694 -11.240674 4.264632 9.974744 38.235331 5.206638 81.526944 -22.213571 83.603784 -60.066889 61.898813 51.245695 23.858243 -2.909022 -79.660950 30.097764 2.979426 121.088210 69.907592 -29.957753 88.481013 -56.053689 49.270909 48.253875 28.316656 16.630733 -78.792949 47.781006 11.353238 96.235160
0.291250 0.035749 0.435548 12.597046 37.303784 -79.133720 -0.000000 -0.000000 0.000000 -0.000000 -0.000000 0.000000 -0.000000 -0.000000 0.000000 -42.656797 10.163022 12.106238 0.000000 0.000000 -0.000000 27.573735 -34.805720 90.099426 7.374802 -32.378964 -17.459492 -6.431331 -14.245725 -23.187700 -11.841157 40.018417 31.204721 30.836757 -18.904155 79.520028 361.337253 -31.744882 -370.573210 -11.318366 -9.388344 7.885850 11.099065 35.557946 1.820381 83.173845 -13.427395 84.360272 -67.648689 62.753761 58.881370 25.101097 -3.703888 -79.749245 30.203985 3.687137 125.221594 67.895265 -22.044973 92.608901 -54.995748 52.950368 47.494981 36.063901 7.609864 -79.289342 42.158567 7.457815 107.146250
0.292358 0.035975 0.433591 12.293613 34.983113 -88.780601 -0.000000 0.000000 -0.000000 -0.000000 0.000000 -0.000000 -0.000000 0.000000 -0.000000 -47.299706 5.169180 20.257612 0.000000 -0.000000 0.000000 33.210978 -29.676369 100.437459 7.209011 -32.551502 -18.150745 -7.174481 -14.168162 -23.819217 -13.687626 42.290281 33.951710 31.884353 -11.769805 86.855779 360.564712 -30.065078 -368.801476 -10.960504 -8.317220 8.498956 10.818940 33.668840 1.239242 83.517372 -3.227784 84.890402 -72.187227 63.797872 63.492723 26.148844 -4.671231 -79.805901 30.010689 3.461718 129.054777 65.692851 -12.971444 97.302410 -52.655620 56.835211 45.947865 39.192152 -4.356073 -79.415993 34.223769 2.692842 114.265431
0.293273 0.036170 0.431479 11.280740 32.576754 -98.959831 -0.000000 0.000000 0.000000 -0.000000 0.000000 0.000000 -0.000000 0.000000 0.000000 -51.568156 -1.175022 29.431393 -0.000000 0.000000 0.000000 38.202283 -22.352612 109.834823 6.641270 -33.211849 -19.735868 -7.267739 -12.425709 -21.783427 -14.671073 44.268145 35.053073 31.345961 -4.018013 94.577693 359.781004 -28.690928 -367.167641 -10.807356 -7.927247 7.672170 10.088011 32.816785 2.075679 82.563279 7.756262 85.131465 -73.384226 64.869832 64.890829 27.993276 -5.108034 -79.835220 30.819895 1.786331 132.377046 63.345896 -3.135947 102.496126 -49.216151 60.540930 43.562219 39.334975 -16.687327 -79.465309 25.272727 -1.679091 118.807590
0.293922 0.036435 0.429206 9.670034 30.334082 -108.890559 -0.000000 0.000000 -0.000000 -0.000000 0.000000 -0.000000 -0.000000 0.000000 -0.000000 -55.221825 -8.248091 38.938677 -0.000000 0.000000 -0.000000 41.242421 -13.962817 117.657994 5.667546 -34.551670 -21.875747 -7.039993 -9.841527 -18.529291 -15.032948 46.121572 35.045989 29.248655 3.553401 102.342009 359.014940 -27.975979 -365.789061 -10.850777 -8.115908 6.731892 9.640717 33.022277 3.016508 80.702992 18.640462 85.486662 -71.890163 65.907830 63.710573 31.425801 -4.292690 -79.842129 33.690403 -1.426045 134.999976 60.455682 6.600929 107.911018 -44.401907 63.466793 39.755969 38.602634 -26.229066 -79.519817 18.235658 -5.283132 122.278083
0.294290 0.036849 0.426815 7.762072 28.400923 -117.895399 0.000000 -0.000000 0.000000 0.000000 -0.000000 0.000000 0.000000 -0.000000 0.000000 -58.192929 -15.378221 47.889813 -0.000000 -0.000000 -0.000000 42.250268 -6.034992 124.244038 4.341999 -36.618423 -24.598841 -6.953606 -7.649646 -15.522366 -15.750406 48.368323 35.501320 26.028589 10.423339 109.641830 358.112976 -27.605775 -364.272678 -11.061391 -8.989237 6.126189 9.871105 34.237669 3.278090 78.102170 28.561387 86.315631 -68.579227 66.674482 60.784294 35.827184 -1.624483 -79.834099 38.620812 -5.117880 136.618682 57.001415 15.358861 113.558930 -38.094953 65.459831 34.279523 37.872539 -32.085202 -79.569559 14.031882 -8.210847 124.983928
0.294421 0.037459 0.424406 5.874717 26.828642 -125.483507 0.000000 0.000000 0.000000 0.000000 0.000000 0.000000 0.000000 0.000000 0.000000 -60.591565 -21.902264 55.521248 0.000000 0.000000 -0.000000 41.846426 0.261449 130.100225 2.902691 -38.961392 -27.629502 -7.045661 -6.594070 -13.372511 -17.043706 51.023393 36.712363 22.293862 16.428427 115.894111 356.886216 -27.063217 -362.154401 -11.366247 -10.595143 5.824522 10.962306 36.238415 2.438879 74.973135 36.815389 87.502767 -64.736200 66.811459 57.435431 40.442410 4.396418 -79.811049 46.133595 -8.318786 136.290717 53.170021 22.447019 119.745469 -29.925313 66.702699 26.656579 36.779003 -35.240029 -79.606122 11.552612 -10.217314 126.578980
0.294354 0.038302 0.422086 4.270384 25.629004 -131.199246 -0.000000 -0.000000 0.000000 -0.000000 -0.000000 0.000000 -0.000000 -0.000000 0.000000 -62.698382 -27.125142 61.268091 0.000000 -0.000000 -0.000000 40.827725 4.158632 135.366207 1.866385 -40.924889 -29.924260 -7.148084 -6.815729 -12.414427 -18.125260 53.655028 37.501592 18.731862 21.399318 120.536601 355.368068 -26.267237 -359.442500 -11.697047 -12.582549 5.757719 12.857366 38.571977 0.472581 72.205726 42.974170 88.497002 -61.888173 66.584591 55.132843 44.609459 15.759375 -79.756063 57.139790 -11.393180 132.472316 48.971389 27.151619 126.383914 -19.958997 66.747852 16.816229 34.691616 -36.858467 -79.638399 9.548838 -10.944787 126.943293
0.294089 0.039405 0.419920 2.989330 24.749654 -135.087425 0.000000 0.000000 -0.000000 0.000000 0.000000 -0.000000 0.000000 0.000000 -0.000000 -64.798830 -30.877316 65.379657 0.000000 -0.000000 -0.000000 39.745331 5.729770 140.078325 1.718625 -42.149996 -30.327581 -7.171760 -8.244314 -12.666143 -17.833443 56.072653 36.234552 15.812939 25.363851 123.567455 353.807586 -25.486920 -356.581251 -11.963333 -14.313612 6.047130 15.280828 40.646383 -2.357821 70.307966 47.298957 89.237794 -59.769716 66.653672 53.413504 45.792948 29.752666 -79.606754 68.041937 -15.880632 125.049835 44.805561 29.615265 132.429546 -11.116875 65.338468 7.785585 31.908099 -37.039990 -79.673622 8.210735 -10.419568 126.657265
0.293608 0.040774 0.417920 1.823426 24.136164 -137.754794 0.000000 -0.000000 -0.000000 0.000000 -0.000000 -0.000000 0.000000 -0.000000 -0.000000 -66.920999 -33.664034 69.140098 0.000000 0.000000 -0.000000 38.725963 5.876247 144.352324 2.438931 -42.679853 -28.666302 -6.961026 -10.482364 -13.082984 -14.785347 58.234882 31.056015 13.537096 28.705631 125.605738 352.438787 -24.820808 -354.043945 -11.992739 -15.289653 7.223188 18.048277 41.864272 -6.047348 69.000302 50.495113 89.764311 -57.609211 67.055382 51.503988 42.501470 39.225522 -79.187842 73.075380 -21.812371 117.211233 41.189153 30.943940 137.244271 -5.031001 63.257691 1.410322 29.521024 -35.255222 -79.710542 8.591007 -9.077333 126.610938
0.292918 0.042386 0.416079 0.619802 23.809151 -139.582582 0.000000 0.000000 0.000000 0.000000 0.000000 0.000000 0.000000 0.000000 0.000000 -68.817008 -35.889081 73.870448 0.000000 -0.000000 -0.000000 37.744161 5.338939 148.102270 3.575650 -42.778088 -25.792566 -6.274284 -12.766841 -12.313093 -8.067009 59.513672 20.912673 11.913877 31.754670 127.023474 351.385466 -24.184381 -352.165844 -11.610555 -15.334831 9.996399 21.142888 41.807873 -10.864578 67.944916 52.963731 90.176591 -54.382350 67.662968 48.458012 40.045600 39.515241 -78.747275 71.184449 -26.147111 114.234986 38.433443 32.023807 140.526738 -1.590791 61.361404 -2.285595 28.073773 -31.724916 -79.748077 10.786142 -7.216328 127.188387
0.292068 0.044185 0.414385 -0.586304 23.778176 -140.670413 0.000000 0.000000 -0.000000 0.000000 0.000000 -0.000000 0.000000 0.000000 -0.000000 -69.968111 -37.636824 79.984547 -0.000000 -0.000000 -0.000000 36.694915 4.339644 151.207725 4.625865 -42.806577 -22.823781 -5.237696 -14.447177 -10.477725 0.255498 58.947372 8.632231 11.077696 34.505990 127.883001 350.724186 -23.671879 -351.124560 -10.834314 -14.473105 14.435414 24.327829 40.488899 -16.567548 66.808754 54.742339 90.846821 -48.860744 68.257055 43.099006 41.000830 34.066875 -78.812165 66.319634 -28.259438 116.403285 36.748009 33.231536 142.086929 -0.457498 60.287700 -3.586400 27.492289 -27.409353 -79.787910 13.985539 -4.898269 128.418370
0.291122 0.046074 0.412813 -1.701015 23.956571 -141.277337 -0.000000 0.000000 -0.000000 -0.000000 0.000000 -0.000000 -0.000000 0.000000 -0.000000 -70.129431 -38.963060 86.661968 -0.000000 0.000000 0.000000 35.372635 3.024074 153.769937 5.245331 -43.070157 -20.505238 -4.403314 -15.488766 -9.022712 6.219064 56.923682 -0.546174 10.873729 36.781517 128.447408 350.449950 -23.515341 -350.814817 -9.928790 -12.978565 19.498253 27.116415 38.517687 -22.152041 65.272124 55.982757 92.176968 -41.421472 68.453275 35.793689 45.489471 22.265099 -79.403259 60.256838 -27.343617 126.861527 35.971543 34.646992 142.289293 -1.158361 60.169019 -2.979656 27.574307 -23.658489 -79.827661 16.951771 -2.458883 130.232671
0.290110 0.047922 0.411300 -2.699300 24.204473 -141.851885 0.000000 0.000000 -0.000000 0.000000 0.000000 -0.000000 0.000000 0.000000 -0.000000 -69.585457 -40.104118 92.793325 0.000000 -0.000000 -0.000000 33.652988 1.753354 156.009622 5.325697 -43.647341 -19.091088 -3.992845 -15.985980 -8.658778 8.740784 54.545549 -4.916610 10.757296 38.495112 129.237536 350.452794 -23.828337 -350.910017 -9.210845 -11.525121 23.572283 29.267072 36.978719 -26.503119 62.984697 57.028942 94.510422 -34.052023 68.024492 28.470353 55.015834 0.390108 -79.775206 55.233053 -29.722919 150.152673 35.585900 36.246325 142.005114 -2.857228 60.608191 -1.333309 28.388748 -21.783959 -79.859906 18.655891 -0.962278 132.566347
0.288990 0.049618 0.409746 -3.618953 24.421637 -142.720440 -0.000000 -0.000000 -0.000000 -0.000000 -0.000000 -0.000000 -0.000000 -0.000000 -0.000000 -68.825475 -41.323194 97.624855 0.000000 0.000000 -0.000000 31.631906 0.899020 158.081874 5.102257 -44.223785 -18.227549 -3.693155 -15.694997 -8.938348 9.035166 51.829863 -6.064194 10.204713 39.653409 130.676440 350.642422 -24.650441 -351.191572 -8.854395 -10.813513 25.490014 30.919033 36.870198 -28.979047 59.736012 58.136829 97.999519 -28.370960 67.103411 22.702936 48.839257 -34.609892 -79.916470 31.178003 -38.782857 174.755254 35.089684 37.981676 142.028964 -4.499069 61.140233 0.294713 30.176330 -22.427586 -79.879327 18.906400 -1.581650 135.272078
0.287665 0.051117 0.408038 -4.502373 24.578104 -143.953290 0.000000 -0.000000 0.000000 0.000000 -0.000000 0.000000 0.000000 -0.000000 0.000000 -68.300194 -42.741195 100.660843 -0.000000 -0.000000 -0.000000 29.511135 0.611537 160.049007 4.935599 -44.352830 -17.288963 -3.175599 -14.472634 -9.292099 8.397540 48.291066 -5.946707 9.086115 40.336157 132.844329 350.960630 -25.922393 -351.604426 -8.881579 -10.937639 25.169676 32.225668 38.352376 -29.643632 55.683217 59.381446 102.482885 -24.650881 66.071544 18.732358 13.839257 -57.743595 -79.999866 -24.739751 -41.258404 175.307962 34.255996 39.813424 142.654454 -5.448059 61.581155 1.291847 33.087007 -25.283823 -79.885396 18.276243 -4.644805 138.120644
0.286029 0.052430 0.406096 -5.364627 24.693403 -145.431781 -0.000000 -0.000000 -0.000000 -0.000000 -0.000000 -0.000000 -0.000000 -0.000000 -0.000000 -68.377388 -44.352196 101.785335 0.000000 0.000000 -0.000000 27.454046 0.798744 161.914187 4.877228 -44.039394 -16.151457 -2.482824 -12.715348 -9.634701 7.513328 44.316543 -5.477218 7.667489 40.808958 135.450413 351.244039 -27.159799 -351.919955 -9.155074 -11.465338 23.546551 33.255110 40.498096 -29.390214 51.247810 60.734859 107.630195 -22.237338 65.385350 15.860367 -21.160743 -44.580869 -79.999957 -38.440405 -37.573335 178.930125 33.103267 41.677080 143.765595 -5.647794 61.908874 1.611066 36.935590 -29.243457 -79.877474 17.522828 -9.430518 140.657340
0.284039 0.053590 0.403922 -6.211859 24.815698 -146.995589 0.000000 0.000000 0.000000 0.000000 0.000000 0.000000 0.000000 0.000000 0.000000 -68.933901 -46.076289 101.870886 -0.000000 -0.000000 0.000000 25.573751 1.265655 163.688234 4.710443 -43.775866 -15.275014 -1.936191 -11.182674 -10.206282 6.572750 41.130201 -4.602531 6.232111 41.433401 138.110831 351.257001 -27.491537 -351.634384 -9.400100 -12.186847 21.848782 34.299002 41.990564 -29.667533 46.715820 62.141817 113.282817 -19.910486 65.272963 12.859894 -56.160743 -39.250251 -79.999970 -43.009334 -36.701723 181.328209 31.698102 43.473864 145.184144 -5.280190 62.059425 1.401472 41.150114 -32.706482 -79.854729 17.290289 -14.510393 142.424126
0.281741 0.054614 0.401611 -7.061740 24.994685 -148.580646 0.000000 0.000000 -0.000000 0.000000 0.000000 -0.000000 0.000000 0.000000 -0.000000 -69.638607 -47.891151 102.022531 0.000000 0.000000 -0.000000 23.953309 1.882352 165.446173 4.327739 -43.971165 -15.071013 -1.797232 -10.424238 -11.183649 5.573745 39.612610 -3.069963 4.773862 42.332175 140.715583 350.863463 -26.234360 -350.349907 -9.438964 -13.388241 20.716679 35.674757 42.047175 -31.469662 42.022390 63.546845 119.496752 -16.458329 65.504509 8.619382 -49.794859 -50.199853 -79.999942 -30.339417 -38.145958 180.091736 30.040175 45.158954 146.861568 -4.569378 61.983916 0.843695 44.920942 -34.452778 -79.825088 18.014286 -18.457225 143.602752
0.279236 0.055475 0.399321 -7.941160 25.241393 -150.283497 -0.000000 0.000000 -0.000000 -0.000000 0.000000 -0.000000 -0.000000 0.000000 -0.000000 -70.243449 -49.920069 102.886676 -0.000000 0.000000 -0.000000 22.592718 2.667271 167.328534 3.823822 -44.566496 -15.471922 -2.122150 -10.574349 -12.584918 4.470783 39.755524 -0.872216 3.032649 43.312524 143.516641 350.054492 -23.321269 -348.104960 -9.341729 -15.261854 20.045598 37.104946 40.568172 -34.520481 36.894310 64.959432 126.304267 -11.735955 65.679153 3.149901 -41.472116 -56.781591 -79.999913 -22.024716 -40.341391 180.810388 28.026221 46.808634 148.909116 -3.756793 61.772871 0.167261 47.429531 -34.688165 -79.808103 19.392869 -20.622772 144.769862
0.276621 0.056107 0.397233 -8.888456 25.522688 -152.306214 -0.000000 -0.000000 0.000000 -0.000000 -0.000000 0.000000 -0.000000 -0.000000 0.000000 -70.567230 -52.349040 104.545762 0.000000 0.000000 0.000000 21.384742 3.780501 169.480386 3.362210 -45.195854 -16.046512 -2.851059 -11.548504 -14.363457 3.243433 41.119279 1.778535 0.613770 44.084651 146.922865 348.865033 -19.277120 -345.175978 -9.283402 -17.424404 19.311626 37.778769 37.851373 -37.613529 31.022423 66.540936 133.712606 -6.828429 65.817999 -2.392004 -56.793563 -52.465265 -79.999974 -30.623536 -43.185600 182.021499 25.338717 48.489898 151.616039 -3.123126 61.506065 -0.348686 48.176586 -34.673713 -79.814666 20.270693 -21.220995 146.024436
0.273975 0.056430 0.395540 -9.959587 25.800400 -154.811009 -0.000000 -0.000000 0.000000 -0.000000 -0.000000 0.000000 -0.000000 -0.000000 0.000000 -70.496495 -55.314860 106.877495 0.000000 0.000000 -0.000000 20.174501 5.435236 171.972245 3.089380 -45.502588 -16.351424 -3.851109 -13.079552 -16.328951 1.972134 43.184697 4.492241 -2.871733 44.353226 151.221572 347.354189 -15.005090 -341.848623 -9.339797 -19.229562 17.910111 37.105945 34.486855 -39.580616 23.955535 68.530756 141.990230 -2.714337 66.307456 -7.057956 -72.489747 -24.384308 -79.999992 -59.080167 -42.172933 186.633651 21.442037 50.051478 155.377716 -2.964167 61.027456 -0.430614 47.002516 -35.302802 -79.841424 19.749140 -20.660781 147.253365
0.271372 0.056395 0.394419 -11.184098 26.046627 -157.820640 0.000000 -0.000000 0.000000 0.000000 -0.000000 0.000000 0.000000 -0.000000 0.000000 -70.044897 -58.888135 109.963596 0.000000 -0.000000 0.000000 18.814667 7.710447 174.791839 3.093888 -45.297257 -16.153188 -4.853697 -14.693368 -17.974617 0.971471 45.333228 6.557074 -7.441921 43.737389 156.381940 345.766475 -11.610030 -338.661673 -9.385466 -20.243441 15.755752 35.269791 31.200594 -40.018220 14.703554 70.840662 151.980779 0.361135 67.074618 -10.588204 -71.829001 2.075296 -79.999994 -71.591628 -40.280200 203.525270 16.051500 51.218047 160.393526 -3.281787 60.202038 -0.064930 43.612272 -36.328316 -79.885745 17.950287 -18.706203 148.849368
0.268894 0.056005 0.393973 -12.480079 26.224010 -161.246877 0.000000 -0.000000 0.000000 0.000000 -0.000000 0.000000 0.000000 -0.000000 0.000000 -69.275478 -63.112800 114.221676 -0.000000 0.000000 -0.000000 17.206389 10.388284 177.908094 3.343734 -44.607182 -15.447481 -5.570632 -16.024185 -18.761298 0.687796 47.091240 7.207180 -12.376224 41.824350 162.005155 344.637591 -9.964476 -336.448560 -9.185609 -20.315491 13.550026 32.951824 28.427410 -39.343532 2.081013 72.495217 164.678877 2.184051 67.228357 -12.596241 -65.698436 15.250091 -79.999996 -69.752876 -38.519921 220.661488 9.721500 52.106724 166.326764 -3.560121 59.565720 0.369553 37.516052 -36.692687 -79.935832 15.406477 -14.634666 151.402315
0.266620 0.055283 0.394206 -13.651203 26.305592 -164.941146 0.000000 -0.000000 -0.000000 0.000000 -0.000000 -0.000000 0.000000 -0.000000 -0.000000 -67.933872 -67.932117 120.341514 0.000000 -0.000000 0.000000 15.369999 12.990875 181.295268 3.647178 -43.723205 -14.443746 -5.930390 -17.012017 -18.650264 1.235054 48.382515 6.359449 -16.475614 38.480475 167.504129 344.476194 -10.258998 -335.823689 -8.633002 -19.520861 12.218267 30.757575 26.130374 -38.359667 -11.945377 71.925363 178.066978 2.416821 65.808354 -12.496195 -58.491318 18.716845 -79.999996 -64.655353 -33.669974 229.822397 3.487821 53.531249 172.575554 -3.084749 60.337818 0.352536 30.180262 -35.281220 -79.969273 13.078110 -8.791729 155.055376
0.264599 0.054254 0.395038 -14.514881 26.308898 -168.706835 -0.000000 -0.000000 0.000000 -0.000000 -0.000000 0.000000 -0.000000 -0.000000 0.000000 -65.007201 -73.033910 129.164781 -0.000000 -0.000000 0.000000 13.464098 15.037143 184.878714 3.757355 -43.091872 -13.480887 -6.016223 -17.631234 -18.019410 2.279716 49.270079 4.658939 -18.927949 34.092368 172.466427 345.320329 -12.011430 -336.747705 -8.009796 -18.488864 12.030913 29.196446 24.383224 -37.745812 -22.085683 68.674656 187.123380 1.509970 62.810490 -10.648241 -53.257678 17.885659 -79.999994 -60.333549 -26.693242 232.073693 -2.263137 56.327044 178.986183 -1.221991 63.310095 -0.715929 24.097584 -31.989200 -79.984488 11.721619 -2.329932 159.079195
0.262800 0.052956 0.396308 -15.022403 26.265832 -172.349982 -0.000000 0.000000 0.000000 -0.000000 0.000000 0.000000 -0.000000 0.000000 0.000000 -58.703967 -77.902964 141.499554 0.000000 0.000000 0.000000 11.663564 16.342814 188.488305 3.569038 -42.956489 -12.792131 -5.891492 -17.804955 -17.174024 3.426282 49.752373 2.778343 -19.741856 29.340468 176.814964 346.854460 -14.649737 -338.768570 -8.017482 -18.608016 12.307756 29.060586 24.162074 -37.762421 -27.162263 63.734343 191.070242 0.390413 59.074399 -8.135416 -48.453108 16.674094 -79.999991 -56.907743 -18.850865 232.227333 -8.200573 60.324259 186.009484 2.694411 67.890638 -3.681486 20.043105 -27.784206 -79.990691 11.215799 3.730964 162.480132
0.261115 0.051454 0.397818 -15.247342 26.175303 -175.761905 0.000000 -0.000000 -0.000000 0.000000 -0.000000 -0.000000 0.000000 -0.000000 -0.000000 -46.081427 -82.106017 159.091644 -0.000000 -0.000000 0.000000 10.010053 17.077716 191.916651 3.179007 -43.151119 -12.338038 -5.705691 -17.795184 -16.307223 4.458724 50.096903 1.095994 -19.467023 24.872699 180.661458 348.693593 -17.874330 -341.346505 -9.410972 -21.415065 11.810018 31.391349 27.013620 -38.432967 -29.365351 58.307676 192.357325 -0.482465 55.478996 -5.690170 -43.801944 16.491599 -79.999988 -54.552072 -11.406452 232.516752 -15.360791 64.422109 194.224150 9.253881 72.635844 -9.351274 17.476793 -23.939948 -79.993323 11.093528 8.475597 164.821544
0.259420 0.049814 0.399417 -15.289768 26.018384 -178.930467 -0.000000 -0.000000 0.000000 -0.000000 -0.000000 0.000000 -0.000000 -0.000000 0.000000 -18.349984 -85.096247 190.342409 0.000000 0.000000 -0.000000 8.448884 17.492409 195.050701 2.730211 -43.392177 -11.925822 -5.762947 -18.251487 -15.706146 5.331326 50.963346 -0.205420 -18.829041 21.223789 184.114178 350.377925 -21.369730 -343.825206 -12.514845 -27.090380 9.434253 36.677081 33.307020 -40.042198 -30.801257 53.633406 193.270489 -0.988932 53.013360 -3.831153 -40.038288 17.541928 -79.999985 -53.649756 -5.591282 233.666205 -23.923452 67.291308 203.427911 17.762985 76.264512 -17.153636 15.919517 -21.450108 -79.994561 11.109204 11.296967 166.431162
0.257633 0.048105 0.401031 -15.199047 25.798977 -181.879995 -0.000000 -0.000000 0.000000 -0.000000 -0.000000 0.000000 -0.000000 -0.000000 0.000000 26.744945 -85.265556 238.400288 0.000000 0.000000 -0.000000 7.000011 17.685019 197.903455 2.265194 -43.603757 -11.417596 -6.259064 -19.563424 -15.599556 6.139872 52.759771 -1.187318 -18.441519 18.774611 187.204086 351.459307 -24.586729 -345.508923 -16.666018 -33.249783 5.454611 43.865248 40.696225 -43.026251 -32.822117 50.847165 195.324883 -1.052914 52.675172 -3.090577 -37.712520 19.755083 -79.999985 -54.526939 -2.149988 235.916238 -31.978901 68.026954 211.620432 24.579786 78.155181 -23.468329 13.827853 -19.868097 -79.995759 10.009276 13.395018 168.556000
0.255707 0.046416 0.402592 -14.962811 25.536472 -184.618640 -0.000000 0.000000 0.000000 -0.000000 0.000000 0.000000 -0.000000 0.000000 0.000000 46.774868 -82.634427 262.651835 0.000000 -0.000000 0.000000 5.783550 17.679109 200.498778 1.780234 -43.821854 -10.758040 -7.060622 -21.404231 -15.877870 7.079008 55.107569 -2.208212 -18.577181 17.656196 189.943880 351.783010 -26.936500 -346.041358 -19.876705 -36.817817 2.250701 50.330249 45.684343 -46.751425 -36.006296 50.198488 199.139146 -0.503122 54.502267 -3.805072 -36.880904 23.241653 -79.999986 -57.227034 -0.692798 238.863356 -36.857003 66.591364 216.367033 25.675010 78.322992 -24.226396 9.485899 -17.357035 -79.997403 6.041154 16.982823 172.884145
0.253595 0.044841 0.404018 -14.578421 25.255438 -187.129917 0.000000 0.000000 -0.000000 0.000000 0.000000 -0.000000 0.000000 0.000000 -0.000000 44.904871 -78.877303 267.504061 -0.000000 -0.000000 -0.000000 4.854109 17.586563 202.801239 1.305937 -44.027349 -9.948483 -7.774706 -22.993821 -16.116471 8.311168 57.139472 -3.665410 -19.177090 17.727259 192.412552 351.583989 -27.990587 -345.658912 -20.298362 -36.759678 2.034839 53.191045 46.770404 -49.157097 -40.240380 50.874575 204.381672 0.665679 57.292048 -5.693110 -36.858627 28.035652 -79.999988 -61.076230 -0.269205 242.118233 -38.468624 63.795607 217.922129 23.004184 77.395096 -21.273913 4.389422 -12.421977 -79.998698 -0.319068 22.689393 180.085375
0.251261 0.043430 0.405299 -14.128858 25.009540 -189.391858 0.000000 0.000000 0.000000 0.000000 0.000000 0.000000 0.000000 0.000000 0.000000 34.325124 -74.387983 265.748711 -0.000000 -0.000000 0.000000 4.113554 17.583645 204.788256 0.858611 -44.244207 -9.095073 -7.962209 -23.564385 -15.849376 9.786218 58.096603 -5.648924 -20.097930 18.635348 194.728061 351.206732 -27.565714 -344.901018 -17.835645 -33.436324 4.818540 51.179654 44.280354 -48.809477 -45.230234 52.002809 210.340248 1.943813 60.037741 -7.880530 -36.609871 33.323944 -79.999989 -64.787384 -0.106016 245.440957 -38.534776 60.599981 218.239332 21.615304 76.370710 -19.511336 1.140816 -5.359441 -79.999366 -7.684831 29.871993 189.626218
0.248699 0.042192 0.406530 -13.741702 24.853498 -191.433305 0.000000 0.000000 0.000000 0.000000 0.000000 0.000000 0.000000 0.000000 0.000000 21.877220 -69.303114 262.570503 0.000000 -0.000000 0.000000 3.420215 17.775833 206.547319 0.421485 -44.573296 -8.333021 -7.381234 -22.709550 -14.832160 11.301895 57.648994 -8.013890 -21.274385 19.877551 196.965702 350.811863 -25.858566 -344.099268 -13.829768 -27.609077 9.022382 45.510902 39.018410 -46.407375 -50.787953 53.077131 216.489469 2.863370 62.734744 -9.712058 -35.270346 37.898494 -79.999991 -67.409453 0.340510 248.717928 -38.274004 57.517744 218.770986 24.915433 75.610526 -22.238607 0.066528 2.615520 -79.999682 -16.317046 37.547155 201.219864
0.245929 0.041125 0.407846 -13.480171 24.760216 -193.385083 -0.000000 0.000000 0.000000 -0.000000 0.000000 0.000000 -0.000000 0.000000 0.000000 11.696621 -64.220590 260.377994 0.000000 0.000000 -0.000000 2.706664 18.111454 208.280362 0.019685 -44.988037 -7.610850 -6.170406 -20.706997 -13.150383 12.837073 55.998398 -10.799994 -22.748030 20.951020 199.132376 350.348136 -23.410806 -343.197245 -10.165671 -21.233853 12.541243 39.254853 32.851105 -43.882413 -56.399570 53.633696 222.312221 3.708350 65.494777 -11.366556 -32.633153 41.204660 -79.999992 -68.951965 1.196407 252.013647 -38.002798 54.522386 220.186144 33.661102 74.079112 -30.174866 0.621471 10.105372 -79.999849 -27.043593 43.610159 215.725822
0.243000 0.040227 0.409367 -13.337922 24.647874 -195.429844 -0.000000 -0.000000 0.000000 -0.000000 -0.000000 0.000000 -0.000000 -0.000000 0.000000 5.486976 -60.084086 259.828502 -0.000000 -0.000000 -0.000000 1.937254 18.432729 210.206749 -0.265391 -45.262057 -6.661688 -4.786761 -18.572534 -11.117907 14.649025 53.864879 -14.293006 -24.640136 21.576529 201.238758 349.711003 -20.851634 -342.036754 -8.049358 -17.106472 14.330787 35.234289 28.458641 -42.548009 -61.135849 53.263776 227.167734 5.239619 67.806131 -13.515953 -29.293958 43.137494 -79.999994 -69.581056 2.031090 255.232482 -37.664309 51.390816 222.596504 43.327871 70.308548 -38.839255 2.038377 15.012965 -79.999938 -37.998259 44.937139 231.842759
0.239983 0.039468 0.411168 -13.324754 24.501128 -197.687665 0.000000 0.000000 -0.000000 0.000000 0.000000 -0.000000 0.000000 0.000000 -0.000000 2.654544 -57.179448 260.566307 0.000000 -0.000000 0.000000 1.063268 18.580986 212.479120 -0.406073 -45.234737 -5.307094 -3.765979 -17.596221 -9.127780 17.062022 52.273013 -18.668452 -27.181697 21.822989 203.351741 348.882061 -18.697918 -340.631470 -7.467945 -16.072215 14.935355 34.223332 26.982389 -42.567995 -64.410635 51.866273 230.738311 7.788432 69.027790 -16.456009 -26.363948 42.991799 -79.999995 -68.580303 2.089608 257.738368 -37.444311 48.173772 225.793144 48.723554 64.242823 -43.248658 2.446337 16.164318 -79.999979 -45.111486 39.678267 245.725064
0.236925 0.038816 0.413226 -13.493565 24.388098 -200.183162 -0.000000 0.000000 -0.000000 -0.000000 0.000000 -0.000000 -0.000000 0.000000 -0.000000 1.284456 -54.890863 261.975487 -0.000000 -0.000000 -0.000000 0.113605 18.425337 215.196591 -0.506752 -45.046282 -3.719355 -3.501010 -18.638668 -7.526894 20.402349 52.044474 -23.948290 -30.624871 21.913913 205.573135 347.962798 -17.279019 -339.137660 -7.611938 -16.505348 15.535129 35.284083 27.415135 -43.633071 -66.378543 49.599043 233.241404 10.822879 68.995224 -19.681268 -25.108428 40.168094 -79.999996 -65.293378 0.968003 258.750067 -37.859718 45.205003 229.435895 49.558484 57.267251 -43.494806 -0.428763 14.537695 -79.999993 -46.263902 29.063427 254.564459
0.233844 0.038254 0.415404 -13.899305 24.383917 -202.915463 -0.000000 -0.000000 0.000000 -0.000000 -0.000000 0.000000 -0.000000 -0.000000 0.000000 0.040629 -52.708169 263.747202 -0.000000 -0.000000 -0.000000 -0.815070 17.895131 218.433392 -0.714117 -44.988939 -2.257066 -3.985769 -21.546791 -6.277520 24.984616 53.053401 -30.338768 -34.755166 21.789717 208.026427 347.091374 -16.534889 -337.606298 -7.530951 -16.470261 16.971821 36.867511 27.830305 -45.407181 -67.512573 46.646459 235.080961 13.502117 67.899252 -22.393887 -25.847580 35.659217 -79.999997 -60.578282 -0.961134 258.222695 -39.333024 42.658697 233.160012 47.550541 51.169567 -41.602438 -6.450358 12.602426 -79.999997 -43.326109 17.483148 258.342161
0.230776 0.037760 0.417568 -14.567022 24.552015 -205.961230 -0.000000 -0.000000 0.000000 -0.000000 -0.000000 0.000000 -0.000000 -0.000000 0.000000 -0.987655 -50.680495 266.034524 0.000000 0.000000 -0.000000 -1.837173 17.082059 222.223470 -1.058338 -45.082246 -0.976520 -4.612923 -25.060105 -4.700227 30.563266 53.875251 -37.948019 -38.629524 21.009318 210.901635 346.355809 -15.988873 -335.974281 -6.750072 -15.179446 19.198559 37.529274 26.540609 -47.578992 -68.210558 43.062676 236.582164 15.078776 65.930634 -23.866176 -27.430189 31.254801 -79.999997 -55.878779 -3.127536 257.106889 -41.878099 40.285670 236.737460 43.991729 47.418841 -38.846553 -12.254017 11.161427 -44.999997 -39.317597 8.207849 259.226585
0.227816 0.037278 0.419687 -15.466053 24.964180 -209.582761 -0.000000 0.000000 0.000000 -0.000000 0.000000 0.000000 -0.000000 0.000000 0.000000 -0.981579 -48.987450 269.288997 0.000000 0.000000 0.000000 -3.412188 16.185313 226.632097 -1.411989 -44.903974 0.589600 -4.551336 -27.606585 -2.073042 35.541147 52.817200 -45.638653 -41.350934 19.160913 214.511032 345.858021 -15.316162 -334.485402 -5.214062 -12.452279 21.918343 36.280198 22.764230 -49.788237 -68.744668 38.706873 238.004337 15.231609 63.414494 -23.794442 -28.427670 27.852537 -79.999997 -51.847812 -5.009748 256.434338 -45.308167 37.621752 240.371081 39.586528 46.504334 -35.688546 -15.258269 9.941087 -9.999997 -36.173243 1.779080 259.367799
0.225063 0.036743 0.421776 -16.473558 25.668502 -214.163207 0.000000 -0.000000 -0.000000 0.000000 -0.000000 -0.000000 0.000000 -0.000000 -0.000000 0.712516 -47.556583 273.986552 -0.000000 -0.000000 0.000000 -5.995540 15.246669 231.793343 -1.661582 -43.993844 2.975955 -3.601434 -28.363387 1.380247 38.060369 49.544150 -51.536679 -42.801922 16.185277 219.184974 345.630196 -14.434308 -333.421314 -3.135504 -8.422074 24.722517 32.959774 16.917272 -51.745306 -69.281689 33.378265 239.501653 14.247036 61.031881 -22.481692 -27.966816 25.101539 -79.999997 -48.365229 -6.170356 256.666781 -49.395236 34.248917 244.663485 34.899609 47.773797 -32.488728 -15.080370 9.778102 25.000003 -35.283074 -2.051477 259.636109
0.222510 0.036103 0.423773 -17.392179 26.641458 -219.764191 -0.000000 0.000000 0.000000 -0.000000 0.000000 0.000000 -0.000000 0.000000 0.000000 4.032719 -46.069775 280.004783 -0.000000 -0.000000 -0.000000 -9.543839 14.050439 237.584017 -1.868166 -42.254450 6.250996 -2.224183 -27.511130 4.774047 37.989422 44.933702 -55.114104 -43.282691 12.476562 224.932801 345.536681 -13.026770 -332.686856 -1.037359 -4.300973 26.762837 28.444277 10.425197 -53.375850 -69.845169 27.200339 241.203433 12.854205 59.399041 -20.728056 -25.527149 22.042248 -79.999998 -44.730186 -6.825195 258.668795 -53.649608 30.013754 249.668853 30.376348 50.120896 -29.499875 -12.914511 10.986597 60.000003 -36.665288 -4.015579 259.891900
0.220021 0.035303 0.425538 -18.117506 27.835910 -225.963394 -0.000000 -0.000000 0.000000 -0.000000 -0.000000 0.000000 -0.000000 -0.000000 0.000000 8.124296 -44.201517 286.480727 -0.000000 0.000000 -0.000000 -13.591183 12.351473 243.534610 -2.171451 -39.873492 10.028137 -0.825323 -25.649040 7.599039 36.267487 39.821235 -56.997602 -43.601172 8.714567 231.262236 345.466379 -10.813218 -332.183412 0.564924 -1.438742 27.786104 24.086709 4.900968 -54.589756 -70.294472 20.617950 243.208919 11.664002 58.422129 -19.237620 -21.203538 18.059954 -44.999998 -40.261428 -7.643055 263.746017 -57.648208 25.155011 254.577740 25.981051 52.706527 -26.442788 -10.078207 12.598128 78.164277 -38.767021 -5.041781 260.187198
0.217425 0.034279 0.426948 -18.737316 29.241456 -232.188832 0.000000 0.000000 0.000000 0.000000 0.000000 0.000000 0.000000 0.000000 0.000000 11.797935 -41.909799 292.461427 -0.000000 0.000000 -0.000000 -17.719088 10.034166 249.136089 -2.651010 -37.155372 13.707145 0.423532 -23.330076 9.779266 33.740347 34.817475 -57.742168 -44.953875 5.188546 237.283015 345.433655 -8.168936 -332.030360 1.403927 0.121091 28.302472 20.949353 1.381510 -55.083106 -70.696472 14.144365 245.354741 10.678476 57.682115 -17.990577 -16.578530 13.254537 -9.999998 -35.045670 -8.888791 271.400471 -61.241602 20.021935 258.590378 21.631446 54.864607 -23.060984 -7.198486 13.663305 78.072613 -40.068752 -5.524088 260.828777
0.214605 0.033007 0.427952 -19.370965 30.821534 -237.972719 -0.000000 0.000000 -0.000000 -0.000000 0.000000 -0.000000 -0.000000 0.000000 -0.000000 14.234355 -39.482884 297.393293 0.000000 -0.000000 -0.000000 -21.554000 7.132989 254.037759 -3.290252 -34.625695 16.571815 1.420416 -21.020816 11.307176 31.089771 30.658014 -57.529132 -47.836633 1.638172 242.095522 345.463202 -5.951911 -332.383957 1.533987 1.105100 28.673711 19.453967 0.151440 -54.535707 -71.249236 8.171723 247.341527 9.854278 56.813182 -16.868699 -13.518031 8.416108 25.000002 -29.645134 -10.301394 279.418828 -64.341221 14.919937 261.333277 17.811014 56.146930 -19.728979 -4.680491 13.697386 77.942592 -39.881876 -5.505440 261.909985
0.211529 0.031538 0.428564 -20.014037 32.466451 -243.029579 0.000000 -0.000000 -0.000000 0.000000 -0.000000 -0.000000 0.000000 -0.000000 -0.000000 15.337930 -37.250720 301.086437 0.000000 0.000000 -0.000000 -24.649635 3.925717 258.150583 -3.953074 -32.891762 18.007885 2.153976 -18.924913 12.256775 28.707754 27.840429 -56.324062 -51.413077 -2.068356 245.422667 345.610765 -4.791700 -333.290485 1.212241 1.846797 28.670776 19.312095 0.857988 -52.872364 -71.968963 2.925755 249.089900 9.641531 55.540826 -16.296921 -12.574265 4.923441 60.000002 -25.070192 -11.671550 286.173791 -66.839509 10.143526 262.837295 15.246721 56.614799 -17.118495 -3.076501 12.610265 77.765669 -38.384563 -5.248208 263.239924
0.208239 0.029977 0.428861 -20.613715 34.089968 -247.313121 -0.000000 -0.000000 -0.000000 -0.000000 -0.000000 -0.000000 -0.000000 -0.000000 -0.000000 15.433455 -35.349967 303.633296 -0.000000 -0.000000 0.000000 -26.823435 0.796661 261.642416 -4.460467 -32.091966 17.865369 2.707844 -16.861188 12.802601 26.473960 26.128859 -54.038940 -54.480068 -5.673269 247.771105 345.911156 -4.583767 -334.535374 0.705258 2.078607 27.737754 19.838133 2.806612 -50.292671 -72.690886 -1.577083 250.697549 10.429737 53.824500 -16.666801 -13.093332 4.147273 67.587928 -22.797179 -13.139425 291.074252 -68.819221 5.881485 263.510930 14.196355 56.718765 -15.584415 -2.604748 10.980787 77.490031 -36.502745 -5.235727 264.804511
0.204803 0.028449 0.428956 -21.200374 35.685971 -250.881062 0.000000 0.000000 0.000000 0.000000 0.000000 0.000000 0.000000 0.000000 0.000000 14.835828 -33.828459 305.339207 -0.000000 0.000000 -0.000000 -28.377727 -2.073561 264.615210 -4.724794 -31.712686 16.587817 3.101079 -14.697101 13.084434 24.126475 24.902046 -50.788848 -56.507246 -8.880934 249.792663 346.249440 -4.665977 -335.624414 0.154389 1.219548 25.377610 20.551074 5.445965 -47.145035 -73.426691 -5.412757 252.093323 11.982380 52.031598 -17.745483 -14.153538 5.991804 64.876088 -23.214196 -14.848883 294.201875 -70.487799 2.167155 263.861336 14.265554 56.715532 -15.015509 -2.801968 9.744059 77.068683 -35.187190 -5.604267 266.684474
0.201253 0.027071 0.428928 -21.867538 37.249973 -253.722817 0.000000 -0.000000 -0.000000 0.000000 -0.000000 -0.000000 0.000000 -0.000000 -0.000000 13.855143 -32.739731 306.532936 -0.000000 -0.000000 0.000000 -29.728236 -4.677050 266.988186 -4.736121 -31.173934 14.783044 3.228742 -12.798179 13.161929 21.794089 23.937697 -47.028086 -57.575601 -11.530864 251.760100 346.590418 -4.719963 -336.389092 -0.481381 -0.833286 21.819354 21.335063 8.490403 -43.863619 -74.423371 -8.619447 253.229551 14.156406 50.567067 -19.490966 -15.418110 8.653320 62.752664 -24.780562 -16.589244 296.271027 -71.971118 -1.013764 263.958368 14.578439 56.529651 -14.753819 -3.005804 9.198711 76.519441 -34.490196 -6.077091 268.792141
0.197584 0.025929 0.428804 -22.635135 38.746650 -256.007246 -0.000000 0.000000 0.000000 -0.000000 0.000000 0.000000 -0.000000 0.000000 0.000000 13.002420 -31.973003 307.623485 0.000000 0.000000 0.000000 -31.064550 -7.042164 268.872813 -4.484775 -30.402548 12.716778 3.050579 -11.627667 13.149816 19.835465 23.512309 -43.253321 -57.747905 -13.649805 253.906940 347.037669 -4.863961 -337.019534 -1.229550 -3.520165 17.944163 22.079622 11.445486 -41.015492 -75.819746 -11.376155 254.251478 17.013286 49.411606 -22.080659 -16.779600 10.911358 61.086552 -26.272327 -17.927009 297.819824 -73.284794 -3.823252 263.747915 14.692174 55.996451 -14.374744 -2.945805 8.685858 75.906553 -33.566269 -6.274247 270.986869
0.193847 0.025080 0.428615 -23.367248 40.114050 -258.143745 -0.000000 0.000000 -0.000000 -0.000000 0.000000 -0.000000 -0.000000 0.000000 -0.000000 12.792992 -31.236610 308.998990 0.000000 0.000000 0.000000 -32.382896 -9.222151 270.570467 -3.985607 -29.630505 10.421699 2.672153 -11.206069 13.214209 18.385979 23.834835 -39.701558 -56.969004 -15.333391 256.603304 347.685120 -5.247264 -337.686882 -1.887977 -5.976989 14.794240 22.585755 13.482871 -39.220062 -77.398334 -13.998967 255.460509 20.327403 48.180521 -25.346235 -17.936979 12.609961 59.914346 -27.450052 -18.516461 299.032610 -74.349104 -6.533075 263.413578 14.884967 55.021688 -14.067017 -2.823827 7.648143 75.265928 -31.846777 -6.047018 273.221127
0.190182 0.024559 0.428438 -23.850122 41.309362 -260.575497 -0.000000 0.000000 -0.000000 -0.000000 0.000000 -0.000000 -0.000000 0.000000 -0.000000 13.412871 -30.215182 310.824711 -0.000000 0.000000 0.000000 -33.656409 -11.372486 272.305633 -3.368128 -28.955135 8.087042 2.236058 -11.262856 13.414825 17.342279 24.784849 -36.440766 -55.458256 -16.710021 260.015395 348.553792 -6.066541 -338.525674 -2.132347 -7.299900 13.285590 22.745430 14.015608 -38.822059 -78.779496 -16.774049 257.080855 23.316914 46.563544 -28.499986 -18.567829 13.732668 59.232004 -28.108161 -18.235873 300.014030 -75.051225 -9.376268 263.385601 15.664177 53.572404 -14.296143 -2.951044 6.279489 74.581372 -29.598656 -5.539320 275.477738
0.186745 0.024389 0.428330 -23.942784 42.363150 -263.563597 -0.000000 -0.000000 0.000000 -0.000000 -0.000000 0.000000 -0.000000 -0.000000 0.000000 14.625239 -28.715633 312.961096 0.000000 0.000000 -0.000000 -34.883275 -13.698706 274.145302 -2.840269 -28.266790 6.079349 1.803091 -11.777270 13.612267 16.635529 26.254259 -33.542688 -53.680104 -17.957254 263.980001 349.582522 -7.504965 -339.655800 -1.782540 -6.919271 13.775230 22.507370 13.053810 -39.638280 -79.772815 -19.838367 259.092968 25.100325 44.563629 -30.613133 -18.588450 14.207695 58.745771 -27.782715 -17.306375 301.060194 -75.305255 -12.469300 264.068653 17.135114 51.604612 -15.221060 -3.607775 4.856089 73.728334 -27.111248 -5.206203 277.860859
0.183611 0.024567 0.428277 -23.668577 43.364904 -267.066507 0.000000 0.000000 -0.000000 0.000000 0.000000 -0.000000 0.000000 0.000000 -0.000000 15.916816 -26.799473 315.118445 -0.000000 0.000000 -0.000000 -36.043914 -16.260819 276.075962 -2.521140 -27.481547 4.628426 1.354971 -13.113492 13.506895 16.315063 28.450608 -31.027405 -52.042729 -19.212356 268.177483 350.608935 -9.304583 -340.972461 -0.998409 -5.108865 15.673368 21.844511 11.074892 -41.091295 -80.362474 -23.143057 261.296960 25.283814 42.338746 -31.206985 -18.027270 14.349084 57.957180 -26.490500 -16.208199 302.497746 -75.239148 -15.755271 265.437811 18.803000 49.350926 -16.414983 -4.837299 3.302459 72.441121 -24.327548 -5.467289 280.680469
0.180766 0.025032 0.428224 -23.197248 44.364759 -270.708563 0.000000 0.000000 -0.000000 0.000000 0.000000 -0.000000 0.000000 0.000000 -0.000000 16.777626 -24.842314 317.075604 0.000000 0.000000 -0.000000 -37.090346 -18.874708 277.984175 -2.398638 -26.696308 3.742676 0.878280 -15.435536 12.843520 16.377744 31.501619 -28.864591 -50.868482 -20.496247 272.147612 351.444279 -10.784749 -342.132812 -0.166385 -2.906638 17.815622 20.928175 8.842609 -42.562477 -80.655129 -26.420881 263.384015 24.055684 40.273828 -30.416979 -16.857364 14.765832 56.620132 -25.017308 -15.437495 304.261340 -75.134082 -18.987210 266.968868 19.935015 47.487118 -17.182825 -6.064049 1.705031 70.457406 -21.604828 -6.203964 284.146858
0.178150 0.025663 0.428124 -22.712169 45.344379 -274.116020 0.000000 0.000000 -0.000000 0.000000 0.000000 -0.000000 0.000000 0.000000 -0.000000 17.020483 -23.261977 318.889964 -0.000000 -0.000000 -0.000000 -37.971447 -21.318106 279.771837 -2.435237 -26.138273 3.392436 0.433358 -18.052490 11.796821 16.700489 34.796207 -27.255415 -50.396035 -21.875787 275.450647 351.962972 -11.320853 -342.783142 0.392476 -1.485720 19.166430 20.156999 7.180582 -43.592472 -80.830216 -29.432482 265.096070 21.871800 38.928990 -28.720048 -15.078144 16.034060 54.901892 -24.403951 -15.495185 305.874516 -75.223037 -21.970173 268.042180 19.997971 46.745854 -17.003931 -6.390059 0.550293 67.718595 -19.877476 -7.024920 288.062734
0.175699 0.026317 0.427936 -22.255008 46.251836 -277.203137 0.000000 -0.000000 -0.000000 0.000000 -0.000000 -0.000000 0.000000 -0.000000 -0.000000 16.823245 -22.149029 320.702428 0.000000 0.000000 0.000000 -38.654013 -23.501004 281.441074 -2.625789 -26.063900 3.551862 0.187543 -19.674503 11.001086 17.167128 37.208835 -26.611674 -50.560164 -23.411243 277.998290 352.180122 -10.847066 -342.870223 0.559348 -1.425073 19.260982 19.864134 6.605350 -43.919639 -80.960554 -32.127950 266.398618 19.148774 38.638743 -26.545446 -12.866376 18.441174 53.034133 -25.247970 -16.829186 306.930665 -75.574371 -24.675913 268.407548 18.871287 47.314759 -15.749325 -5.616486 -0.049149 64.278931 -19.367984 -7.948649 292.154062
0.173364 0.026892 0.427614 -21.701212 47.058564 -280.222414 0.000000 -0.000000 -0.000000 0.000000 -0.000000 -0.000000 0.000000 -0.000000 -0.000000 16.520702 -21.201219 322.563317 0.000000 0.000000 -0.000000 -39.120229 -25.501712 283.129875 -2.954964 -26.669627 4.068605 0.299536 -19.381165 10.884323 17.605707 38.087321 -26.889762 -50.987482 -25.076211 280.155615 352.273183 -9.963818 -342.771938 0.394885 -2.321245 18.363226 20.043044 7.079033 -43.526927 -80.999371 -34.660342 267.489976 16.190105 39.367809 -24.168262 -10.633245 21.406285 50.948584 -26.987631 -19.485580 307.609182 -76.089257 -27.242199 268.313614 16.872643 48.686064 -13.695129 -4.482837 -0.426676 60.235161 -19.284854 -9.263692 296.286770
0.171112 0.027346 0.427095 -20.922334 47.760030 -283.456252 0.000000 0.000000 -0.000000 0.000000 0.000000 -0.000000 0.000000 0.000000 -0.000000 16.346105 -20.067686 324.438194 0.000000 -0.000000 0.000000 -39.333903 -27.454862 284.988438 -3.376282 -27.994612 4.702620 0.757998 -16.995105 11.266776 17.675111 37.487953 -27.395103 -51.359224 -26.838693 282.309193 352.409885 -9.253958 -342.875324 0.083457 -3.314479 17.135132 20.395549 8.099351 -42.647202 -80.901474 -37.205780 268.570498 13.167554 40.882994 -21.718877 -8.713789 23.950177 48.640758 -28.579992 -22.973428 308.275363 -76.673936 -29.816275 268.133892 14.577485 50.229843 -11.357618 -3.765820 -0.756806 56.120406 -18.937099 -10.944959 300.114928
0.168904 0.027682 0.426316 -19.982015 48.351679 -286.812501 -0.000000 0.000000 -0.000000 -0.000000 0.000000 -0.000000 -0.000000 0.000000 -0.000000 16.301901 -18.738262 326.226326 0.000000 0.000000 0.000000 -39.268582 -29.378217 286.973054 -3.831186 -29.874447 5.273295 1.437448 -12.815526 11.815074 17.139146 35.652181 -27.551386 -51.640735 -28.671995 284.426049 352.591021 -8.745849 -343.185528 -0.171552 -3.862296 16.113273 20.593548 9.041870 -41.624399 -80.750048 -39.731000 269.585496 10.138347 42.870921 -19.217946 -7.225107 25.616603 46.303155 -29.450124 -26.673268 309.096381 -77.389503 -32.352367 267.872359 12.384142 51.681483 -9.081730 -3.701392 -0.954066 52.795751 -18.283848 -12.665362 303.068595
0.166697 0.027901 0.425225 -19.128751 48.845135 -289.845907 0.000000 -0.000000 -0.000000 0.000000 -0.000000 -0.000000 0.000000 -0.000000 -0.000000 16.244381 -17.547952 327.812566 0.000000 0.000000 -0.000000 -39.006104 -31.150873 288.829147 -4.243798 -31.917355 5.673175 2.168528 -7.721149 12.376251 16.155931 33.033430 -27.343157 -51.882713 -30.443775 286.225944 352.764091 -8.267605 -343.552878 -0.281153 -3.922486 15.484790 20.498296 9.551897 -40.696150 -80.786598 -42.018712 270.218989 7.186614 44.961182 -16.707456 -6.048258 26.260020 44.040767 -29.345001 -29.871266 310.284937 -78.363024 -34.635867 267.183935 10.304109 53.012194 -6.839789 -4.089943 -0.853339 50.691036 -17.672311 -14.155552 304.822497
0.164466 0.027996 0.423815 -18.562124 49.269043 -292.210622 -0.000000 -0.000000 -0.000000 -0.000000 -0.000000 -0.000000 -0.000000 -0.000000 -0.000000 16.086683 -16.787329 329.152220 0.000000 -0.000000 0.000000 -38.720392 -32.648757 290.328299 -4.526046 -33.569898 5.830676 2.741874 -3.212407 12.850485 15.153745 30.549894 -26.973889 -51.993838 -31.941540 287.628232 352.956039 -7.872070 -343.978057 -0.321464 -3.775665 15.151811 20.220130 9.732735 -39.895827 -81.237120 -43.910943 270.194480 4.560191 46.833024 -14.383451 -4.920950 25.629879 41.906814 -28.136308 -31.697830 312.080498 -79.571548 -36.504122 265.896256 8.268734 54.162753 -4.552693 -4.678540 -0.426874 49.551840 -17.302185 -15.379263 305.657030
0.162238 0.027959 0.422147 -18.242864 49.627855 -294.005789 -0.000000 0.000000 0.000000 -0.000000 0.000000 0.000000 -0.000000 0.000000 0.000000 15.900432 -16.370219 330.299970 -0.000000 -0.000000 -0.000000 -38.507900 -33.843002 291.517686 -4.619598 -34.446969 5.707958 3.019715 -0.501457 13.193046 14.476970 29.058870 -26.569014 -51.783383 -33.078285 288.863166 353.215512 -7.797821 -344.549122 -0.430888 -3.725418 14.928169 19.999756 9.955763 -39.146834 -82.079326 -45.470556 269.597026 2.570040 48.373087 -12.535876 -3.687078 23.970232 40.178576 -26.460547 -31.821033 314.090370 -80.803407 -38.014120 264.282370 6.384080 55.084397 -2.349426 -5.327803 0.155626 48.810628 -17.096446 -16.403771 306.147943
0.160077 0.027804 0.420327 -17.972070 49.894582 -295.621304 0.000000 0.000000 0.000000 0.000000 0.000000 0.000000 0.000000 0.000000 0.000000 15.829013 -15.945791 331.340629 -0.000000 0.000000 -0.000000 -38.333358 -34.793809 292.643508 -4.527701 -34.593546 5.335330 3.032403 0.286250 13.490963 14.235564 28.767991 -26.246088 -51.122783 -33.955964 290.229942 353.529051 -8.277450 -345.285157 -0.641669 -3.781882 14.701126 19.974885 10.468371 -38.373453 -83.054467 -46.899237 268.791576 1.262534 49.681714 -11.249117 -2.523713 22.218925 39.204051 -25.362765 -31.017333 315.460353 -81.890479 -39.371621 262.714976 4.719955 55.908789 -0.340556 -5.921890 0.618462 48.126759 -16.921892 -17.226887 306.639588
0.158036 0.027568 0.418450 -17.614077 50.062222 -297.342460 -0.000000 0.000000 -0.000000 -0.000000 0.000000 -0.000000 -0.000000 0.000000 -0.000000 15.935564 -15.254445 332.295010 -0.000000 0.000000 -0.000000 -38.157659 -35.623133 293.854319 -4.303692 -34.216231 4.874650 2.904332 -0.310856 13.833584 14.383386 29.367840 -26.145616 -50.069802 -34.740041 291.832864 353.834344 -9.335177 -346.111874 -0.834532 -3.638789 14.469410 20.028432 11.152306 -37.528601 -83.924262 -48.353010 268.053844 0.368589 50.868283 -10.308384 -1.739237 21.284941 39.070818 -25.328416 -30.422562 315.708049 -82.887728 -40.733215 261.268345 3.101413 56.866786 1.614819 -6.392713 0.705267 47.475249 -16.653063 -17.791983 307.155533
0.156122 0.027304 0.416554 -17.203487 50.172152 -299.161694 0.000000 -0.000000 -0.000000 0.000000 -0.000000 -0.000000 0.000000 -0.000000 -0.000000 16.176853 -14.285139 333.097062 -0.000000 -0.000000 0.000000 -37.981324 -36.444081 295.111183 -4.025058 -33.375477 4.604693 2.732623 -1.814215 14.127590 14.806070 30.415004 -26.327145 -48.892704 -35.586638 293.488184 354.062360 -10.609884 -346.881526 -0.863837 -3.018952 14.301339 19.891216 11.623678 -36.619459 -84.665972 -49.850155 267.382903 -0.369883 51.944019 -9.483395 -1.477071 21.289035 39.543515 -26.070057 -30.463477 315.032646 -83.903896 -42.118198 259.867261 1.546736 57.942383 3.496232 -6.833036 0.355225 46.937765 -16.178207 -18.049035 307.624581
0.154315 0.027043 0.414654 -16.873896 50.277194 -300.882478 -0.000000 -0.000000 -0.000000 -0.000000 -0.000000 -0.000000 -0.000000 -0.000000 -0.000000 16.497243 -13.167007 333.651179 0.000000 -0.000000 0.000000 -37.768321 -37.254947 296.345734 -3.767458 -32.067389 4.778787 2.552907 -3.904583 14.174208 15.368366 31.467403 -26.789578 -47.918127 -36.624500 294.864792 354.169348 -11.507185 -347.430522 -0.693254 -1.965956 14.263925 19.389971 11.558752 -35.726083 -85.423362 -51.308653 266.614969 -1.036563 52.909083 -8.708903 -1.572740 21.574087 40.355659 -26.975898 -30.688389 313.943070 -84.799755 -43.469860 258.743977 0.975361 58.713510 4.416822 -7.453093 -0.265483 46.569141 -15.476140 -17.875265 308.047603
0.152605 0.026789 0.412778 -16.731366 50.392864 -302.309021 -0.000000 0.000000 -0.000000 -0.000000 0.000000 -0.000000 -0.000000 0.000000 -0.000000 16.860216 -12.054883 333.901848 -0.000000 -0.000000 -0.000000 -37.466667 -37.938417 297.540451 -3.572831 -30.388268 5.456098 2.373790 -6.236349 13.980930 15.985594 32.123951 -27.617414 -47.283801 -37.851166 295.768832 354.168998 -11.668640 -347.706364 -0.395047 -0.749308 14.359459 18.550575 10.915316 -34.929036 -86.317676 -52.622573 265.632538 -1.628866 53.794468 -8.014128 -1.722068 21.260511 41.399270 -27.441035 -30.349066 312.882267 -85.248551 -44.727078 258.414410 2.786828 58.674150 3.012773 -8.357521 -1.016525 46.426240 -14.621484 -16.996983 308.467332
0.151000 0.026528 0.410972 -16.789525 50.494318 -303.351553 -0.000000 0.000000 -0.000000 -0.000000 0.000000 -0.000000 -0.000000 0.000000 -0.000000 17.198350 -11.118497 333.873416 0.000000 -0.000000 -0.000000 -37.101892 -38.381531 298.659468 -3.432298 -28.469822 6.491974 2.205845 -8.531371 13.835045 16.664659 32.178741 -28.971051 -46.864820 -39.072856 296.285498 354.136324 -11.201057 -347.827207 -0.092069 0.329751 14.525217 17.544489 9.927891 -34.240186 -87.341057 -53.710302 264.454311 -2.141831 54.606005 -7.421490 -1.589525 19.777611 42.632553 -27.131406 -28.880832 312.111198 -85.105185 -45.822698 259.151506 7.297924 57.545711 -1.029761 -9.296409 -1.923052 46.700916 -13.808352 -15.052263 308.795933
0.149521 0.026257 0.409286 -16.990208 50.550057 -304.040984 0.000000 -0.000000 -0.000000 0.000000 -0.000000 -0.000000 0.000000 -0.000000 -0.000000 17.426782 -10.503483 333.684322 0.000000 -0.000000 0.000000 -36.760729 -38.567396 299.641100 -3.308976 -26.355989 7.689476 2.049478 -10.709072 14.024705 17.424184 31.658485 -30.899479 -46.445320 -40.065339 296.647239 354.160069 -10.435598 -347.974474 0.067547 0.970979 14.718849 16.630948 8.980526 -33.662373 -88.388875 -54.550059 263.193183 -2.568596 55.302261 -6.932601 -0.928241 17.131170 43.952873 -26.116851 -26.172720 311.715111 -84.511359 -46.702207 260.807715 13.447455 55.203204 -6.678656 -9.768541 -2.987693 47.790430 -13.300036 -11.719280 308.734614
0.148188 0.025998 0.407757 -17.263498 50.547020 -304.496986 -0.000000 0.000000 -0.000000 -0.000000 0.000000 -0.000000 -0.000000 0.000000 -0.000000 17.525357 -10.238265 333.519645 0.000000 -0.000000 -0.000000 -36.493682 -38.570198 300.477778 -3.175512 -24.062837 8.911640 1.895862 -12.674129 14.620191 18.165648 30.612216 -33.218624 -45.912235 -40.776093 297.028827 354.277276 -9.625650 -348.240100 -0.028719 0.962786 14.975896 16.055341 8.401686 -33.260431 -89.316791 -55.203363 262.004718 -2.899093 55.830792 -6.545908 0.069143 14.014491 45.201127 -24.774228 -22.899127 311.574549 -83.611035 -47.391338 263.186385 19.887804 51.487775 -12.637698 -9.660767 -4.110184 50.021786 -12.940724 -7.018086 307.990484
0.147003 0.025784 0.406407 -17.553284 50.493338 -304.897488 -0.000000 -0.000000 -0.000000 -0.000000 -0.000000 -0.000000 -0.000000 -0.000000 -0.000000 17.552659 -10.207424 333.552184 0.000000 0.000000 -0.000000 -36.261162 -38.509538 301.265713 -3.034243 -21.696903 10.097832 1.747464 -14.152595 15.440329 18.655238 29.017565 -35.533392 -45.289582 -41.344538 297.498748 354.454245 -8.875431 -348.586065 -0.370203 0.349666 15.332099 15.907759 8.292146 -33.098869 -90.029041 -55.806323 260.996403 -3.210906 56.199517 -6.182524 0.864160 11.436896 46.197146 -23.545141 -20.230518 311.474529 -82.323946 -48.009506 266.307283 25.480992 46.356597 -17.864705 -9.432770 -5.012553 53.304348 -12.207380 -1.704520 306.428765
0.145956 0.025641 0.405228 -17.790693 50.413467 -305.463948 0.000000 -0.000000 -0.000000 0.000000 -0.000000 -0.000000 0.000000 -0.000000 -0.000000 17.567075 -10.210992 333.851112 -0.000000 -0.000000 -0.000000 -35.945346 -38.502971 302.194783 -2.917435 -19.435167 11.239816 1.609339 -14.928884 16.143884 18.691620 26.949226 -37.417305 -44.663390 -41.991423 298.091412 354.622523 -8.178809 -348.914993 -0.833828 -0.591678 15.726940 16.088929 8.541145 -33.130466 -90.607198 -56.525974 260.095692 -3.772197 56.545761 -5.581309 1.238728 9.907637 46.744761 -22.674061 -18.836330 311.402060 -80.461565 -48.704908 270.231246 29.435945 40.290374 -21.696377 -9.557340 -5.094927 57.033045 -11.070842 2.804415 304.169909
0.145028 0.025578 0.404191 -17.888758 50.341795 -306.404725 -0.000000 0.000000 -0.000000 -0.000000 0.000000 -0.000000 -0.000000 0.000000 -0.000000 17.566577 -10.057049 334.360265 -0.000000 -0.000000 -0.000000 -35.419506 -38.628335 303.466422 -2.869666 -17.399420 12.357201 1.482207 -15.077811 16.456749 18.272641 24.628906 -38.669953 -44.105544 -42.899322 298.849060 354.730598 -7.477643 -349.163946 -1.282546 -1.529180 16.063739 16.402470 8.951193 -33.215376 -91.327183 -57.494384 259.052772 -4.958076 57.105072 -4.381279 1.448253 9.265063 46.747806 -22.188921 -18.595862 311.500703 -77.926740 -49.573127 274.854139 31.613565 34.092620 -24.045165 -10.112672 -3.677557 60.385606 -10.316894 5.408787 301.675309
0.144201 0.025590 0.403249 -17.798186 50.312384 -307.800572 0.000000 -0.000000 0.000000 0.000000 -0.000000 0.000000 0.000000 -0.000000 0.000000 17.497508 -9.673593 334.970705 0.000000 -0.000000 0.000000 -34.648100 -38.915367 305.149724 -2.919900 -15.608161 13.469366 1.377243 -14.827988 16.338920 17.545722 22.266517 -39.367229 -43.621929 -44.114200 299.809397 354.781375 -6.783822 -349.362220 -1.623609 -2.157984 16.366044 16.658505 9.301632 -33.262268 -92.501289 -58.738993 257.578953 -7.062710 58.043687 -2.297432 1.972734 9.162294 46.434749 -22.198031 -18.936002 311.693317 -74.797827 -50.600922 279.935697 32.443338 28.362220 -25.264680 -11.143262 -0.786258 62.644741 -10.479419 5.906108 299.666357
0.143447 0.025668 0.402341 -17.549180 50.350513 -309.550243 -0.000000 -0.000000 -0.000000 -0.000000 -0.000000 -0.000000 -0.000000 -0.000000 -0.000000 17.289735 -9.169258 335.603991 0.000000 -0.000000 0.000000 -33.724272 -39.364088 307.112789 -3.056056 -14.049705 14.542852 1.314198 -14.370254 15.929082 16.684127 20.024743 -39.681243 -43.130123 -45.510036 301.000129 354.823834 -6.262462 -349.598732 -1.816012 -2.276745 16.733189 16.752868 9.440912 -33.265259 -94.292510 -60.163167 255.494022 -10.170257 59.308467 0.768376 3.069404 9.237667 46.160239 -22.700474 -19.273979 311.783408 -71.498318 -51.704147 284.950978 32.458065 23.668719 -25.783986 -12.751793 2.699267 63.412359 -11.264214 4.540379 298.830194
0.142734 0.025803 0.401407 -17.211215 50.470716 -311.473744 -0.000000 0.000000 -0.000000 -0.000000 0.000000 -0.000000 -0.000000 0.000000 -0.000000 16.899396 -8.732137 336.238768 -0.000000 0.000000 -0.000000 -32.791643 -39.962006 309.141850 -3.218259 -12.744108 15.461594 1.293490 -13.868833 15.401187 15.847971 18.109352 -39.726422 -42.492595 -46.879004 302.456632 354.890030 -6.099166 -349.892018 -1.890435 -2.029494 17.014858 16.735747 9.500322 -33.144924 -96.621364 -61.629866 252.861891 -14.041735 60.641866 4.603477 4.544662 9.134994 46.028438 -23.335885 -19.326593 311.800357 -68.835094 -52.890671 288.956684 31.930592 20.887621 -25.843711 -14.349752 5.738427 62.696559 -12.214403 1.993928 299.362999
0.142039 0.025988 0.400413 -16.820619 50.671726 -313.474442 0.000000 -0.000000 -0.000000 0.000000 -0.000000 -0.000000 0.000000 -0.000000 -0.000000 16.359067 -8.420457 336.893817 -0.000000 0.000000 -0.000000 -31.929537 -40.682119 311.132690 -3.327310 -11.708214 16.093915 1.281782 -13.494890 14.870831 15.159729 16.721211 -39.548793 -41.609306 -48.100241 304.209596 354.945230 -6.252694 -350.109444 -1.943168 -1.987053 16.682110 16.784082 9.925673 -32.650741 -99.224657 -63.085084 249.991461 -18.083943 61.750577 8.630064 6.058456 8.694540 45.908767 -23.721037 -19.074377 311.945682 -67.532473 -54.313269 291.082982 30.873618 20.686894 -25.463223 -14.815428 7.397567 60.717690 -12.857438 -0.529808 301.024748
0.141360 0.026201 0.399374 -16.355947 50.926996 -315.585132 -0.000000 -0.000000 0.000000 -0.000000 -0.000000 0.000000 -0.000000 -0.000000 0.000000 15.779408 -8.071130 337.586706 0.000000 -0.000000 0.000000 -31.119681 -41.477964 313.139129 -3.329738 -10.906077 16.391256 1.244724 -13.332855 14.388382 14.653988 15.891001 -39.183971 -40.489407 -49.221560 306.238789 354.919034 -6.429626 -350.072706 -2.093082 -2.751647 15.219046 17.043629 11.144503 -31.530721 -101.799687 -64.587783 247.277347 -21.542576 62.469676 12.092174 7.293085 7.791029 45.529623 -23.466659 -18.586776 312.523744 -67.680572 -56.071218 291.246392 29.269020 22.780253 -24.582625 -13.635738 7.233651 57.861108 -12.829999 -2.048344 303.440619
0.140715 0.026404 0.398340 -15.767745 51.190945 -317.881472 -0.000000 -0.000000 0.000000 -0.000000 -0.000000 0.000000 -0.000000 -0.000000 0.000000 15.258561 -7.451576 338.294814 0.000000 -0.000000 -0.000000 -30.302641 -42.301979 315.256260 -3.215455 -10.279627 16.386393 1.188796 -13.276101 14.027232 14.273879 15.427217 -38.705775 -39.200658 -50.358865 308.487984 354.776330 -6.351731 -349.728778 -2.455553 -4.489762 12.557541 17.501439 13.242594 -29.750931 -104.126825 -66.226177 245.019522 -23.878795 62.807142 14.438013 8.032268 6.329006 44.676323 -22.314892 -17.933360 313.739388 -68.763271 -58.084972 290.145917 27.219725 26.103731 -23.215096 -11.362279 5.718690 54.750848 -12.231442 -2.508208 306.138847
0.140133 0.026546 0.397388 -15.026168 51.426597 -320.380472 0.000000 -0.000000 0.000000 0.000000 -0.000000 0.000000 0.000000 -0.000000 0.000000 14.790381 -6.494303 338.965282 0.000000 0.000000 -0.000000 -29.430238 -43.128852 317.510213 -3.008068 -9.802994 16.122656 1.149848 -13.103136 13.940247 13.939869 15.055914 -38.230989 -37.771530 -51.534548 310.931587 354.552154 -6.001810 -349.194936 -3.085123 -6.860813 9.090428 18.007053 15.936013 -27.509930 -106.132873 -68.022525 243.307195 -25.068814 62.879069 15.629667 8.324471 4.541308 43.424133 -20.554884 -17.197910 315.422762 -70.178425 -60.205538 288.580920 24.915152 29.682884 -21.476986 -8.841378 3.786408 51.998740 -11.486367 -2.458758 308.585737
0.139650 0.026572 0.396597 -14.149280 51.626593 -323.009619 -0.000000 -0.000000 0.000000 -0.000000 -0.000000 0.000000 -0.000000 -0.000000 0.000000 14.286147 -5.364453 339.570079 0.000000 0.000000 0.000000 -28.456680 -43.935415 319.871100 -2.741770 -9.515994 15.590469 1.143846 -12.672892 14.276046 13.616523 14.625600 -37.847296 -36.202089 -52.647874 313.564786 354.335596 -5.597240 -348.683982 -3.875746 -9.209083 5.487636 18.357085 18.667085 -25.139987 -107.823195 -69.917703 242.078980 -25.476620 62.791247 16.026439 8.379143 2.903090 42.038715 -18.798814 -16.553925 317.176518 -71.783495 -62.336022 286.750754 22.513927 33.193583 -19.478268 -6.521053 2.006782 49.958884 -10.903665 -2.329623 310.383642
0.139307 0.026435 0.396040 -13.184221 51.806393 -325.651458 -0.000000 0.000000 -0.000000 -0.000000 0.000000 -0.000000 -0.000000 0.000000 -0.000000 13.658451 -4.335045 340.135356 0.000000 0.000000 0.000000 -27.319595 -44.651297 322.326129 -2.427421 -9.581276 14.676204 1.152112 -11.980946 15.059116 13.314723 14.212133 -37.495006 -34.543230 -53.582912 316.327022 354.219243 -5.370653 -348.396211 -4.520420 -10.802304 2.586009 18.377528 20.698513 -23.058887 -109.129111 -71.825098 241.333040 -25.410700 62.561390 15.944386 8.251977 1.732459 40.683201 -17.340813 -16.229032 318.754453 -74.039919 -64.429288 284.117295 20.087824 36.855431 -17.238127 -4.525697 0.445994 48.790614 -10.561640 -2.269377 311.335674
0.139143 0.026103 0.395783 -12.159162 51.982866 -328.218099 -0.000000 -0.000000 -0.000000 -0.000000 -0.000000 -0.000000 -0.000000 -0.000000 -0.000000 12.862732 -3.626309 340.713330 0.000000 0.000000 0.000000 -25.976927 -45.164576 324.891757 -2.038403 -10.340777 13.164543 1.161705 -11.021596 16.154963 13.056619 14.085080 -36.909023 -32.890694 -54.292747 319.103420 354.245771 -5.391427 -348.424749 -4.680685 -11.169133 1.059582 17.995894 21.419833 -21.617587 -109.901470 -73.679177 241.203470 -24.909107 62.165315 15.429972 7.902212 1.124656 39.414957 -16.189714 -16.319286 320.088665 -77.630749 -66.415192 279.922331 17.559368 41.085686 -14.662191 -2.837773 -1.091857 48.458795 -10.433787 -2.345213 311.443325
0.139202 0.025579 0.395891 -11.069007 52.158347 -330.677072 0.000000 0.000000 0.000000 0.000000 0.000000 0.000000 0.000000 0.000000 0.000000 11.904176 -3.314700 341.334478 0.000000 -0.000000 0.000000 -24.485645 -45.399809 327.533750 -1.558793 -12.211519 10.883417 1.195256 -9.682902 17.268794 12.836824 14.571173 -35.693057 -31.322744 -54.788602 321.787858 354.391762 -5.539318 -348.718338 -4.289003 -10.379430 0.868251 17.226397 20.775588 -20.790415 -110.016330 -75.439399 241.858338 -23.939081 61.636743 14.441685 7.380996 0.989044 38.227600 -15.294271 -16.734495 321.237895 -82.843367 -68.151531 273.921563 14.629147 46.115139 -11.529336 -1.222768 -2.939154 48.692275 -10.477625 -2.499119 310.976019
0.139520 0.024895 0.396416 -9.901902 52.311236 -333.022394 -0.000000 -0.000000 0.000000 -0.000000 -0.000000 0.000000 -0.000000 -0.000000 0.000000 10.841808 -3.310042 341.980940 -0.000000 -0.000000 -0.000000 -23.030301 -45.387120 330.103219 -1.061180 -15.321247 7.936486 1.269127 -7.873438 17.980324 12.587288 15.838795 -33.538305 -29.884281 -55.099100 324.308947 354.602025 -5.603071 -349.143187 -3.581076 -8.957635 1.307399 16.141938 19.268444 -20.189573 -109.281186 -77.082259 243.530740 -22.636454 61.068494 13.088054 6.802347 1.083072 37.027528 -14.537330 -17.335325 322.364924 -89.186131 -69.490806 266.776654 10.924058 51.670706 -7.596314 0.645368 -5.377364 49.133673 -10.617850 -2.469495 310.379289
0.140120 0.024109 0.397380 -8.663070 52.394946 -335.240287 0.000000 0.000000 0.000000 0.000000 0.000000 0.000000 0.000000 0.000000 0.000000 9.769495 -3.407573 342.598766 0.000000 0.000000 0.000000 -21.844017 -45.259747 332.376518 -0.674291 -19.241371 4.702742 1.341049 -5.692029 18.033137 12.209376 17.736171 -30.507489 -28.604344 -55.240229 326.620748 354.836532 -5.418137 -349.590870 -2.845820 -7.516506 1.738715 14.910302 17.515435 -19.515171 -107.237715 -78.586387 246.661843 -21.262828 60.545311 11.608122 6.382895 1.165177 35.798130 -13.903948 -17.945730 323.544592 -95.494434 -70.413538 259.883347 6.415072 57.021346 -2.921917 2.798817 -8.394874 49.582423 -10.706677 -2.013887 309.984487
0.140996 0.023286 0.398763 -7.390040 52.358699 -337.276137 -0.000000 -0.000000 -0.000000 -0.000000 -0.000000 -0.000000 -0.000000 -0.000000 -0.000000 8.779807 -3.419017 343.142844 0.000000 -0.000000 0.000000 -21.088729 -45.188519 334.142098 -0.473217 -23.371066 1.524741 1.358780 -3.268161 17.670900 11.697603 19.912812 -27.100822 -27.516938 -55.196440 328.672558 355.084323 -4.942348 -350.019798 -2.276169 -6.484278 2.019227 13.769595 15.925636 -18.819194 -103.373128 -79.883992 251.676481 -19.952444 60.108890 10.153267 6.516819 0.964351 34.622238 -13.569481 -18.135144 324.788546 -100.435707 -71.060632 254.790855 1.856135 61.372067 1.712719 4.945858 -11.726561 50.029599 -10.563171 -1.036077 309.864938
0.142107 0.022494 0.400490 -6.161824 52.186982 -339.032877 -0.000000 0.000000 -0.000000 -0.000000 0.000000 -0.000000 -0.000000 0.000000 -0.000000 7.942196 -3.296041 343.629099 0.000000 -0.000000 0.000000 -20.796603 -45.308288 335.273416 -0.488192 -27.399377 -1.434283 1.318141 -0.635034 17.366088 11.174114 22.117118 -23.921138 -26.666236 -54.943683 330.396112 355.346286 -4.241918 -350.417248 -1.970301 -6.070501 2.250422 12.915267 14.717242 -18.291847 -97.829704 -80.859344 258.281177 -18.537459 59.705227 8.634575 7.567400 0.118082 33.412821 -13.652629 -17.229773 326.348181 -103.066737 -71.623700 252.563127 -1.250269 64.242514 4.806517 6.832578 -15.011089 50.534298 -10.129636 0.488817 309.941494
0.143390 0.021780 0.402438 -5.067411 51.919754 -340.447528 0.000000 -0.000000 -0.000000 0.000000 -0.000000 -0.000000 0.000000 -0.000000 -0.000000 7.287334 -3.119757 344.125347 -0.000000 0.000000 -0.000000 -20.893656 -45.679875 335.787018 -0.720679 -31.099440 -4.018818 1.244724 2.062467 17.307445 10.758986 24.216231 -21.337746 -26.065195 -54.512625 331.763718 355.620524 -3.446855 -350.777075 -1.933073 -6.278477 2.437535 12.402246 13.992379 -17.963265 -91.627502 -81.463961 265.283936 -16.690701 59.086200 6.842589 9.380244 -1.535394 31.747366 -13.931926 -14.906906 328.766169 -103.193251 -72.209246 253.333279 -1.803707 65.618113 5.272861 8.403966 -17.786392 51.012787 -9.625844 2.344607 310.202646
0.144789 0.021171 0.404472 -4.141313 51.624701 -341.567179 0.000000 0.000000 0.000000 0.000000 0.000000 0.000000 0.000000 0.000000 0.000000 6.787336 -2.973431 344.660112 -0.000000 0.000000 0.000000 -21.243272 -46.270445 335.857305 -1.058711 -34.000584 -5.977028 1.168427 4.425152 17.447758 10.509193 25.996259 -19.546336 -25.655158 -54.008461 332.840766 355.898330 -2.699248 -351.112583 -2.077152 -6.883283 2.519975 12.139925 13.694807 -17.709195 -85.606803 -81.774811 271.735515 -14.279823 57.843530 4.741163 10.883433 -3.470650 29.033950 -13.851513 -11.944204 332.403891 -101.436360 -72.800442 256.248881 -0.378260 65.913946 3.710778 9.565488 -19.576018 51.044386 -9.424507 3.842144 310.842092
0.146277 0.020682 0.406488 -3.334004 51.348159 -342.524050 0.000000 -0.000000 -0.000000 0.000000 -0.000000 -0.000000 0.000000 -0.000000 -0.000000 6.362480 -2.853102 345.169844 -0.000000 0.000000 0.000000 -21.669234 -46.951020 335.754689 -1.353144 -35.883780 -7.240454 1.122061 6.234206 17.895849 10.476780 27.236922 -18.698957 -25.335008 -53.536023 333.749443 356.166009 -2.104723 -351.452859 -2.264230 -7.505289 2.556831 11.968075 13.584350 -17.445300 -79.624587 -81.892207 277.802568 -11.545469 55.691487 2.596361 10.853034 -4.772458 25.037348 -12.943005 -9.567861 336.991302 -98.832454 -73.340905 260.041599 1.576068 65.739432 1.600297 10.158888 -20.182172 50.214231 -9.735804 4.280538 312.022545
0.147845 0.020323 0.408418 -2.566846 51.103035 -343.440901 -0.000000 -0.000000 -0.000000 -0.000000 -0.000000 -0.000000 -0.000000 -0.000000 -0.000000 5.935119 -2.696527 345.562538 -0.000000 -0.000000 -0.000000 -22.000666 -47.553565 335.735164 -1.527393 -36.779354 -7.778260 1.146898 7.316095 18.598316 10.693964 27.931851 -18.787006 -25.023920 -53.120985 334.600005 356.423745 -1.738970 -351.837952 -2.373452 -7.790689 2.739908 11.756717 13.362711 -17.215386 -73.389561 -81.868673 283.907995 -8.924967 52.751104 0.787401 8.992735 -5.021821 20.111612 -11.064275 -8.215505 341.985601 -96.201481 -73.815526 263.796165 3.240484 65.514743 -0.220633 10.305053 -19.717398 48.671959 -10.562652 3.584029 313.559374
0.149483 0.020100 0.410220 -1.850454 50.910784 -344.333808 0.000000 -0.000000 0.000000 0.000000 -0.000000 0.000000 0.000000 -0.000000 0.000000 5.505005 -2.465011 345.795616 -0.000000 -0.000000 -0.000000 -22.164470 -47.943875 335.940268 -1.474716 -36.434669 -7.341500 1.282075 7.110139 19.005862 11.098467 28.249020 -19.528417 -24.693560 -52.749824 335.432821 356.705452 -1.671989 -352.331835 -2.369468 -7.571077 3.258860 11.473450 12.872621 -17.123965 -67.702777 -81.779650 289.337813 -6.860373 49.561114 -0.361176 5.795574 -4.298293 14.785296 -8.328802 -7.762710 347.058706 -93.949113 -74.242262 267.085449 4.552606 65.327590 -1.685900 10.331712 -18.441943 46.940496 -11.803630 2.177821 315.076748
0.151177 0.019988 0.411885 -1.341079 50.833504 -345.090216 -0.000000 0.000000 0.000000 -0.000000 0.000000 0.000000 -0.000000 0.000000 0.000000 5.176411 -2.191577 345.899784 -0.000000 0.000000 -0.000000 -22.208359 -48.033328 336.390589 -1.211525 -35.155694 -6.312562 1.464713 5.767438 18.994944 11.558944 28.266593 -20.572300 -24.347425 -52.464067 336.206841 357.062444 -1.927860 -353.001763 -2.328460 -6.951414 4.148709 11.186860 12.217267 -17.216076 -64.453799 -81.832413 292.119383 -5.695233 46.854616 -0.628694 2.145290 -2.854299 9.486462 -5.129599 -7.979736 352.077270 -92.399834 -74.644831 269.504579 5.634142 65.150879 -2.915334 10.399351 -16.859855 45.449537 -13.135131 0.616367 316.285335
0.152924 0.019923 0.413449 -1.221906 50.928183 -345.587020 -0.000000 0.000000 -0.000000 -0.000000 0.000000 -0.000000 -0.000000 0.000000 -0.000000 5.078828 -1.969049 345.992533 -0.000000 -0.000000 0.000000 -22.175441 -47.791288 337.073615 -0.876615 -33.921596 -5.526742 1.609758 4.283372 19.031046 11.986805 27.941860 -21.757925 -23.974295 -52.339136 336.887305 357.518301 -2.454673 -353.853104 -2.374436 -6.268664 5.205607 11.011808 11.709854 -17.401233 -65.622997 -82.287749 290.131973 -5.543603 45.260728 0.003447 -0.785044 -1.489122 4.080737 -2.205289 -8.185527 357.381630 -91.873919 -75.061442 270.623524 6.554115 64.978107 -3.974734 10.340974 -15.622416 44.330932 -14.000402 -0.672231 317.103987
0.154757 0.019812 0.414986 -1.511348 51.171062 -345.855254 0.000000 0.000000 0.000000 0.000000 0.000000 0.000000 0.000000 0.000000 0.000000 5.240535 -1.887280 346.264470 -0.000000 0.000000 -0.000000 -22.016588 -47.296702 338.001783 -0.537085 -33.200111 -5.202531 1.706924 2.978247 19.009463 12.313723 27.554423 -22.763291 -23.521210 -52.370154 337.559034 358.042062 -3.214580 -354.804775 -2.560776 -5.834879 6.088441 11.025650 11.653906 -17.500313 -72.935610 -83.179586 281.687035 -6.212342 45.030757 1.273104 -2.484559 -0.948566 -2.274007 0.001591 -7.836469 363.765689 -92.235924 -75.553052 270.593054 7.420974 64.719685 -4.982419 9.867111 -14.938508 43.392292 -14.063538 -1.666386 317.678920
0.156743 0.019566 0.416587 -2.036216 51.469057 -346.085582 -0.000000 0.000000 0.000000 -0.000000 0.000000 0.000000 -0.000000 0.000000 0.000000 5.564614 -1.977755 346.883737 0.000000 0.000000 -0.000000 -21.699254 -46.746146 339.155759 -0.249961 -33.092218 -5.247270 1.746658 1.738219 18.311952 12.420317 27.683869 -22.920508 -22.904788 -52.457037 338.402178 358.553968 -4.262144 -355.727977 -2.829317 -5.691766 6.510577 11.209564 12.148611 -17.349454 -87.961166 -84.168485 265.456235 -7.316671 45.988592 2.750999 -3.191936 -0.838006 -9.493132 1.454226 -7.447949 371.053706 -92.763566 -76.187185 270.305309 8.377915 64.201978 -6.108151 8.877429 -14.236570 42.244897 -13.621934 -2.846010 318.287692
0.158961 0.019137 0.418314 -2.607659 51.747543 -346.438004 0.000000 0.000000 -0.000000 0.000000 0.000000 -0.000000 0.000000 0.000000 -0.000000 5.938250 -2.219623 347.882064 -0.000000 0.000000 0.000000 -21.297617 -46.383053 340.405181 -0.053467 -33.563928 -5.591663 1.719740 0.816220 16.822327 12.219798 28.409439 -21.984758 -22.069104 -52.517683 339.518100 358.946880 -5.631628 -356.471516 -3.076740 -5.697024 6.280228 11.463109 13.107831 -16.831671 -110.272873 -84.710108 242.123542 -8.529096 47.784558 4.078179 -2.845774 -0.570578 -15.797695 1.958577 -7.846594 377.478731 -92.796705 -76.987196 270.580548 9.410489 63.410861 -7.359928 7.509579 -12.807973 40.630851 -13.230039 -4.775887 319.129939
0.161460 0.018540 0.420170 -3.169342 51.989554 -346.889864 -0.000000 -0.000000 0.000000 -0.000000 -0.000000 0.000000 -0.000000 -0.000000 0.000000 6.327224 -2.556047 349.125494 0.000000 -0.000000 0.000000 -20.875534 -46.354624 341.573703 0.122623 -34.012190 -5.892246 1.630813 0.109366 14.865780 11.776133 29.329660 -20.406034 -21.043526 -52.566215 340.815286 359.124570 -7.177633 -356.875869 -3.223048 -5.738404 5.298128 11.668625 14.351087 -15.916197 -133.841383 -84.461494 217.853846 -9.735560 50.141378 5.113313 -1.438428 -0.702680 -19.352387 1.326711 -8.784176 381.187851 -92.402102 -77.884060 271.348781 10.255904 62.646172 -8.471929 6.110440 -10.584018 38.733248 -13.181381 -7.525791 320.116655
0.164232 0.017837 0.422103 -3.766457 52.199918 -347.297163 -0.000000 -0.000000 0.000000 -0.000000 -0.000000 0.000000 -0.000000 -0.000000 0.000000 6.752607 -2.872670 350.366986 0.000000 0.000000 -0.000000 -20.367703 -46.597939 342.590177 0.342715 -33.975306 -5.932978 1.472999 -0.944397 12.787614 11.285383 30.389285 -18.687745 -19.916900 -52.691211 342.095284 359.043959 -8.624789 -356.839659 -3.223199 -5.720911 3.725900 11.758612 15.599820 -14.784119 -151.792831 -83.588781 199.522543 -10.993614 52.841399 5.929449 0.344603 -2.124420 -19.759287 -0.149785 -9.151858 381.751394 -92.137600 -78.761398 271.909380 10.552305 62.280264 -9.059742 4.964179 -8.180429 36.925477 -13.304203 -10.640756 321.021466
0.167254 0.017101 0.424057 -4.442757 52.370457 -347.537135 -0.000000 -0.000000 -0.000000 -0.000000 -0.000000 -0.000000 -0.000000 -0.000000 -0.000000 7.221934 -3.012912 351.341970 -0.000000 -0.000000 -0.000000 -19.672188 -46.921863 343.489283 0.514226 -33.859342 -6.018355 1.260090 -2.380821 11.079367 10.949723 31.807526 -17.171250 -18.771298 -52.992081 343.196887 358.729436 -9.741940 -356.387455 -3.068033 -5.532797 2.044931 11.771120 16.556630 -13.827784 -163.278000 -82.473019 187.868695 -12.430291 55.618857 6.752995 1.748962 -4.853024 -17.823239 -1.710465 -8.300770 380.000091 -92.032321 -79.533459 272.090249 10.005578 62.348258 -8.817563 4.078966 -6.258051 35.411342 -13.183224 -13.580597 321.743320
0.170519 0.016390 0.426003 -5.170183 52.468701 -347.579555 0.000000 -0.000000 0.000000 0.000000 -0.000000 0.000000 0.000000 -0.000000 0.000000 7.704082 -2.860218 351.892745 -0.000000 -0.000000 -0.000000 -18.790040 -47.224460 344.264673 0.597123 -33.794115 -6.193673 1.058623 -3.908117 10.132051 10.884140 33.324102 -16.245419 -17.693783 -53.495868 344.041376 358.268741 -10.418056 -355.668312 -2.817376 -5.190594 0.779909 11.840353 17.114501 -13.419950 -170.135643 -81.412991 180.923135 -14.143449 58.156592 7.820888 2.555872 -8.127645 -14.938098 -2.675438 -6.568553 377.294745 -91.027965 -80.158718 272.933236 8.517593 62.484807 -7.668473 3.430436 -5.058467 34.300085 -12.626194 -15.939202 322.256958
0.174035 0.015743 0.427923 -5.823527 52.441500 -347.502943 0.000000 -0.000000 -0.000000 0.000000 -0.000000 -0.000000 0.000000 -0.000000 -0.000000 8.137589 -2.380725 352.031541 0.000000 -0.000000 -0.000000 -17.815418 -47.582910 344.823705 0.668773 -33.296792 -6.095424 0.948266 -5.238297 10.066599 11.101826 34.279049 -16.224069 -16.824212 -54.106929 344.618072 357.795979 -10.658692 -354.908783 -2.590693 -4.849231 0.243146 12.098192 17.377173 -13.719086 -174.028761 -80.672483 177.016650 -15.997854 60.131628 9.096212 2.881976 -10.946017 -12.506798 -2.797007 -4.852608 374.921968 -87.635946 -80.608224 276.076657 6.323657 62.255925 -5.891181 2.966962 -4.554250 33.575037 -11.592760 -17.529945 322.612021
0.177783 0.015204 0.429787 -6.262210 52.267009 -347.442397 0.000000 0.000000 -0.000000 0.000000 0.000000 -0.000000 0.000000 0.000000 -0.000000 8.465456 -1.606952 351.883775 -0.000000 -0.000000 -0.000000 -16.842800 -48.163145 345.088042 0.813692 -31.753633 -5.324400 0.915266 -6.452437 10.566681 11.486577 34.351216 -16.985565 -16.289230 -54.692391 344.974186 357.435529 -10.569506 -354.326350 -2.479150 -4.619363 0.473542 12.571999 17.486427 -14.630727 -176.240252 -80.473514 174.963758 -17.545324 61.248106 10.176367 2.817017 -12.362210 -11.298428 -2.136737 -4.029875 373.551599 -81.001937 -80.821699 282.585054 3.911065 61.402980 -4.013142 2.641483 -4.465785 33.095115 -10.207010 -18.478817 322.908722
0.181695 0.014825 0.431528 -6.489423 52.024765 -347.448271 -0.000000 0.000000 -0.000000 -0.000000 0.000000 -0.000000 -0.000000 0.000000 -0.000000 8.697340 -0.655221 351.603089 0.000000 -0.000000 0.000000 -15.940829 -49.120923 345.031957 1.007431 -28.930554 -3.807420 0.859101 -7.767321 11.018357 11.779316 33.683451 -17.939626 -16.089925 -55.221406 345.168092 357.239640 -10.310224 -354.028957 -2.496530 -4.510138 1.224307 13.168733 17.555624 -15.833585 -177.620179 -80.836001 173.917194 -18.374154 61.289673 10.682849 2.341017 -11.726956 -11.191497 -0.780624 -4.574545 373.062225 -71.568999 -80.688867 292.090864 1.683790 59.800325 -2.460159 2.247900 -4.255462 32.528573 -8.559963 -19.300277 323.375997
0.185644 0.014643 0.433066 -6.674849 51.874665 -347.424410 -0.000000 -0.000000 -0.000000 -0.000000 -0.000000 -0.000000 -0.000000 -0.000000 -0.000000 8.916901 0.258875 351.329747 -0.000000 -0.000000 0.000000 -15.173374 -50.526655 344.652322 1.144341 -25.066208 -1.805664 0.708297 -9.081691 10.955333 11.714065 32.421052 -18.481277 -16.135898 -55.756307 345.206223 357.197729 -10.032701 -354.009734 -2.612822 -4.509550 2.110020 13.757007 17.680964 -16.946821 -178.480241 -81.537419 173.413296 -18.458945 60.200852 10.617123 1.495960 -8.846667 -11.515314 1.170587 -6.539433 372.929639 -61.430950 -80.148912 302.366548 -0.252515 57.508129 -1.319821 1.588675 -3.460029 31.633723 -6.714885 -20.480572 324.207445
0.189490 0.014665 0.434342 -6.988372 51.941223 -347.254425 0.000000 0.000000 -0.000000 0.000000 0.000000 -0.000000 0.000000 0.000000 -0.000000 9.196191 0.904842 351.168465 0.000000 0.000000 0.000000 -14.570168 -52.228462 344.041390 1.142171 -20.853333 0.219295 0.509204 -9.913192 10.471270 11.227032 30.524311 -18.482077 -16.351534 -56.334579 345.072150 357.288469 -9.819124 -354.216633 -2.789710 -4.617740 2.866367 14.247923 17.889676 -17.757362 -178.862553 -82.298120 173.279299 -18.041789 58.184950 10.200555 0.446419 -4.225767 -11.604914 3.453251 -9.536180 372.723136 -53.149370 -79.378572 310.663555 -1.993034 54.957607 -0.417472 0.799535 -2.139654 30.541824 -4.879103 -22.002953 325.316485
0.193136 0.014850 0.435366 -7.449491 52.227751 -346.950925 -0.000000 0.000000 0.000000 -0.000000 0.000000 0.000000 -0.000000 0.000000 0.000000 9.513779 1.174408 351.148283 -0.000000 0.000000 0.000000 -14.077671 -53.821677 343.469069 1.027163 -17.266772 1.768258 0.367271 -9.918102 10.045073 10.514944 28.164387 -18.234728 -16.670748 -56.926166 344.819973 357.487193 -9.661352 -354.581272 -2.992727 -4.833569 3.379679 14.593648 18.147877 -18.207212 -179.012458 -82.981124 173.301109 -17.373943 55.691940 9.599375 -0.649777 0.815932 -11.256558 5.687246 -12.648264 372.355781 -47.656132 -78.701789 316.012311 -3.592573 52.767166 0.412375 -0.012254 -0.889658 29.272703 -2.990422 -23.544280 326.706053
0.196555 0.015130 0.436204 -7.923147 52.631374 -346.656939 0.000000 -0.000000 0.000000 0.000000 -0.000000 0.000000 0.000000 -0.000000 0.000000 9.766963 1.128816 351.205057 0.000000 -0.000000 -0.000000 -13.613960 -54.908989 343.230144 0.909519 -15.003304 2.561064 0.310845 -9.271824 9.959723 9.833053 25.875541 -17.990138 -16.997342 -57.440848 344.585792 357.757309 -9.577778 -355.051065 -3.208911 -5.132481 3.570295 14.768399 18.473393 -18.233514 -179.434578 -83.627424 173.127565 -16.607486 53.227684 8.856367 -1.680557 5.003259 -10.705384 7.611151 -15.061465 371.984332 -44.299090 -78.279365 319.183573 -4.944894 51.243358 1.145591 -0.699155 -0.271673 27.564210 -0.922495 -24.630240 328.636480
0.199741 0.015441 0.436913 -8.237169 53.025390 -346.529452 0.000000 -0.000000 -0.000000 0.000000 -0.000000 -0.000000 0.000000 -0.000000 -0.000000 9.866210 0.910750 351.276813 -0.000000 -0.000000 0.000000 -13.185851 -55.402002 343.387402 0.867496 -14.009629 2.698243 0.293868 -8.405273 10.113767 9.295379 24.077595 -17.774685 -17.250312 -57.742917 344.506042 358.079148 -9.704840 -355.644915 -3.464643 -5.483671 3.430567 14.800757 18.970477 -17.797865 -180.620428 -84.326363 172.422512 -15.786449 51.200283 7.930078 -2.601838 8.093642 -10.126170 9.223465 -16.865274 371.696351 -42.196979 -78.084529 321.166537 -5.825675 50.231883 1.610888 -0.788564 -0.411527 25.276525 0.914736 -24.672385 331.216639
0.202661 0.015757 0.437498 -8.343527 53.346280 -346.614454 -0.000000 0.000000 0.000000 -0.000000 0.000000 0.000000 -0.000000 0.000000 0.000000 9.826747 0.629935 351.404946 0.000000 0.000000 0.000000 -12.859857 -55.502338 343.786591 0.908969 -13.709299 2.507458 0.279871 -7.649985 10.311741 8.903154 22.794488 -17.587937 -17.407909 -57.774954 344.632046 358.455534 -10.109531 -356.391713 -3.812953 -5.947298 3.038581 14.780646 19.747141 -16.988827 -183.011515 -85.057294 170.775963 -14.962105 49.915156 6.835077 -3.388845 10.286533 -9.383408 10.536102 -18.504852 371.319532 -41.052264 -78.123487 322.212292 -6.043016 49.479232 1.687529 -0.158177 -1.035883 22.656697 1.988816 -23.549077 334.130196
0.205259 0.016080 0.437926 -8.382271 53.618897 -346.796829 0.000000 0.000000 0.000000 0.000000 0.000000 0.000000 0.000000 0.000000 0.000000 9.769508 0.321835 351.673297 0.000000 0.000000 -0.000000 -12.664453 -55.477455 344.235559 1.020154 -13.601568 2.259777 0.263652 -7.169799 10.495163 8.659138 21.904864 -17.525876 -17.473599 -57.669058 344.896186 358.863706 -10.612298 -357.204296 -4.279563 -6.665953 2.383576 14.766993 20.836454 -15.915012 -186.772616 -85.665674 167.854570 -14.327933 49.527988 5.797922 -3.840297 11.366637 -8.271195 11.281180 -19.935841 370.498667 -40.900767 -78.455603 322.105953 -5.556460 48.846306 1.398518 0.566871 -1.688069 20.277988 2.275680 -21.851829 336.758983
0.207502 0.016417 0.438173 -8.548681 53.894221 -346.882069 -0.000000 -0.000000 0.000000 -0.000000 -0.000000 0.000000 -0.000000 -0.000000 0.000000 9.816210 -0.035517 352.077737 0.000000 0.000000 -0.000000 -12.599824 -55.535584 344.552790 1.177617 -13.538964 2.066502 0.260287 -6.927071 10.740825 8.587430 21.347491 -17.703170 -17.446829 -57.606384 345.158527 359.239136 -10.983641 -357.906832 -4.811563 -7.643426 1.365258 14.712707 22.129028 -14.610975 -190.915873 -85.993752 164.370803 -14.154019 49.949227 5.182959 -3.720300 11.033758 -6.767628 11.186175 -20.775698 369.007306 -41.508429 -78.999318 320.936329 -4.456466 48.154673 0.806915 0.993558 -2.108601 18.768159 1.836674 -20.051015 338.465631
0.209405 0.016765 0.438249 -8.885446 54.164657 -346.767813 0.000000 -0.000000 -0.000000 0.000000 -0.000000 -0.000000 0.000000 -0.000000 -0.000000 9.978461 -0.464199 352.514673 0.000000 -0.000000 -0.000000 -12.675123 -55.802451 344.578309 1.325024 -13.567064 1.971870 0.291784 -6.746826 11.170073 8.710722 21.111034 -18.193093 -17.355706 -57.599796 345.308160 359.515988 -11.171129 -358.356999 -5.283782 -8.636351 0.104802 14.557267 23.322021 -13.245024 -193.525033 -86.023971 162.090458 -14.549732 50.905549 5.190243 -3.170960 9.706280 -5.049598 10.519371 -21.051729 367.069872 -42.255539 -79.511869 319.349673 -2.937586 47.228329 -0.001048 0.993892 -2.452368 18.302236 0.998627 -18.185458 339.092059
0.211033 0.017116 0.438187 -9.237653 54.353517 -346.533713 -0.000000 0.000000 0.000000 -0.000000 0.000000 0.000000 -0.000000 0.000000 0.000000 10.154067 -0.907887 352.842551 -0.000000 0.000000 -0.000000 -12.928519 -56.242297 344.264986 1.420352 -13.766298 1.967674 0.367508 -6.578655 11.857334 9.060508 21.274069 -19.017520 -17.263007 -57.529854 345.332099 359.657322 -11.181555 -358.472898 -5.561626 -9.375489 -0.958263 14.368557 24.027094 -12.270515 -193.973037 -85.899560 161.739669 -15.296824 52.080317 5.633354 -2.601798 8.178731 -3.398317 9.820853 -21.120257 365.172907 -42.773924 -79.836786 317.842659 -1.356096 46.299568 -0.752278 0.383323 -3.048461 18.547860 0.392478 -16.335274 338.969913
0.212463 0.017477 0.438013 -9.419794 54.390577 -346.344301 0.000000 -0.000000 0.000000 0.000000 -0.000000 0.000000 0.000000 -0.000000 0.000000 10.227650 -1.254123 352.951556 -0.000000 0.000000 0.000000 -13.428673 -56.600056 343.741125 1.511605 -14.347989 1.884020 0.484240 -6.520770 12.754285 9.653161 21.995004 -20.078119 -17.203056 -57.335500 345.297371 359.652857 -10.973318 -358.231370 -5.570902 -9.743001 -1.427316 14.272157 24.013289 -12.094976 -193.323416 -85.803511 162.475564 -15.937255 53.147829 6.044444 -2.072478 6.601620 -2.038020 9.093151 -20.818675 363.555030 -43.505767 -80.051776 316.036762 -0.151587 46.053398 -1.031932 -0.441275 -4.011370 19.065220 -0.026620 -14.792187 338.510700
0.213736 0.017867 0.437725 -9.382208 54.281192 -346.303472 -0.000000 0.000000 -0.000000 -0.000000 0.000000 -0.000000 -0.000000 0.000000 -0.000000 10.157591 -1.445496 352.824407 0.000000 -0.000000 0.000000 -14.177388 -56.566052 343.261159 1.684370 -15.640609 1.451931 0.642614 -6.561138 13.666283 10.420816 23.325078 -21.114375 -17.136130 -57.075095 345.298080 359.516406 -10.598985 -357.716248 -5.317750 -9.686558 -1.235709 14.278137 23.320341 -12.700924 -192.835895 -85.812262 163.169204 -16.069009 53.784283 6.016719 -1.172948 4.399264 -1.029497 7.805146 -19.308704 362.134963 -45.215867 -80.344985 313.140971 0.339860 47.040120 -0.539175 -0.810186 -5.195407 19.283740 -0.698469 -13.828766 338.284378
0.214844 0.018316 0.437295 -9.196194 54.092314 -346.438372 -0.000000 -0.000000 0.000000 -0.000000 -0.000000 0.000000 -0.000000 -0.000000 0.000000 9.976358 -1.483010 352.542113 0.000000 0.000000 -0.000000 -15.016896 -56.051013 343.074976 1.931925 -17.754058 0.569976 0.837614 -6.519646 14.341734 11.202353 25.068350 -21.834457 -16.976379 -56.852955 345.431244 359.289365 -10.231497 -357.095661 -4.876325 -9.196793 -0.544070 14.315505 22.184070 -13.776450 -193.496703 -85.878369 162.824532 -15.608930 53.790307 5.469680 0.410126 1.142989 -0.259021 5.676029 -15.991622 360.834877 -48.285230 -80.832619 308.762515 -0.030700 49.192518 0.793529 -0.480817 -6.395100 18.814482 -1.752074 -13.487803 338.727081
0.215762 0.018850 0.436684 -8.941431 53.888442 -346.757003 -0.000000 -0.000000 0.000000 -0.000000 -0.000000 0.000000 -0.000000 -0.000000 0.000000 9.747230 -1.336037 352.234675 -0.000000 0.000000 -0.000000 -15.737324 -55.223568 343.296407 2.158086 -20.382054 -0.584310 1.047223 -6.156113 14.664685 11.817521 26.767031 -22.142829 -16.660845 -56.748104 345.774987 359.029441 -9.973620 -356.515065 -4.370963 -8.416232 0.437464 14.361231 20.909716 -15.034178 -196.078086 -85.925342 160.613237 -14.783092 53.216801 4.613354 2.674168 -2.599024 0.663562 2.854173 -11.513924 359.560719 -52.678091 -81.509471 302.997313 -1.237984 51.968182 2.857318 0.423964 -7.320424 17.841645 -3.120462 -13.718509 339.708392
0.216493 0.019488 0.435867 -8.652695 53.701596 -347.250137 -0.000000 0.000000 0.000000 -0.000000 0.000000 0.000000 -0.000000 0.000000 0.000000 9.522939 -0.974001 352.019215 -0.000000 -0.000000 0.000000 -16.251270 -54.329848 343.856044 2.291778 -23.012242 -1.705768 1.259507 -5.165929 14.788422 12.144755 27.768176 -22.233392 -16.198929 -56.777742 346.340370 358.788267 -9.812210 -356.050790 -3.914996 -7.566699 1.507747 14.426102 19.743260 -16.275158 -200.516816 -85.867327 156.562953 -13.922681 52.369499 3.741646 5.493390 -6.129351 2.111506 -0.374641 -6.831910 358.155407 -58.057692 -82.273236 296.330094 -3.044784 54.735248 5.357385 1.847014 -7.704719 17.115956 -4.938229 -14.360591 340.506184
0.217073 0.020238 0.434823 -8.335235 53.551076 -347.861858 0.000000 0.000000 0.000000 0.000000 0.000000 0.000000 0.000000 0.000000 0.000000 9.315791 -0.485752 351.949162 -0.000000 -0.000000 0.000000 -16.612541 -53.588281 344.543715 2.336036 -25.198351 -2.540140 1.486430 -3.336884 15.017004 12.170913 27.563034 -22.429502 -15.664203 -56.891563 347.045192 358.591599 -9.746953 -355.726905 -3.549853 -6.763658 2.515805 14.492083 18.786521 -17.352272 -205.147272 -85.574355 152.322118 -13.340560 51.752626 3.120350 8.516012 -9.152587 4.003738 -3.501182 -2.594059 356.702955 -63.552589 -82.974174 289.870164 -4.899237 56.957239 7.698676 3.253649 -7.689390 16.957137 -6.733413 -15.061320 340.743994
0.217550 0.021111 0.433524 -7.987221 53.460468 -348.504222 0.000000 -0.000000 -0.000000 0.000000 -0.000000 -0.000000 0.000000 -0.000000 -0.000000 9.101558 -0.059004 351.996544 0.000000 -0.000000 0.000000 -16.919838 -53.168162 345.115959 2.336079 -26.684782 -2.970753 1.725909 -0.873968 15.516610 11.987191 26.232610 -22.905507 -15.144951 -57.015452 347.753733 358.430615 -9.814020 -355.516474 -3.271636 -6.034934 3.413565 14.549966 18.037592 -18.230309 -207.778252 -84.955384 150.082541 -13.262497 51.873352 2.929578 11.130569 -11.300624 5.696263 -5.907059 0.362527 355.614559 -68.019533 -83.513888 284.962442 -6.111232 58.266169 9.172059 4.019520 -7.736891 17.049077 -7.703187 -15.302281 340.711456
0.217962 0.022118 0.431937 -7.608436 53.444806 -349.099794 -0.000000 0.000000 -0.000000 -0.000000 0.000000 -0.000000 -0.000000 0.000000 -0.000000 8.854508 0.172626 352.080880 0.000000 -0.000000 0.000000 -17.247623 -53.123892 345.417858 2.329456 -27.462940 -3.020524 1.948333 1.742384 16.186925 11.695431 24.317597 -23.568370 -14.708906 -57.103481 348.343773 358.278523 -10.004073 -355.355088 -3.090176 -5.453674 4.238012 14.649547 17.492349 -19.001141 -208.154453 -84.103401 150.121483 -13.687077 52.760160 3.160431 12.890485 -11.968661 6.506908 -7.371474 1.172293 355.194368 -71.274479 -83.884030 281.758284 -6.462828 58.601352 9.591865 4.147228 -8.052369 17.069319 -7.681446 -14.824279 340.779911
0.218336 0.023259 0.430051 -7.198583 53.493809 -349.597484 -0.000000 -0.000000 -0.000000 -0.000000 -0.000000 -0.000000 -0.000000 -0.000000 -0.000000 8.564900 0.206570 352.099091 0.000000 -0.000000 0.000000 -17.628960 -53.352007 345.425248 2.316662 -27.710364 -2.771556 2.133268 4.217833 16.758379 11.307542 22.251394 -24.157778 -14.410585 -57.130554 348.730972 358.119386 -10.259510 -355.190427 -3.022060 -5.115045 5.024741 14.845046 17.158155 -19.758042 -207.649935 -83.342059 151.068438 -14.353426 53.677903 3.617953 13.850375 -11.251116 6.333407 -8.084944 0.287784 355.370569 -74.162849 -84.098245 279.182108 -6.385324 58.241643 9.457377 4.207612 -8.572082 16.989166 -7.240177 -13.698756 341.033192
0.218692 0.024506 0.427901 -6.743018 53.572782 -349.966901 -0.000000 -0.000000 0.000000 -0.000000 -0.000000 0.000000 -0.000000 -0.000000 0.000000 8.224690 0.113119 351.945876 -0.000000 0.000000 -0.000000 -18.058575 -53.679475 345.178557 2.276920 -27.576971 -2.280191 2.279564 6.424511 16.932171 10.777899 20.229142 -24.389062 -14.306343 -57.049429 348.852819 357.956481 -10.544301 -355.013833 -3.057183 -5.034602 5.747702 15.120070 17.014443 -20.479485 -207.222074 -83.071577 151.879504 -15.118515 53.687573 4.265755 14.374279 -9.959307 5.423502 -8.272921 -0.894098 355.982039 -76.659526 -84.128711 277.097693 -6.278179 57.510399 9.220342 4.551865 -9.309917 16.764329 -6.792607 -12.103675 341.522303
0.219057 0.025813 0.425561 -6.200357 53.630613 -350.200639 -0.000000 0.000000 -0.000000 -0.000000 0.000000 -0.000000 -0.000000 0.000000 -0.000000 7.824370 -0.033551 351.577291 -0.000000 0.000000 -0.000000 -18.522071 -53.999835 344.690961 2.199407 -27.067056 -1.607509 2.378124 8.132312 16.557958 10.123595 18.462841 -24.077805 -14.448866 -56.789553 348.662778 357.806488 -10.862384 -354.861373 -3.170809 -5.153599 6.336623 15.399840 17.030402 -21.037654 -206.757242 -83.505298 152.469821 -16.386992 52.504657 5.589919 14.735184 -8.787049 3.759209 -7.929610 -1.603469 357.142344 -77.122490 -83.919060 277.169768 -6.083023 56.472706 8.836141 4.952335 -10.391866 16.223769 -6.186743 -10.136816 342.360487
0.219460 0.027130 0.423125 -5.523393 53.616437 -350.315951 0.000000 -0.000000 -0.000000 0.000000 -0.000000 -0.000000 0.000000 -0.000000 -0.000000 7.371795 -0.169977 351.060952 -0.000000 0.000000 0.000000 -19.027456 -54.317144 343.929656 2.087876 -26.158372 -0.897900 2.389423 9.138479 15.796536 9.442348 17.183059 -23.238605 -14.871812 -56.313428 348.148869 357.698294 -11.202273 -354.800383 -3.339940 -5.384270 6.745087 15.597245 17.168137 -21.293189 -205.298280 -84.582686 153.571823 -18.674977 50.461769 8.150704 14.884368 -8.147014 0.940847 -6.801940 -1.765461 359.296276 -74.540105 -83.419370 280.481583 -5.596233 55.115666 8.109243 5.241202 -11.827597 15.442874 -5.423094 -7.845619 343.426578
0.219932 0.028417 0.420682 -4.707959 53.516663 -350.339274 -0.000000 0.000000 -0.000000 -0.000000 0.000000 -0.000000 -0.000000 0.000000 -0.000000 6.894368 -0.273924 350.522349 -0.000000 0.000000 -0.000000 -19.587587 -54.672411 342.890737 1.945083 -24.970554 -0.355719 2.265003 9.502913 15.046823 8.835902 16.462780 -22.082195 -15.568719 -55.672331 347.350850 357.658771 -11.487831 -354.877073 -3.519247 -5.601363 7.001193 15.625865 17.309201 -21.199952 -200.751260 -86.070038 157.184487 -21.741857 47.822843 11.736357 14.240325 -8.116844 -3.568696 -4.502417 -1.307813 362.971312 -70.612858 -82.626006 285.320890 -4.805944 53.713847 7.069875 5.520102 -13.444910 14.625818 -4.817676 -5.474696 344.515857
0.220496 0.029639 0.418323 -3.810860 53.372637 -350.290599 0.000000 -0.000000 0.000000 0.000000 -0.000000 0.000000 0.000000 -0.000000 0.000000 6.418182 -0.409118 350.062544 -0.000000 0.000000 -0.000000 -20.182007 -55.041584 341.673875 1.769435 -23.780549 -0.147942 1.994184 9.426392 14.657494 8.372833 16.252987 -20.881051 -16.478030 -54.993788 346.351333 357.682729 -11.603455 -355.054625 -3.634190 -5.662925 7.181243 15.422155 17.254778 -20.842361 -186.786130 -87.584205 169.782431 -24.607919 44.763819 15.367133 11.935560 -8.277995 -10.032991 -0.817797 -0.023597 368.384491 -68.045765 -81.663150 288.916046 -3.798767 52.773278 5.867973 5.683660 -15.034756 13.650728 -4.424358 -3.488410 345.713553
0.221174 0.030765 0.416135 -2.911940 53.233808 -350.180269 0.000000 0.000000 -0.000000 0.000000 0.000000 -0.000000 0.000000 0.000000 -0.000000 5.965663 -0.656204 349.741939 -0.000000 -0.000000 0.000000 -20.765698 -55.286788 340.464258 1.573746 -22.902842 -0.358649 1.615696 9.014742 14.728955 8.091786 16.527705 -19.817739 -17.502645 -54.392385 345.242300 357.729970 -11.469542 -355.231186 -3.631556 -5.505800 7.330814 14.992607 16.875166 -20.365776 -147.298565 -88.416998 207.816445 -26.444302 41.899119 18.132104 7.665465 -7.835950 -18.012998 3.937232 1.946627 375.194987 -67.950102 -80.711961 290.105673 -2.612084 52.688251 4.580633 5.330958 -16.453994 12.136614 -3.918058 -2.316346 347.276425
0.221980 0.031768 0.414187 -2.077614 53.097898 -349.996538 -0.000000 -0.000000 -0.000000 -0.000000 -0.000000 -0.000000 -0.000000 -0.000000 -0.000000 5.578749 -0.958763 349.564404 -0.000000 0.000000 0.000000 -21.311197 -55.223777 339.417556 1.390556 -22.515024 -0.960811 1.201621 8.283083 15.161669 7.998912 17.251197 -18.976648 -18.554695 -53.878865 344.089071 357.760720 -11.076596 -355.318515 -3.519600 -5.208696 7.427325 14.415550 16.211300 -19.878989 -106.388650 -87.980944 247.573719 -26.827083 40.021371 19.462759 2.020842 -5.989483 -26.108914 9.141112 3.835967 382.414393 -69.855009 -79.846715 289.309731 -1.303323 53.562776 3.264163 4.561431 -17.615238 10.227283 -3.329652 -2.061428 349.054581
0.222911 0.032636 0.412522 -1.363967 52.918849 -349.694855 0.000000 0.000000 -0.000000 0.000000 0.000000 -0.000000 0.000000 0.000000 -0.000000 5.323752 -1.112614 349.456648 -0.000000 0.000000 -0.000000 -21.810831 -54.781891 338.554391 1.235761 -22.503468 -1.725044 0.841809 7.262623 15.782958 8.076768 18.251996 -18.452348 -19.574456 -53.358056 342.923950 357.762203 -10.461250 -355.278475 -3.345476 -4.941725 7.422171 13.790905 15.400166 -19.439049 -90.441109 -87.053345 262.896304 -25.290947 39.396529 18.835341 -3.895239 -2.354197 -31.649376 14.188082 4.309067 388.026899 -72.765290 -79.026733 287.430118 -0.027382 55.217413 2.045015 3.722346 -18.405212 8.355819 -2.820213 -2.652054 350.689485
0.223949 0.033376 0.411146 -0.818045 52.660140 -349.232238 0.000000 0.000000 -0.000000 0.000000 0.000000 -0.000000 0.000000 0.000000 -0.000000 5.261841 -0.939421 349.338934 -0.000000 0.000000 0.000000 -22.228788 -54.082413 337.791813 1.073296 -22.543005 -2.238751 0.619420 5.997789 16.416177 8.321784 19.300769 -18.387749 -20.508616 -52.722695 341.777363 357.739758 -9.689229 -355.110705 -3.156090 -4.852680 7.302096 13.202258 14.568361 -19.087549 -85.182645 -86.088758 267.981488 -21.800014 39.879565 16.238571 -8.739694 2.030999 -31.583695 17.942751 1.942791 389.398707 -75.655173 -78.190414 285.396833 1.058519 57.214128 1.038184 3.047470 -18.862290 6.913804 -2.434743 -3.722601 351.872561
0.225079 0.034011 0.410043 -0.443585 52.315087 -348.626224 -0.000000 0.000000 0.000000 -0.000000 0.000000 0.000000 -0.000000 0.000000 0.000000 5.409588 -0.403673 349.202678 -0.000000 -0.000000 0.000000 -22.507721 -53.336220 337.052031 0.835732 -22.413108 -2.174242 0.574154 4.526981 16.934834 8.757215 20.325701 -18.863449 -21.300986 -51.958879 340.697148 357.690994 -8.831716 -354.833428 -2.984910 -4.992397 7.094330 12.704484 13.809130 -18.845796 -85.683393 -85.198976 267.445848 -17.364728 41.484488 12.613944 -11.036859 5.408755 -25.277170 18.361426 -3.814597 385.440627 -77.659247 -77.318129 284.061482 1.964620 58.965061 0.189425 2.984165 -19.526384 6.517557 -2.513056 -4.273665 352.203235
0.226319 0.034578 0.409184 -0.166049 51.888891 -347.978208 -0.000000 -0.000000 -0.000000 -0.000000 -0.000000 -0.000000 -0.000000 -0.000000 -0.000000 5.709134 0.433355 349.067149 0.000000 -0.000000 -0.000000 -22.652281 -52.697339 336.308953 0.492087 -22.128667 -1.529099 0.676083 2.978408 17.305912 9.366155 21.355657 -19.773602 -21.924992 -51.170015 339.729883 357.589744 -7.906873 -354.458152 -2.851030 -5.332769 6.812751 12.317476 13.193372 -18.683249 -89.159742 -84.390986 263.802635 -13.227948 44.197651 9.075152 -10.649201 7.751492 -15.596677 14.733893 -11.460259 377.781623 -78.401324 -76.436306 283.896476 2.885537 60.024964 -0.725279 3.994787 -21.316431 7.647055 -3.432527 -3.000837 351.490120
0.227710 0.035109 0.408540 0.134777 51.399156 -347.430413 0.000000 -0.000000 -0.000000 0.000000 -0.000000 -0.000000 0.000000 -0.000000 -0.000000 6.040651 1.454741 348.929103 0.000000 -0.000000 -0.000000 -22.740798 -52.226843 335.578814 0.080423 -21.717660 -0.506712 0.846405 1.621397 17.526215 10.013404 22.230925 -20.847826 -22.410514 -50.498743 338.904059 357.404990 -6.889549 -353.987223 -2.758935 -5.818868 6.447251 12.035904 12.760167 -18.545928 -92.475648 -83.637753 260.136677 -9.975022 47.360316 6.208122 -8.957715 9.614896 -5.978628 8.402088 -18.198452 368.855073 -78.157638 -75.595919 284.775399 4.018375 60.344577 -1.910227 5.941070 -24.693964 10.083941 -4.831813 0.646089 350.110530
0.229295 0.035629 0.408066 0.505315 50.906649 -347.053177 0.000000 0.000000 0.000000 0.000000 0.000000 0.000000 0.000000 0.000000 0.000000 6.307563 2.430170 348.847384 0.000000 -0.000000 -0.000000 -22.819145 -51.905164 334.919526 -0.346494 -21.124979 0.725272 1.014614 0.679085 17.537467 10.505112 22.645568 -21.813850 -22.828531 -50.017847 338.218919 357.155024 -5.843799 -353.469375 -2.704400 -6.354945 6.077924 11.860374 12.484045 -18.466482 -94.149025 -82.956818 257.980988 -7.755063 50.039257 4.287658 -6.949860 11.057464 1.904928 1.273672 -22.408719 360.439761 -77.621156 -74.854910 286.084236 5.379806 60.220270 -3.371640 8.483679 -28.985754 13.460202 -6.174643 5.788559 348.420064
0.231085 0.036154 0.407702 0.820701 50.522410 -346.741896 -0.000000 -0.000000 -0.000000 -0.000000 -0.000000 -0.000000 -0.000000 -0.000000 -0.000000 6.532886 3.005509 349.026733 0.000000 0.000000 0.000000 -22.836315 -51.613732 334.412776 -0.766070 -20.430224 2.033508 1.155914 0.084472 17.279066 10.766776 22.540261 -22.559288 -23.253699 -49.698579 337.612784 356.932068 -4.988585 -353.034385 -2.682024 -6.774706 5.967009 11.817788 12.260974 -18.631135 -94.990508 -82.345030 256.497045 -6.584038 51.777103 3.450084 -5.119387 11.952813 7.444988 -4.798093 -24.070318 353.978870 -77.539117 -74.252392 286.976928 6.780129 60.044015 -4.899558 10.826446 -32.927938 16.838017 -6.901008 10.680969 346.820145
0.233068 0.036682 0.407394 0.857641 50.350490 -346.270937 0.000000 0.000000 0.000000 0.000000 0.000000 0.000000 0.000000 0.000000 0.000000 6.840916 2.868017 349.693786 -0.000000 -0.000000 -0.000000 -22.709268 -51.174345 334.107206 -1.162116 -19.910413 3.229630 1.276710 -0.441261 16.799716 10.891314 22.183227 -23.145848 -23.729119 -49.462815 336.971218 356.844162 -4.569039 -352.823605 -2.691040 -6.922021 6.403835 11.941829 11.982216 -19.249458 -96.313762 -81.744186 254.290596 -6.156272 52.592996 3.454628 -3.926153 12.423839 10.594162 -8.685069 -24.232707 350.198743 -78.441372 -73.779872 286.703070 7.937112 60.116548 -6.191953 12.044452 -35.806818 18.950674 -6.729354 14.042186 345.761968
0.235243 0.037196 0.407123 0.494437 50.405736 -345.491152 0.000000 -0.000000 -0.000000 0.000000 -0.000000 -0.000000 0.000000 -0.000000 -0.000000 7.321527 1.961989 350.874531 -0.000000 -0.000000 -0.000000 -22.391847 -50.467091 334.001675 -1.524103 -19.834310 4.160435 1.388095 -1.074597 16.255509 11.018092 21.863226 -23.717218 -24.259036 -49.219525 336.223544 356.941381 -4.703266 -352.898335 -2.738255 -6.777011 7.423164 12.235857 11.650774 -20.328941 -98.294551 -81.100491 251.211389 -5.794251 52.617291 3.649034 -3.546168 13.101129 12.014412 -10.755106 -24.140664 348.463409 -80.383777 -73.378112 285.075024 8.659459 60.549982 -7.054260 12.333486 -37.328700 19.773418 -6.191768 15.517715 345.178656
0.237651 0.037661 0.406923 -0.171593 50.589515 -344.467967 -0.000000 0.000000 -0.000000 -0.000000 0.000000 -0.000000 -0.000000 0.000000 -0.000000 7.936867 0.539278 352.363396 0.000000 -0.000000 0.000000 -21.878168 -49.482555 334.094411 -1.875886 -20.335485 4.823975 1.508721 -1.792391 15.809536 11.257638 21.740758 -24.430051 -24.825958 -48.901919 335.419261 357.188371 -5.331200 -353.206973 -2.816514 -6.425064 8.789441 12.662715 11.353499 -21.676702 -100.065908 -80.433836 248.304195 -4.849508 52.003233 3.369643 -3.742347 14.517290 12.768005 -12.207533 -24.383620 347.438800 -82.800082 -72.979352 282.752913 8.975811 61.229303 -7.534421 12.471447 -37.310655 20.098942 -5.972549 15.250371 344.722227
0.240364 0.038044 0.406856 -0.907687 50.755870 -343.419542 0.000000 0.000000 0.000000 0.000000 0.000000 0.000000 0.000000 0.000000 0.000000 8.575302 -0.966597 353.869928 0.000000 0.000000 0.000000 -21.239211 -48.321483 334.355938 -2.243923 -21.314980 5.336418 1.657046 -2.502797 15.569263 11.668672 21.842955 -25.402843 -25.387999 -48.586331 334.658723 357.438462 -6.179938 -353.546333 -2.866871 -5.905528 10.237488 13.149059 11.080736 -23.130195 -100.850952 -79.833824 246.557895 -3.248844 51.052425 2.452127 -4.247381 16.361033 13.774151 -13.760277 -24.738309 346.103061 -84.763533 -72.569261 280.890253 9.092207 61.881223 -7.867207 13.191389 -36.421128 20.844233 -6.339641 14.262146 344.038167
0.243445 0.038335 0.406973 -1.558492 50.819440 -342.508286 0.000000 -0.000000 0.000000 0.000000 -0.000000 0.000000 0.000000 -0.000000 0.000000 9.172917 -2.133125 355.126049 0.000000 0.000000 0.000000 -20.644731 -47.270204 334.604744 -2.615354 -22.271941 5.913119 1.832280 -3.077985 15.576419 12.189100 21.920187 -26.664461 -25.873030 -48.543587 333.947903 357.456918 -6.816916 -353.573261 -2.786765 -5.185567 11.563709 13.588305 10.685592 -24.633886 -100.694913 -79.367489 246.030030 -1.559652 50.187094 1.303538 -4.840445 17.827826 15.418861 -15.361248 -24.734887 344.167663 -85.608713 -72.183680 280.289806 9.165951 62.235425 -8.232509 15.029103 -35.696220 22.781408 -7.287684 13.901485 342.809635
0.246909 0.038549 0.407281 -2.189561 50.815774 -341.688667 0.000000 0.000000 0.000000 0.000000 0.000000 0.000000 0.000000 0.000000 0.000000 9.766628 -2.757688 355.949075 0.000000 -0.000000 0.000000 -20.228202 -46.783706 334.532114 -2.979082 -22.493790 6.867563 2.022715 -3.367551 15.790703 12.645876 21.534149 -28.148983 -26.227963 -49.017573 333.178565 357.097603 -6.975384 -353.043159 -2.502714 -4.256036 12.570606 13.884386 10.082562 -26.096976 -100.583928 -79.009961 245.672584 -0.512303 49.775003 0.506383 -5.368386 18.525138 17.502483 -16.575332 -24.370928 341.932405 -85.380981 -71.844629 280.822132 9.098826 62.185431 -8.539039 17.702544 -35.385209 25.741151 -8.467367 14.470639 341.072664
0.250737 0.038713 0.407774 -2.995786 50.846240 -340.781655 -0.000000 0.000000 -0.000000 -0.000000 0.000000 -0.000000 -0.000000 0.000000 -0.000000 10.438329 -2.958672 356.330054 0.000000 0.000000 0.000000 -19.965925 -47.134660 333.956018 -3.375538 -21.707107 8.377870 2.218914 -3.404157 16.090386 12.943956 20.590349 -29.745744 -26.481466 -49.932652 332.267525 356.468110 -6.865217 -352.082740 -2.027575 -3.134747 13.171707 14.019938 9.362040 -27.379073 -102.018115 -78.662281 243.812958 -0.589085 50.037565 0.487264 -5.780972 18.680700 19.570377 -17.109287 -24.110836 339.808554 -84.629374 -71.541690 281.726968 8.636952 61.815528 -8.521231 20.329624 -35.135426 28.778572 -9.369298 15.316021 339.174509
0.254899 0.038842 0.408468 -4.064652 50.950756 -339.690137 -0.000000 -0.000000 0.000000 -0.000000 -0.000000 0.000000 -0.000000 -0.000000 0.000000 11.217138 -3.002654 356.428443 -0.000000 0.000000 -0.000000 -19.772731 -48.068588 333.011247 -3.824336 -20.363036 10.223547 2.409939 -3.428295 16.350780 13.160556 19.489090 -31.337312 -26.705458 -50.931150 331.269408 355.837097 -6.980272 -351.097016 -1.448593 -1.819250 13.530470 14.070376 8.673039 -28.452458 -105.644280 -78.208375 239.679703 -1.891102 50.989909 1.398179 -6.185301 18.629418 21.167915 -16.832671 -24.381306 338.188402 -83.752370 -71.259459 282.497166 7.666606 61.291006 -8.045607 22.362568 -34.758999 31.185966 -9.782163 15.875814 337.429278
0.259378 0.038937 0.409424 -5.269733 51.056003 -338.501939 0.000000 -0.000000 0.000000 0.000000 -0.000000 0.000000 0.000000 -0.000000 0.000000 12.043353 -3.022096 356.408399 0.000000 -0.000000 0.000000 -19.633340 -49.003217 332.022207 -4.230546 -19.105837 11.929097 2.578791 -3.556722 16.529976 13.367132 18.578214 -32.778443 -26.919520 -51.678151 330.339869 355.401459 -7.608142 -350.424003 -0.902897 -0.415919 13.896031 14.172560 8.174201 -29.396009 -110.102759 -77.627956 234.711073 -4.051967 52.314299 2.987796 -6.640529 18.411299 21.962303 -15.737843 -25.133286 337.439008 -82.676720 -70.984744 283.311585 6.308524 60.777399 -7.222407 23.826589 -34.354209 32.832276 -9.800843 16.022576 335.996653
0.264158 0.038994 0.410716 -6.400200 51.055996 -337.385398 -0.000000 0.000000 -0.000000 -0.000000 0.000000 -0.000000 -0.000000 0.000000 -0.000000 12.825560 -2.980923 356.321592 0.000000 -0.000000 0.000000 -19.605845 -49.542319 331.204136 -4.459832 -18.157309 13.148883 2.700461 -3.732864 16.621459 13.516341 17.882142 -33.891276 -27.086879 -52.052029 329.610354 355.201519 -8.632053 -350.171178 -0.561054 0.699800 14.287234 14.487724 8.126647 -30.181295 -113.106074 -77.115931 231.431478 -6.240465 53.453323 4.537806 -6.951806 18.000934 21.932086 -14.185839 -25.945763 337.592529 -81.138778 -70.700783 284.627282 4.774419 60.383649 -6.262260 24.708147 -33.874080 33.631451 -9.543807 15.555937 334.971788
0.269191 0.039028 0.412389 -7.332693 50.906507 -336.446597 -0.000000 0.000000 0.000000 -0.000000 0.000000 0.000000 -0.000000 0.000000 0.000000 13.508952 -2.837757 356.162970 0.000000 -0.000000 0.000000 -19.769407 -49.664228 330.553595 -4.440723 -17.369553 13.794532 2.743488 -3.990610 16.591652 13.571584 17.412753 -34.537036 -27.165701 -52.145064 329.101879 355.177403 -9.719174 -350.273165 -0.560281 1.072652 14.489975 15.129518 8.812924 -30.635169 -113.532343 -76.899844 231.099928 -7.727971 54.058805 5.386051 -6.824794 17.544079 21.408481 -12.838519 -26.506439 338.212542 -78.991564 -70.390320 286.678616 3.284820 60.011068 -5.375209 24.573752 -32.804910 33.304262 -9.036473 13.939051 334.364322
0.274372 0.039083 0.414410 -8.059204 50.636874 -335.709548 0.000000 -0.000000 -0.000000 0.000000 -0.000000 -0.000000 0.000000 -0.000000 -0.000000 14.082500 -2.624402 355.955929 0.000000 -0.000000 0.000000 -20.167052 -49.550998 329.975105 -4.166472 -16.573940 13.917257 2.689155 -4.427400 16.423768 13.566254 17.267845 -34.678593 -27.119553 -52.198263 328.738002 355.207363 -10.536508 -350.533752 -0.912028 0.543862 14.345052 16.072640 10.257209 -30.678720 -111.959052 -76.959087 233.000462 -8.675065 54.282988 5.718248 -6.092890 17.009899 20.769984 -12.059293 -26.690603 338.840026 -76.183081 -70.043173 289.451711 2.065034 59.319830 -4.762157 23.010007 -30.411471 31.893815 -8.289034 10.732137 333.950825
0.279552 0.039207 0.416691 -8.645131 50.318871 -335.140800 -0.000000 -0.000000 -0.000000 -0.000000 -0.000000 -0.000000 -0.000000 -0.000000 -0.000000 14.557157 -2.426038 355.742700 -0.000000 -0.000000 -0.000000 -20.734292 -49.411837 329.407596 -3.707503 -15.698970 13.666906 2.562512 -4.928701 16.156076 13.482123 17.334197 -34.380364 -26.936655 -52.458966 328.408265 355.163608 -10.851061 -350.699000 -1.487678 -0.654993 13.892977 17.140188 12.120777 -30.443605 -109.920787 -77.096576 235.311307 -9.913561 54.550293 6.373782 -4.802841 16.073079 20.252531 -11.682774 -26.402589 339.280639 -72.724818 -69.649592 292.797898 1.191888 58.020093 -4.479578 20.182687 -26.351307 30.150644 -7.369543 6.016875 333.295925
0.284604 0.039419 0.419142 -9.182476 50.028823 -334.664805 0.000000 0.000000 0.000000 0.000000 0.000000 0.000000 0.000000 0.000000 0.000000 14.946977 -2.354202 355.542610 -0.000000 -0.000000 -0.000000 -21.276301 -49.361076 328.878039 -3.208865 -14.834082 13.247368 2.428948 -5.186037 15.869792 13.253057 17.301873 -33.795650 -26.663952 -52.966288 328.052822 355.023908 -10.690546 -350.679955 -2.112472 -2.102596 13.220260 18.101360 13.983598 -30.035865 -108.743733 -77.167187 236.537230 -12.036317 55.127870 7.939266 -3.233899 14.474663 19.975112 -11.294648 -25.628886 339.526259 -68.773818 -69.189721 296.458590 0.571652 56.114789 -4.418363 16.637806 -20.972695 29.120415 -6.415156 0.318493 331.943658
0.289453 0.039696 0.421706 -9.676393 49.793199 -334.259920 0.000000 0.000000 0.000000 0.000000 0.000000 0.000000 0.000000 0.000000 0.000000 15.230472 -2.463543 355.340478 -0.000000 0.000000 0.000000 -21.562441 -49.310738 328.541336 -2.786241 -14.288331 12.718476 2.338411 -5.010751 15.673301 12.900812 17.060783 -33.091628 -26.365153 -53.446570 327.766471 354.917595 -10.483361 -350.703854 -2.672359 -3.375754 12.324907 18.780859 15.681820 -29.323257 -108.557784 -77.171119 236.647645 -14.899917 55.944788 10.251448 -1.834579 12.279584 19.904446 -10.502009 -24.542640 339.689813 -64.582099 -68.642788 300.197192 0.292613 53.723318 -4.620073 12.924575 -15.010237 29.646795 -5.805387 -5.526608 329.525191
0.294051 0.039990 0.424339 -9.991425 49.573120 -334.028152 0.000000 0.000000 0.000000 0.000000 0.000000 0.000000 0.000000 0.000000 0.000000 15.340058 -2.670190 355.095999 -0.000000 0.000000 -0.000000 -21.479743 -49.053623 328.598275 -2.435354 -14.360522 11.903954 2.279552 -4.419282 15.698361 12.500405 16.747123 -32.318661 -26.052145 -53.498725 327.777237 355.011698 -10.784407 -351.100011 -3.124325 -4.169305 11.231503 19.104661 17.239790 -28.146350 -108.335419 -77.232268 236.956401 -17.614942 56.706258 12.421238 -1.000960 9.804460 19.930939 -9.189186 -23.335798 339.865472 -60.442954 -68.016535 303.807399 0.741222 50.808911 -5.348329 9.407110 -9.109005 31.939117 -6.095276 -10.493568 325.990203
0.298343 0.040262 0.426984 -10.031243 49.339731 -334.048526 -0.000000 0.000000 0.000000 -0.000000 0.000000 0.000000 -0.000000 0.000000 0.000000 15.246981 -2.828116 354.765247 -0.000000 0.000000 -0.000000 -21.103413 -48.557219 329.046504 -2.100393 -14.981601 10.647566 2.191393 -3.525727 16.029768 12.068140 16.459139 -31.413253 -25.727826 -52.967655 328.189718 355.337305 -11.740169 -351.927281 -3.464018 -4.453351 10.044110 19.100915 18.639837 -26.586766 -106.864092 -77.481063 238.910060 -18.949775 57.100308 13.254287 -0.887075 7.434743 20.053917 -7.610004 -22.053005 339.977923 -56.821612 -67.404043 306.803192 2.108464 47.306212 -6.614540 6.113010 -3.629601 35.294082 -7.334150 -13.819097 321.945821
0.302273 0.040486 0.429566 -9.918914 49.143017 -334.211664 0.000000 -0.000000 -0.000000 0.000000 -0.000000 -0.000000 0.000000 -0.000000 -0.000000 15.040944 -2.871836 354.340280 0.000000 -0.000000 0.000000 -20.608521 -48.094948 329.599053 -1.775309 -15.753842 9.054621 2.012151 -2.566595 16.624489 11.616954 16.264863 -30.339008 -25.440607 -52.103322 328.813021 355.769117 -12.994197 -352.924904 -3.716427 -4.473944 8.794677 18.861479 19.842356 -24.852699 -103.746286 -77.893475 242.895452 -18.284984 56.971546 12.164942 -1.335155 5.512390 20.366930 -6.193826 -20.750658 339.863989 -54.253687 -66.992622 308.465656 4.043126 43.428460 -7.947100 3.148978 1.301227 38.697949 -9.110955 -15.336726 318.322484
0.305808 0.040641 0.432009 -9.863586 49.061102 -334.337982 0.000000 -0.000000 -0.000000 0.000000 -0.000000 -0.000000 0.000000 -0.000000 -0.000000 14.864958 -2.805411 353.871661 -0.000000 0.000000 -0.000000 -20.113899 -47.964871 329.978516 -1.489943 -16.346122 7.369879 1.727832 -1.883677 17.358883 11.230878 16.334867 -29.167642 -25.219884 -51.337085 329.357621 356.149731 -14.084592 -353.775644 -3.896977 -4.445449 7.497946 18.469874 20.804396 -23.125639 -99.768084 -78.313923 247.894321 -16.300767 56.429141 9.828855 -1.869845 4.192030 20.947360 -5.339456 -19.577761 339.410088 -52.918952 -66.918276 308.504770 6.046811 39.577574 -8.893976 0.753873 5.689375 41.422512 -11.019564 -15.431230 315.748302
0.308962 0.040696 0.434262 -9.901112 49.095484 -334.403107 -0.000000 0.000000 -0.000000 -0.000000 0.000000 -0.000000 -0.000000 0.000000 -0.000000 14.778609 -2.595583 353.430559 -0.000000 0.000000 -0.000000 -19.650218 -48.163999 330.176335 -1.254030 -16.737174 5.741945 1.386755 -1.620505 18.163424 10.978465 16.750134 -28.038866 -25.055884 -50.957946 329.692825 356.379841 -14.720903 -354.291505 -3.961482 -4.327052 6.418912 17.999739 21.339397 -21.704313 -96.206913 -78.643983 252.380771 -14.320156 55.824389 7.545020 -1.943737 3.247514 21.809405 -5.224723 -18.513608 338.603335 -52.526856 -67.132783 307.381014 7.828915 36.128792 -9.363303 -1.047536 9.359803 43.141353 -12.628347 -14.692005 314.395518
0.311797 0.040596 0.436319 -9.880719 49.158616 -334.526556 -0.000000 0.000000 0.000000 -0.000000 0.000000 0.000000 -0.000000 0.000000 0.000000 14.732948 -2.188303 353.061720 -0.000000 -0.000000 0.000000 -19.224096 -48.445477 330.347453 -1.069614 -17.063140 4.258976 1.061264 -1.521585 19.026956 10.816347 17.255248 -27.098194 -24.974307 -50.960373 329.860541 356.445277 -14.782448 -354.427011 -3.850947 -4.016104 5.957932 17.563826 21.213731 -21.002198 -93.540778 -78.890685 255.788559 -13.135420 55.473650 6.089766 -1.326304 2.212123 22.899538 -5.686972 -17.303503 337.539818 -52.679030 -67.476689 305.822495 9.258696 33.489655 -9.468531 -2.266712 11.897572 43.847212 -13.643511 -13.552488 314.126662
0.314407 0.040275 0.438215 -9.672048 49.159306 -334.779244 -0.000000 -0.000000 -0.000000 -0.000000 -0.000000 -0.000000 -0.000000 -0.000000 -0.000000 14.670499 -1.610207 352.792907 -0.000000 0.000000 0.000000 -18.858432 -48.608865 330.560749 -0.968680 -17.363578 3.096066 0.798354 -1.186412 19.892972 10.644006 17.416366 -26.461989 -25.045846 -51.111963 329.944497 356.411481 -14.331217 -354.269679 -3.592788 -3.589034 6.220143 17.265778 20.461598 -21.179309 -91.272394 -79.063097 258.665286 -12.737419 55.421459 5.449216 -0.138325 0.883855 24.175783 -6.465535 -15.817087 336.322493 -53.265091 -67.829243 304.168725 10.276657 32.093593 -9.342716 -2.727472 13.138560 43.812952 -14.288931 -12.255220 314.513044
0.316857 0.039689 0.439988 -9.288301 49.072979 -335.103607 -0.000000 -0.000000 -0.000000 -0.000000 -0.000000 -0.000000 -0.000000 -0.000000 -0.000000 14.587407 -0.976232 352.641451 0.000000 0.000000 0.000000 -18.585200 -48.637826 330.742897 -0.988741 -17.546907 2.436021 0.606825 -0.481712 20.658245 10.419027 17.028726 -26.180671 -25.300316 -51.158239 329.990043 356.367504 -13.611712 -353.984824 -3.296096 -3.236109 6.936687 17.131868 19.412378 -21.986971 -88.925189 -79.134195 261.544268 -12.801296 55.545472 5.299138 1.333908 -0.426327 25.615493 -7.436889 -14.328270 334.990568 -54.606365 -68.192034 302.088906 10.830490 32.283394 -9.015892 -2.415007 13.331658 43.499874 -14.972779 -11.091482 314.973117
0.319152 0.038836 0.441668 -8.825986 48.942062 -335.401691 -0.000000 0.000000 0.000000 -0.000000 0.000000 0.000000 -0.000000 0.000000 0.000000 14.498066 -0.411316 352.585734 -0.000000 0.000000 -0.000000 -18.430420 -48.622013 330.798136 -1.120383 -17.499999 2.287569 0.474670 0.363411 21.237593 10.171391 16.259657 -26.184469 -25.670349 -50.967856 330.020105 356.357385 -12.901008 -353.682711 -3.054958 -3.107898 7.712244 17.127371 18.423690 -23.013395 -86.673891 -79.086286 264.250692 -13.126580 55.753597 5.442009 2.726600 -1.225394 27.092031 -8.500216 -13.341856 333.608934 -57.390748 -68.673317 298.653211 10.826268 34.279885 -8.326352 -1.634914 12.826289 43.290258 -15.831519 -10.379444 315.114133
0.321263 0.037748 0.443287 -8.372696 48.835215 -335.613818 -0.000000 0.000000 0.000000 -0.000000 0.000000 0.000000 -0.000000 0.000000 0.000000 14.407995 0.010641 352.585903 0.000000 -0.000000 0.000000 -18.419397 -48.646459 330.683569 -1.310838 -17.139193 2.508498 0.384874 0.974587 21.547130 9.940759 15.437328 -26.291006 -26.039532 -50.518533 330.058770 356.371521 -12.359972 -353.362475 -2.893754 -3.267591 8.220831 17.185764 17.678377 -23.929861 -85.093972 -78.938427 266.166048 -13.739264 56.029296 5.909842 3.697161 -1.234687 28.326664 -9.472687 -13.265181 332.351684 -62.360750 -69.318626 292.807490 10.069686 38.147373 -6.941167 -0.626791 11.813822 43.207358 -16.828346 -10.236669 314.958036
0.323170 0.036467 0.444896 -7.966242 48.801908 -335.728869 0.000000 0.000000 -0.000000 0.000000 0.000000 -0.000000 0.000000 0.000000 -0.000000 14.326361 0.295111 352.631336 0.000000 0.000000 0.000000 -18.560298 -48.741811 330.410089 -1.519893 -16.424410 2.968751 0.329307 1.034588 21.520108 9.767234 14.837969 -26.355727 -26.329605 -49.853755 330.112209 356.385105 -12.003156 -352.990732 -2.786500 -3.672151 8.354394 17.229481 17.148944 -24.597323 -84.570858 -78.723262 266.856309 -14.791506 56.380902 6.861355 4.074005 -0.447991 29.019659 -10.180744 -14.272231 331.447153 -69.672069 -69.918975 284.289160 8.229008 43.603646 -4.492963 0.475139 10.291962 43.025959 -17.783591 -10.657497 314.788088
0.324875 0.035030 0.446556 -7.575853 48.846695 -335.790736 0.000000 0.000000 -0.000000 0.000000 0.000000 -0.000000 0.000000 0.000000 -0.000000 14.247118 0.509002 352.720491 0.000000 0.000000 -0.000000 -18.808832 -48.873916 330.048701 -1.755848 -15.439339 3.607194 0.313035 0.361793 21.216597 9.733655 14.666714 -26.423231 -26.534804 -49.085811 330.157967 356.381932 -11.728388 -352.577570 -2.709957 -4.212360 8.244581 17.205338 16.710225 -25.038118 -84.825964 -78.461711 266.615128 -16.330713 56.769037 8.341444 3.953249 1.001330 29.071751 -10.618165 -16.275480 331.010073 -78.318337 -70.135099 274.311206 4.837442 49.978584 -0.621134 1.590339 8.117545 42.625372 -18.403723 -11.533432 314.793766
0.326382 0.033477 0.448307 -7.129636 48.940269 -335.878265 -0.000000 -0.000000 -0.000000 -0.000000 -0.000000 -0.000000 -0.000000 -0.000000 -0.000000 14.126918 0.703555 352.823829 -0.000000 0.000000 -0.000000 -19.095613 -48.960544 329.710093 -2.046624 -14.470038 4.376498 0.351304 -1.035221 20.804137 9.957509 15.102002 -26.668025 -26.700969 -48.358020 330.167230 356.362583 -11.373584 -352.174687 -2.685790 -4.851988 8.049747 17.112255 16.323085 -25.288900 -84.806795 -78.166664 266.640182 -17.955425 57.038207 9.929574 3.699404 2.785922 28.708660 -10.990670 -18.734593 330.928572 -86.580603 -69.852540 264.926300 -0.457954 56.355220 4.941205 2.767102 5.243406 42.155703 -18.575793 -12.485964 314.928019
0.327680 0.031850 0.450157 -6.597566 49.053537 -336.030053 -0.000000 -0.000000 -0.000000 -0.000000 -0.000000 -0.000000 -0.000000 -0.000000 -0.000000 13.926848 0.861523 352.901417 -0.000000 -0.000000 -0.000000 -19.394802 -48.873693 329.495861 -2.368868 -14.049195 5.152436 0.473401 -2.853470 20.421024 10.523574 16.256769 -27.209828 -26.895339 -47.784286 330.107271 356.339217 -10.763436 -351.817864 -2.764698 -5.685507 7.781486 16.985768 16.061964 -25.332287 -83.190763 -77.837878 268.479980 -18.746742 56.947594 10.682606 3.799989 4.332989 28.338399 -11.617537 -20.650866 330.944777 -93.258692 -69.245612 257.534743 -7.408982 61.843020 11.989215 4.112747 1.980287 41.908405 -18.555194 -13.003084 315.024435
0.328759 0.030206 0.452084 -6.024334 49.175251 -336.211220 -0.000000 0.000000 -0.000000 -0.000000 0.000000 -0.000000 -0.000000 0.000000 -0.000000 13.649054 0.928495 352.915846 -0.000000 0.000000 0.000000 -19.721161 -48.422249 329.499148 -2.620469 -14.897763 5.674101 0.722636 -4.491140 20.163984 11.442519 18.098528 -28.054357 -27.169166 -47.454970 329.925793 356.296011 -9.745332 -351.461865 -2.951656 -6.776411 7.397383 16.843942 15.936785 -25.189758 -79.258158 -77.416492 273.003657 -17.894067 56.303696 9.781084 4.576757 5.150144 28.271959 -12.735566 -21.165611 330.848699 -98.069749 -68.548840 252.411365 -14.913651 65.948695 19.523605 5.595087 -1.063974 42.091290 -18.735535 -12.891795 314.930790
0.329615 0.028606 0.454060 -5.462620 49.300720 -336.379602 -0.000000 -0.000000 0.000000 -0.000000 -0.000000 0.000000 -0.000000 -0.000000 0.000000 13.304562 0.868045 352.825029 0.000000 -0.000000 0.000000 -20.078768 -47.455726 329.790076 -2.723370 -17.501789 5.671975 1.132843 -5.333602 20.128411 12.644118 20.393071 -29.151500 -27.515187 -47.431697 329.587773 356.169770 -8.300587 -351.005811 -3.156685 -7.952656 6.962759 16.646573 15.775503 -24.975257 -73.304193 -76.777347 279.911016 -15.404301 55.036457 7.236055 5.929792 5.295921 28.603829 -14.335651 -20.301601 330.560765 -101.263630 -67.911878 249.187422 -21.664652 68.746535 26.299765 6.986081 -3.384621 42.680447 -19.271829 -12.433688 314.583179
0.330265 0.027108 0.456063 -4.928242 49.423555 -336.536840 -0.000000 0.000000 -0.000000 -0.000000 0.000000 -0.000000 -0.000000 0.000000 -0.000000 12.898072 0.679915 352.628719 0.000000 0.000000 0.000000 -20.474893 -46.058431 330.319671 -2.738682 -21.532443 5.120836 1.677586 -5.105441 20.298725 13.930411 22.661027 -30.365864 -27.865593 -47.685085 329.131512 355.904022 -6.648732 -350.402310 -3.233404 -8.833820 6.646134 16.317620 15.329751 -24.818005 -66.300240 -75.803631 288.131318 -11.928614 53.159332 3.707760 7.395666 5.381281 29.209973 -16.212180 -18.916747 330.098582 -103.293199 -67.393906 247.294270 -27.022298 70.623741 31.692387 8.009182 -4.811679 43.449018 -20.056610 -12.086151 314.024704
0.330738 0.025751 0.458074 -4.447110 49.547120 -336.690036 0.000000 -0.000000 0.000000 0.000000 -0.000000 0.000000 0.000000 -0.000000 0.000000 12.474227 0.399330 352.416936 0.000000 0.000000 0.000000 -20.939112 -44.577706 330.894696 -2.779102 -25.881131 4.278257 2.246293 -3.896824 20.496591 14.951578 24.272653 -31.406524 -28.140246 -48.088550 328.656647 355.516083 -5.164781 -349.710932 -3.070497 -9.076147 6.594577 15.815404 14.459824 -24.796727 -59.390823 -74.476739 296.363150 -8.186143 50.687002 -0.054032 8.581215 5.905184 29.736602 -18.086587 -17.756121 329.665107 -104.598180 -67.006843 246.223688 -30.758611 71.933666 35.474393 8.488909 -5.406404 44.113520 -20.913958 -12.133114 313.390426
0.331075 0.024552 0.460073 -4.082493 49.683303 -336.817491 0.000000 -0.000000 0.000000 0.000000 -0.000000 0.000000 0.000000 -0.000000 0.000000 12.127970 0.101566 352.311205 0.000000 -0.000000 -0.000000 -21.460902 -43.440421 331.296071 -2.854257 -29.345508 3.494773 2.704233 -2.035805 20.588568 15.393776 24.788472 -31.990896 -28.291647 -48.497495 328.263488 355.097124 -4.181295 -349.060516 -2.662526 -8.571644 6.850870 15.183264 13.229850 -24.938277 -53.562167 -72.950986 303.383781 -4.798573 47.685362 -3.368815 9.473856 6.794066 29.653808 -19.651795 -16.884090 329.755752 -105.440785 -66.756208 245.673898 -32.681104 72.873144 37.444212 8.458652 -5.415044 44.446924 -21.653446 -12.552183 312.897081
0.331336 0.023498 0.462048 -3.870490 49.821988 -336.904392 -0.000000 -0.000000 -0.000000 -0.000000 -0.000000 -0.000000 -0.000000 -0.000000 -0.000000 11.935844 -0.105964 352.360928 -0.000000 -0.000000 -0.000000 -21.960814 -42.928181 331.399767 -2.885037 -31.184776 3.074925 2.972099 -0.075179 20.616503 15.248254 24.248135 -32.122690 -28.318259 -48.807634 328.017740 354.760783 -3.872596 -348.599282 -2.119446 -7.470202 7.351525 14.545350 11.902312 -25.205510 -49.280023 -71.516323 308.501090 -2.187817 44.384372 -5.766518 10.268542 7.589826 28.463148 -20.605695 -15.983968 330.959029 -105.859463 -66.653838 245.583060 -32.925220 73.512111 37.711895 8.183910 -5.222609 44.364080 -22.118343 -13.106175 312.754011
0.331599 0.022557 0.463996 -3.763672 49.915926 -336.973963 -0.000000 -0.000000 0.000000 -0.000000 -0.000000 0.000000 -0.000000 -0.000000 0.000000 11.900069 -0.123251 352.521367 0.000000 0.000000 -0.000000 -22.361162 -43.044085 331.211869 -2.825845 -31.281144 3.184482 3.047204 1.357727 20.652180 14.790638 23.110021 -32.048594 -28.265238 -48.981129 327.928332 354.575437 -4.217336 -348.426874 -1.615871 -6.098630 7.971454 14.068387 10.841775 -25.509999 -46.393569 -70.387000 311.840195 -0.341404 41.045813 -7.265932 10.895547 7.850907 26.052783 -20.682107 -14.781203 333.492912 -105.717621 -66.707149 246.104563 -31.884571 73.876636 36.646203 7.983234 -5.137077 43.916462 -22.289494 -13.551191 313.053550
0.331943 0.021690 0.465919 -3.680865 49.916547 -337.050233 0.000000 0.000000 0.000000 0.000000 0.000000 0.000000 0.000000 0.000000 0.000000 11.972472 0.086539 352.706003 -0.000000 0.000000 -0.000000 -22.638783 -43.515152 330.854859 -2.725522 -30.203968 3.685744 2.992656 1.989260 20.702160 14.327942 21.954714 -31.974628 -28.212060 -49.081189 327.919804 354.511838 -4.986462 -348.506519 -1.305041 -4.842113 8.595608 13.904524 10.339230 -25.801531 -44.471515 -69.565705 314.029711 1.097291 37.752833 -8.285396 11.030617 7.440139 22.867596 -19.862090 -13.097618 336.962621 -104.839768 -66.896096 247.458752 -29.752412 73.995165 34.435283 7.980278 -5.249349 43.167327 -22.233503 -13.804450 313.784045
0.332431 0.020868 0.467831 -3.605352 49.824530 -337.103289 -0.000000 -0.000000 0.000000 -0.000000 -0.000000 0.000000 -0.000000 -0.000000 0.000000 12.113140 0.469841 352.833822 0.000000 -0.000000 0.000000 -22.799838 -43.969951 330.500136 -2.648595 -28.952196 4.179292 2.897808 2.061170 20.771068 14.031872 21.202792 -31.937492 -28.228405 -49.251858 327.856275 354.465630 -5.847638 -348.667708 -1.248889 -4.002545 9.160832 14.131991 10.481477 -26.124455 -43.275120 -69.004096 315.474086 2.374343 34.603134 -9.148569 10.612629 6.562417 19.636938 -18.581388 -10.896993 340.597202 -103.224566 -67.154233 249.644618 -26.667354 73.888792 31.229815 8.103888 -5.499894 42.155309 -22.007995 -13.931162 314.869767
0.333094 0.020065 0.469746 -3.608407 49.697170 -337.056623 -0.000000 -0.000000 -0.000000 -0.000000 -0.000000 -0.000000 -0.000000 -0.000000 -0.000000 12.309832 0.894766 352.857108 -0.000000 -0.000000 -0.000000 -22.858739 -44.158067 330.272217 -2.592586 -28.331606 4.312399 2.827618 1.958028 20.847491 13.936035 21.021992 -31.866544 -28.329411 -49.599440 327.633390 354.348988 -6.591569 -348.734377 -1.409409 -3.685160 9.635656 14.733972 11.168943 -26.558352 -42.981699 -68.828085 315.899763 3.336506 32.102254 -9.757454 9.720468 5.609492 16.904641 -17.187140 -8.673940 343.724590 -101.172744 -67.390509 252.272933 -23.166109 73.596253 27.582729 8.263692 -5.796601 40.986458 -21.679490 -14.025837 316.144258
0.333924 0.019261 0.471672 -3.771605 49.602318 -336.857029 0.000000 -0.000000 -0.000000 0.000000 -0.000000 -0.000000 0.000000 -0.000000 -0.000000 12.553640 1.218409 352.771128 0.000000 -0.000000 -0.000000 -22.836774 -44.026771 330.211702 -2.529108 -28.597470 3.975483 2.804167 1.840735 20.851635 14.007549 21.419951 -31.674866 -28.476711 -50.087693 327.258937 354.161103 -7.256860 -348.657930 -1.697607 -3.785953 10.013828 15.623391 12.214304 -27.140078 -44.019462 -69.280637 314.621038 3.608461 31.075559 -9.767857 8.308411 4.948151 14.847558 -15.511735 -7.318731 346.029199 -99.153187 -67.548827 254.758668 -20.051422 73.224187 24.310375 8.407607 -6.087250 39.840397 -21.317775 -14.162004 317.376010
0.334896 0.018440 0.473599 -4.098594 49.562910 -336.533462 0.000000 -0.000000 -0.000000 0.000000 -0.000000 -0.000000 0.000000 -0.000000 -0.000000 12.821527 1.403600 352.585539 0.000000 -0.000000 -0.000000 -22.751645 -43.636511 330.319328 -2.456225 -29.599781 3.239721 2.818086 1.690029 20.704235 14.192770 22.311442 -31.318459 -28.616087 -50.587716 326.839885 353.964737 -7.982365 -348.513225 -2.026850 -4.095642 10.320337 16.675071 13.416803 -27.840742 -46.860373 -70.461011 311.008447 2.907782 32.062589 -8.903006 6.461239 4.637799 13.373550 -13.319621 -7.295165 347.571419 -97.455048 -67.643873 256.763208 -17.840099 72.903839 21.936137 8.499072 -6.395590 38.870620 -20.940096 -14.371794 318.383509
0.335992 0.017588 0.475522 -4.503371 49.545393 -336.188413 -0.000000 0.000000 -0.000000 -0.000000 0.000000 -0.000000 -0.000000 0.000000 -0.000000 13.086087 1.568646 352.289975 -0.000000 -0.000000 -0.000000 -22.625269 -43.063632 330.589800 -2.387432 -31.038725 2.235092 2.847337 1.539633 20.416458 14.408749 23.472145 -30.814003 -28.720412 -51.014099 326.494220 353.808965 -8.777165 -348.379334 -2.329076 -4.429773 10.542529 17.737927 14.604827 -28.550809 -51.924850 -72.167842 304.694695 1.141861 34.937237 -7.050231 4.578904 4.328423 12.284104 -10.771821 -8.234075 348.650385 -95.982701 -67.736405 258.426980 -16.538313 72.683370 20.463022 8.552152 -6.807648 38.158840 -20.526827 -14.594941 319.104569
0.337219 0.016705 0.477443 -4.872772 49.499273 -335.929050 0.000000 -0.000000 -0.000000 0.000000 -0.000000 -0.000000 0.000000 -0.000000 -0.000000 13.324153 1.864312 351.874297 -0.000000 0.000000 -0.000000 -22.496378 -42.380484 330.993620 -2.329487 -32.585596 1.122794 2.874124 1.494800 20.064529 14.565485 24.586491 -30.233007 -28.814592 -51.358788 326.279762 353.697897 -9.497842 -348.260594 -2.546877 -4.674446 10.589095 18.651435 15.643342 -29.116565 -59.490858 -73.987492 295.590216 -1.676388 39.122545 -4.204072 2.874388 3.735111 11.465342 -8.079190 -9.617929 349.457021 -94.434327 -67.875435 260.131464 -15.837561 72.510302 19.578625 8.632364 -7.401437 37.713968 -20.071550 -14.705038 319.583575
0.338592 0.015815 0.479371 -5.144195 49.404362 -335.793182 0.000000 0.000000 0.000000 0.000000 0.000000 0.000000 0.000000 0.000000 0.000000 13.521544 2.316834 351.371389 0.000000 0.000000 0.000000 -22.398377 -41.670666 331.460634 -2.283155 -33.952428 0.106061 2.897713 1.565710 19.726670 14.643317 25.430564 -29.714933 -28.956880 -51.626663 326.184544 353.617435 -10.015307 -348.115106 -2.627235 -4.742534 10.430885 19.301181 16.393663 -29.493426 -69.255812 -75.469422 284.251564 -5.405859 43.864627 -0.517785 1.166412 2.877691 10.947019 -5.246296 -11.206391 349.975412 -92.626208 -68.058105 262.117717 -15.297884 72.317749 18.851053 8.759999 -8.197750 37.457900 -19.565403 -14.613433 319.936456
0.340100 0.014962 0.481304 -5.348327 49.286001 -335.732629 -0.000000 0.000000 0.000000 -0.000000 0.000000 0.000000 -0.000000 0.000000 0.000000 13.693551 2.843403 350.847482 0.000000 0.000000 0.000000 -22.336531 -41.027652 331.906550 -2.242834 -34.949807 -0.612707 2.936708 1.638938 19.484258 14.715779 25.933056 -29.474169 -29.181697 -51.837204 326.149654 353.547542 -10.318634 -347.894806 -2.541711 -4.583518 10.207215 19.694685 16.746662 -29.834359 -79.527351 -76.335152 272.653849 -9.522362 48.325430 3.459763 -0.674995 1.874753 10.824094 -2.409879 -12.778729 350.102871 -90.634662 -68.248388 264.336670 -14.451480 72.086182 17.828247 8.876052 -9.192489 37.279475 -18.967349 -14.285686 320.282427
0.341704 0.014199 0.483227 -5.584736 49.193474 -335.674637 -0.000000 -0.000000 0.000000 -0.000000 -0.000000 0.000000 -0.000000 -0.000000 0.000000 13.888797 3.375865 350.359307 -0.000000 -0.000000 -0.000000 -22.293038 -40.526334 332.295003 -2.188770 -35.499321 -0.908335 3.015711 1.582141 19.409900 14.883118 26.102741 -29.720176 -29.459372 -52.082913 326.114117 353.453923 -10.474946 -347.550823 -2.345013 -4.312525 10.028725 19.994154 16.817848 -30.318391 -87.796917 -76.692644 263.491701 -13.086196 51.851864 6.796748 -2.466726 0.828651 11.152283 0.012556 -14.073257 349.764466 -88.670714 -68.440240 266.546966 -13.160018 71.784740 16.373955 8.977281 -10.348259 37.162488 -18.272890 -13.692997 320.640860
0.343361 0.013569 0.485120 -5.930928 49.157356 -335.607376 -0.000000 0.000000 0.000000 -0.000000 0.000000 0.000000 -0.000000 0.000000 0.000000 14.142300 3.905627 349.946567 0.000000 -0.000000 0.000000 -22.231483 -40.188950 332.677079 -2.101450 -35.625570 -0.771425 3.144043 1.300467 19.501037 15.199210 26.008046 -30.517508 -29.717051 -52.464099 326.088263 353.327420 -10.613592 -347.105099 -2.207775 -4.247811 9.759554 20.462215 17.063106 -30.912666 -93.090234 -76.890475 257.682068 -15.480594 54.309237 8.931907 -4.011808 -0.120452 11.806619 1.785041 -15.047610 349.074534 -86.736340 -68.686269 268.633016 -11.883818 71.247242 14.920603 9.166616 -11.493393 37.155256 -17.543475 -12.886199 320.947353
0.345034 0.013099 0.486963 -6.371883 49.160952 -335.595014 -0.000000 0.000000 -0.000000 -0.000000 0.000000 -0.000000 -0.000000 0.000000 -0.000000 14.436480 4.438218 349.659989 0.000000 -0.000000 -0.000000 -22.106955 -39.988571 333.143927 -1.983596 -35.416991 -0.268931 3.309461 0.817884 19.684865 15.629290 25.705299 -31.747858 -29.892042 -52.936911 326.188316 353.241274 -10.942577 -346.745047 -2.342141 -4.693869 9.162878 21.326298 18.022167 -31.409637 -96.327694 -77.161339 254.094372 -17.013315 55.983979 10.226600 -5.384958 -0.842136 12.430902 3.198038 -15.893118 348.396899 -84.297419 -69.045344 271.037170 -11.034383 70.140067 13.831390 9.419674 -12.356102 37.125649 -16.735623 -12.084437 321.247991
0.346706 0.012806 0.488736 -6.850812 49.165833 -335.690012 0.000000 -0.000000 0.000000 0.000000 -0.000000 0.000000 0.000000 -0.000000 0.000000 14.735166 4.943980 349.565249 0.000000 0.000000 0.000000 -21.902271 -39.921819 333.712191 -1.849700 -34.907124 0.570700 3.495624 0.371343 19.885868 16.029580 25.065398 -33.210989 -29.971183 -53.346611 326.531912 353.305370 -11.611845 -346.726837 -2.852325 -5.675487 8.201633 22.616701 19.864146 -31.675819 -98.614116 -77.559796 251.499330 -18.281867 57.189645 11.281586 -6.564831 -1.255595 12.843858 4.445260 -16.783128 347.922993 -80.378738 -69.490483 274.814930 -10.052674 68.070740 12.506174 9.468023 -12.784908 36.741177 -15.632236 -11.476852 321.768267
0.348373 0.012689 0.490421 -7.367285 49.164220 -335.847827 -0.000000 -0.000000 -0.000000 -0.000000 -0.000000 -0.000000 -0.000000 -0.000000 -0.000000 15.032683 5.342034 349.699858 -0.000000 -0.000000 0.000000 -21.645669 -40.082085 334.261404 -1.708934 -33.985778 1.830095 3.695992 0.235266 20.009883 16.209622 23.859269 -34.711433 -30.002884 -53.644222 327.073565 353.547741 -12.525701 -347.142938 -3.632768 -6.902477 7.123093 24.117123 22.205696 -31.775072 -100.431692 -78.056324 249.416810 -19.402647 58.060196 12.193695 -7.314664 -1.310513 13.252442 5.273728 -17.749158 347.462207 -74.210032 -69.838229 280.946211 -7.999795 64.755318 9.989397 9.107351 -12.835258 35.865582 -14.109194 -10.919873 322.661200
0.350035 0.012738 0.492011 -7.963811 49.184476 -335.960796 0.000000 -0.000000 0.000000 0.000000 -0.000000 0.000000 0.000000 -0.000000 0.000000 15.339936 5.526248 350.044965 0.000000 0.000000 -0.000000 -21.388055 -40.585221 334.617972 -1.575519 -32.517711 3.568548 3.900813 0.345669 19.925461 16.108119 22.155655 -36.093486 -30.060613 -53.937303 327.616105 353.896564 -13.403798 -347.865533 -4.423577 -7.975559 6.302963 25.502487 24.381056 -31.866625 -101.945154 -78.584851 247.702684 -20.153308 58.625599 12.738224 -7.547781 -0.978589 13.919341 5.445706 -18.779615 346.764454 -66.030832 -69.787890 289.336350 -4.891542 60.162651 6.312907 8.402388 -12.692053 34.789229 -12.291236 -10.007648 323.768851
0.351688 0.012928 0.493504 -8.645849 49.255413 -335.952015 -0.000000 0.000000 -0.000000 -0.000000 0.000000 -0.000000 -0.000000 0.000000 -0.000000 15.652551 5.425094 350.554228 -0.000000 -0.000000 -0.000000 -21.190036 -41.393498 334.704518 -1.465660 -30.549112 5.609646 4.072042 0.266681 19.588449 15.877673 20.416041 -37.291246 -30.176023 -54.306463 327.994803 354.264809 -14.029924 -348.690397 -4.970795 -8.605956 6.022464 26.512241 25.840368 -32.063565 -103.225572 -79.072829 246.282908 -20.407774 58.907220 12.801865 -7.483240 -0.267839 14.894048 5.086359 -19.894628 345.776120 -57.213387 -69.133491 298.618374 -1.529103 54.596144 2.321884 7.527386 -12.555623 34.017224 -10.410107 -8.459194 324.675224
0.353320 0.013209 0.494890 -9.355095 49.379815 -335.825364 0.000000 0.000000 0.000000 0.000000 0.000000 0.000000 0.000000 0.000000 0.000000 15.952163 5.081083 351.159963 -0.000000 0.000000 -0.000000 -21.110840 -42.296407 334.586872 -1.368411 -28.298398 7.592093 4.141051 -0.407870 19.137979 15.733362 19.089393 -38.344260 -30.314131 -54.711339 328.189835 354.600352 -14.394699 -349.468197 -5.140984 -8.659958 6.357201 27.023249 26.350465 -32.383214 -104.064204 -79.490030 245.384603 -20.135552 58.906199 12.363658 -7.323599 0.799692 16.182507 4.344106 -21.113144 344.473499 -49.254783 -67.930292 307.233770 1.443292 48.562217 -1.295821 6.645381 -12.537452 33.905115 -8.638990 -6.303119 325.026563
0.354926 0.013523 0.496164 -9.973180 49.523791 -335.676200 0.000000 0.000000 0.000000 0.000000 0.000000 0.000000 0.000000 0.000000 0.000000 16.200719 4.686941 351.724300 0.000000 0.000000 -0.000000 -21.150660 -43.104522 334.392682 -1.266785 -25.966217 9.247406 4.051928 -1.757609 18.795026 15.785007 18.316962 -39.330904 -30.410153 -55.084919 328.290163 354.878409 -14.652751 -350.161199 -4.986907 -8.173610 7.152840 27.092253 26.104264 -32.731478 -103.912764 -79.872266 245.627769 -19.279482 58.599018 11.364904 -7.108699 2.162910 17.761267 3.231534 -22.364465 342.853902 -42.843389 -66.404257 314.391112 3.715873 42.543218 -4.200491 5.900547 -12.708670 34.418289 -6.988199 -3.717165 324.827678
0.356507 0.013810 0.497327 -10.344137 49.628252 -335.660971 -0.000000 0.000000 0.000000 -0.000000 0.000000 0.000000 -0.000000 0.000000 0.000000 16.330061 4.485039 352.071324 0.000000 -0.000000 0.000000 -21.208429 -43.771725 334.239421 -1.186952 -23.704393 10.488867 3.805444 -3.568790 18.723508 16.030494 18.042421 -40.267673 -30.415429 -55.403842 328.417369 355.090340 -14.971800 -350.822186 -4.732351 -7.407377 8.079682 26.949391 25.658433 -32.940006 -102.300029 -80.272048 247.558003 -17.943177 58.015233 9.898852 -6.883699 3.672268 19.408484 1.909121 -23.520205 341.126835 -38.012494 -64.826211 319.879018 5.095187 37.051307 -6.156349 5.381455 -13.118452 35.149096 -5.378207 -0.983390 324.421568
0.358062 0.014026 0.498382 -10.370396 49.653313 -335.892189 -0.000000 0.000000 -0.000000 -0.000000 0.000000 -0.000000 -0.000000 0.000000 -0.000000 16.287231 4.586047 352.132836 -0.000000 -0.000000 -0.000000 -21.145188 -44.319194 334.219203 -1.167460 -21.740310 11.255557 3.465818 -5.451042 18.967147 16.391500 18.170339 -41.034040 -30.303891 -55.657129 328.667645 355.240632 -15.372283 -351.478603 -4.569907 -6.680062 8.870570 26.797772 25.438668 -32.914159 -99.412132 -80.685303 250.970690 -16.576710 57.329585 8.400596 -6.633306 5.088556 20.822303 0.630303 -24.479856 339.600728 -34.608661 -63.488536 323.647671 5.517419 32.717726 -7.029904 5.086283 -13.660120 35.536975 -3.867440 1.399515 324.265391
0.359588 0.014140 0.499331 -10.107218 49.611260 -336.338403 -0.000000 -0.000000 0.000000 -0.000000 -0.000000 0.000000 -0.000000 -0.000000 0.000000 16.096821 4.908634 352.005335 0.000000 -0.000000 -0.000000 -20.896386 -44.775717 334.351800 -1.202326 -20.314086 11.488987 3.136647 -6.918536 19.418639 16.695941 18.521403 -41.391695 -30.060260 -55.827099 329.060181 355.339455 -15.710513 -352.054144 -4.469025 -6.046985 9.529555 26.591509 25.297454 -32.723046 -96.252261 -81.057348 254.734613 -15.750711 56.836934 7.423637 -6.156099 6.111867 21.788480 -0.496208 -25.134875 338.490217 -32.495366 -62.659810 325.733276 5.148540 30.091159 -6.915391 4.907553 -14.077831 35.162314 -2.688964 2.854380 324.702205
0.361082 0.014126 0.500186 -9.715981 49.547584 -336.855821 0.000000 -0.000000 0.000000 0.000000 -0.000000 0.000000 0.000000 -0.000000 0.000000 15.841719 5.284906 351.829153 0.000000 -0.000000 -0.000000 -20.508400 -45.209403 334.542457 -1.265080 -19.443995 11.283319 2.896836 -7.563275 19.873461 16.718350 18.785081 -41.145083 -29.684100 -55.901524 329.532437 355.400582 -15.833210 -352.452544 -4.278725 -5.329111 10.202895 26.130568 24.796606 -32.476042 -93.930652 -81.348900 257.609041 -15.740683 56.757606 7.228773 -5.229650 6.516677 22.231675 -1.500750 -25.380859 337.870868 -31.624316 -62.506687 326.263385 4.321850 29.444760 -6.112405 4.700964 -14.321512 33.941853 -1.967174 3.141049 325.817123
0.362548 0.013974 0.500961 -9.319024 49.497977 -337.318957 -0.000000 0.000000 0.000000 -0.000000 0.000000 0.000000 -0.000000 0.000000 0.000000 15.581072 5.584474 351.666948 0.000000 -0.000000 -0.000000 -20.084020 -45.678154 334.668106 -1.339388 -18.936612 10.832563 2.748363 -7.283376 20.208571 16.343878 18.693636 -40.315711 -29.203145 -55.864315 330.005161 355.446439 -15.679253 -352.664932 -3.985466 -4.527727 10.855034 25.351157 23.849903 -32.151675 -92.636449 -81.551148 259.372954 -16.371785 57.050084 7.643455 -3.874185 6.349038 22.271691 -2.444156 -25.256235 337.646678 -32.071362 -63.063244 325.370470 3.341340 30.835757 -4.948805 4.414452 -14.622130 32.126015 -1.629255 2.411820 327.402086
0.363993 0.013680 0.501653 -8.922080 49.466452 -337.700392 0.000000 -0.000000 -0.000000 0.000000 -0.000000 -0.000000 0.000000 -0.000000 -0.000000 15.314925 5.762605 351.523602 0.000000 0.000000 -0.000000 -19.721956 -46.126133 334.697020 -1.382947 -18.706250 10.145896 2.641033 -6.303155 20.516400 15.683179 18.289112 -39.102925 -28.683955 -55.667776 330.445256 355.508855 -15.239636 -352.750211 -3.723276 -3.936239 11.242830 24.378070 22.773083 -31.628819 -91.572263 -81.660630 260.872213 -17.221273 57.460385 8.272571 -2.270155 5.932575 22.212105 -3.468493 -24.938756 337.532021 -34.013220 -64.251933 323.062636 2.338958 34.164149 -3.598944 4.085036 -15.000243 30.270757 -1.650522 0.775581 328.931017
0.365410 0.013256 0.502229 -8.471233 49.438127 -338.028961 -0.000000 0.000000 -0.000000 -0.000000 0.000000 -0.000000 -0.000000 0.000000 -0.000000 15.029026 5.832530 351.433088 0.000000 -0.000000 0.000000 -19.490936 -46.433396 334.663844 -1.324149 -18.910287 8.998486 2.516494 -4.999482 20.998804 14.990914 17.965334 -37.683689 -28.226840 -55.246137 330.849255 355.617343 -14.545451 -352.771984 -3.546559 -3.704428 11.211701 23.292680 21.760175 -30.829924 -89.946094 -81.666080 262.945063 -17.936868 57.735380 8.800111 -0.476000 5.685037 22.391447 -4.868943 -24.601033 337.163267 -37.684543 -65.912920 319.138628 1.280321 39.090996 -2.038618 3.690562 -15.023030 29.144060 -2.134641 -1.893694 329.633966
0.366761 0.012744 0.502624 -7.944794 49.404921 -338.310300 -0.000000 0.000000 0.000000 -0.000000 0.000000 0.000000 -0.000000 0.000000 0.000000 14.738189 5.802604 351.476289 0.000000 -0.000000 0.000000 -19.426480 -46.565476 334.561665 -1.136801 -19.695931 7.233068 2.334302 -3.786283 21.727087 14.497102 18.224027 -36.115718 -27.928244 -54.580574 331.186021 355.782937 -13.700333 -352.782570 -3.352164 -3.584199 10.857019 22.032605 20.661139 -29.784856 -87.659512 -81.545924 265.694258 -18.352925 57.722400 9.086408 1.514900 5.889330 22.930369 -6.814416 -24.301759 336.386032 -43.319289 -67.798054 313.254369 0.011754 45.001817 -0.115983 3.107839 -14.461119 29.103480 -3.060081 -5.392688 329.127948
0.367994 0.012210 0.502770 -7.372632 49.376589 -338.510645 0.000000 -0.000000 -0.000000 0.000000 -0.000000 -0.000000 0.000000 -0.000000 -0.000000 14.472621 5.651028 351.710267 0.000000 -0.000000 0.000000 -19.533829 -46.609854 334.319421 -0.885648 -20.935136 4.996524 2.099597 -3.095430 22.495357 14.298310 19.411373 -34.358688 -27.826379 -53.739343 331.388760 355.986799 -12.796872 -352.792955 -3.041234 -3.304405 10.413293 20.584085 19.283598 -28.651725 -84.874914 -81.274103 268.927261 -18.431933 57.295623 9.109568 3.568386 6.480669 23.585050 -9.000165 -23.917005 335.460082 -50.931622 -69.550578 305.268981 -1.701698 51.119378 2.351141 2.390183 -13.713942 29.809499 -4.237486 -8.870551 327.794332
0.369061 0.011737 0.502622 -6.801579 49.374382 -338.588809 -0.000000 -0.000000 -0.000000 -0.000000 -0.000000 -0.000000 -0.000000 -0.000000 -0.000000 14.251535 5.352293 352.123250 0.000000 -0.000000 -0.000000 -19.796498 -46.682885 333.865398 -0.668549 -22.346052 2.614383 1.868236 -3.204552 22.951301 14.338449 21.602780 -32.326275 -27.884623 -52.820183 331.403982 356.185013 -11.808236 -352.735798 -2.653326 -2.972116 10.065267 19.111806 17.664044 -27.682780 -81.408446 -80.814609 272.777606 -18.283426 56.324753 8.981864 5.543539 6.987114 23.976977 -10.828715 -23.137732 334.850567 -59.991603 -70.804091 295.671213 -4.097552 56.715701 5.502777 1.861913 -13.217261 30.809744 -5.525348 -11.500733 326.234286
0.369942 0.011398 0.502177 -6.272992 49.420524 -338.514785 -0.000000 0.000000 -0.000000 -0.000000 0.000000 -0.000000 -0.000000 0.000000 -0.000000 14.084448 4.895300 352.673578 0.000000 -0.000000 0.000000 -20.195031 -46.849518 333.168492 -0.563215 -23.811892 0.380707 1.709026 -3.947159 22.915480 14.473293 24.546420 -30.050057 -28.031243 -51.856059 331.229480 356.338689 -10.677823 -352.528527 -2.301305 -2.907392 9.856307 17.812548 15.995650 -27.056692 -76.931132 -80.111103 277.540857 -18.044340 54.740750 8.823074 7.486409 6.751075 23.924058 -11.897078 -21.543507 334.864879 -69.282682 -71.349007 285.769052 -7.129728 61.261814 9.199705 1.844735 -13.062681 31.869900 -6.883602 -12.942394 324.848635
0.370640 0.011254 0.501469 -5.819824 49.531542 -338.274476 0.000000 -0.000000 -0.000000 0.000000 -0.000000 -0.000000 0.000000 -0.000000 -0.000000 13.973425 4.284015 353.309966 0.000000 -0.000000 0.000000 -20.717870 -47.124946 332.233189 -0.636209 -25.415662 -1.434580 1.665355 -4.680627 22.566407 14.599961 27.621769 -27.895741 -28.199774 -50.815377 330.906016 356.444572 -9.495448 -352.193422 -2.064053 -3.268268 9.722897 16.766363 14.479738 -26.735649 -71.429947 -79.095838 283.261964 -17.403956 52.470341 8.321176 9.438813 5.458621 23.605010 -12.310598 -18.787429 335.394958 -77.298197 -71.227232 277.309754 -10.023469 64.530144 12.603874 2.488789 -13.246916 32.858436 -8.275617 -13.155576 323.888550
0.371170 0.011348 0.500555 -5.466950 49.719636 -337.879340 -0.000000 0.000000 0.000000 -0.000000 0.000000 0.000000 -0.000000 0.000000 0.000000 13.901550 3.549725 353.930487 0.000000 -0.000000 -0.000000 -21.346863 -47.511796 331.095738 -0.925460 -27.227255 -2.574681 1.746099 -4.626956 22.319149 14.744398 30.009776 -26.477150 -28.340503 -49.693203 330.485825 356.535789 -8.464753 -351.864347 -1.982265 -4.009118 9.561398 15.967660 13.303514 -26.507870 -65.315906 -77.718656 289.616601 -15.485216 49.298637 6.678338 11.003996 3.702229 23.525023 -12.546014 -15.027545 335.867974 -83.131363 -70.682971 271.477703 -11.456796 66.657842 14.365396 3.734337 -13.788391 33.691313 -9.642906 -12.296213 323.469710
0.371557 0.011692 0.499498 -5.228231 49.990902 -337.370027 -0.000000 -0.000000 -0.000000 -0.000000 -0.000000 -0.000000 -0.000000 -0.000000 -0.000000 13.839045 2.762673 354.398392 0.000000 0.000000 -0.000000 -22.042916 -47.991734 329.838496 -1.388559 -29.232164 -3.007915 1.931897 -3.334300 22.529663 14.971458 31.158078 -26.167699 -28.436914 -48.556832 330.012509 356.656083 -7.697893 -351.667751 -2.067346 -5.042985 9.228302 15.372856 12.605772 -26.112497 -59.273420 -75.991200 296.011257 -11.666296 44.989405 3.410102 11.404381 2.735244 24.105065 -12.949722 -11.103862 335.706459 -87.002842 -69.982299 268.137043 -10.706116 68.004866 13.780293 5.334481 -14.422846 34.513402 -11.071627 -10.859812 323.336045
0.371847 0.012266 0.498365 -5.091935 50.326685 -336.808825 -0.000000 -0.000000 -0.000000 -0.000000 -0.000000 -0.000000 -0.000000 -0.000000 -0.000000 13.770469 2.021958 354.643945 0.000000 0.000000 0.000000 -22.763307 -48.480030 328.587848 -1.916318 -31.396338 -3.029477 2.180165 -0.931371 23.270112 15.254294 31.131316 -26.781868 -28.525469 -47.500563 329.519435 356.833751 -7.114895 -351.636249 -2.264054 -6.257637 8.558001 14.870041 12.360732 -25.336798 -53.916756 -74.008390 301.914248 -6.351402 39.604596 -1.018250 10.281635 3.304433 25.279844 -13.599233 -7.859042 334.907180 -89.735476 -69.277142 266.290906 -8.210906 68.869467 11.347832 6.982497 -14.687446 35.576125 -12.696764 -9.434062 323.035399
0.372109 0.013022 0.497242 -5.016746 50.674409 -336.266244 0.000000 0.000000 -0.000000 0.000000 0.000000 -0.000000 0.000000 0.000000 -0.000000 13.706514 1.413400 354.726665 0.000000 -0.000000 0.000000 -23.488957 -48.840116 327.473292 -2.389698 -33.512168 -2.943894 2.436580 1.876780 24.289606 15.530327 30.441578 -27.849695 -28.665126 -46.625131 329.023091 357.059803 -6.503685 -351.716874 -2.456774 -7.459587 7.510776 14.299259 12.336606 -24.123440 -49.572447 -71.925353 307.034489 -0.451194 33.555733 -5.734824 7.953551 5.268630 26.635679 -14.565438 -5.622544 333.947440 -91.845845 -68.628307 265.190169 -4.821261 69.336523 7.968630 8.328776 -14.374906 36.834506 -14.352708 -8.355451 322.407176
0.372424 0.013897 0.496221 -4.978773 50.981478 -335.784242 -0.000000 0.000000 0.000000 -0.000000 0.000000 0.000000 -0.000000 0.000000 0.000000 13.675433 0.954495 354.777203 0.000000 0.000000 -0.000000 -24.217141 -48.975200 326.573266 -2.703481 -35.096829 -2.790997 2.672793 4.048906 25.172262 15.812329 29.682787 -29.002837 -28.871927 -46.077491 328.499294 357.275200 -5.644604 -351.821835 -2.553474 -8.445702 6.315486 13.581786 12.235970 -22.662238 -46.468095 -69.992952 310.986634 5.307902 27.465137 -10.024474 4.950407 8.069287 27.643693 -15.922042 -4.340726 333.426639 -93.316325 -68.075627 264.718239 -1.144073 69.326944 4.258418 9.088564 -13.772830 37.902982 -15.562313 -7.610918 321.730734
0.372879 0.014817 0.495375 -5.031356 51.236480 -335.321683 0.000000 0.000000 -0.000000 0.000000 0.000000 -0.000000 0.000000 0.000000 -0.000000 13.721491 0.603918 354.867057 0.000000 0.000000 0.000000 -24.932514 -48.889566 325.880150 -2.792861 -35.721798 -2.477327 2.909433 4.537782 25.529588 16.240166 29.509367 -30.046266 -29.104216 -46.004098 327.878657 357.395487 -4.458465 -351.874382 -2.557359 -9.131326 5.385603 12.816214 11.902515 -21.349077 -44.944608 -68.634336 312.990080 10.378738 22.333554 -13.325031 1.922859 10.914309 28.019417 -17.672970 -3.710285 333.637173 -94.044010 -67.637924 264.892906 2.342139 68.799460 0.684248 9.281477 -13.216089 38.601129 -16.098388 -7.058295 321.219598
0.373561 0.015711 0.494745 -5.273672 51.452929 -334.761663 0.000000 0.000000 0.000000 0.000000 0.000000 0.000000 0.000000 0.000000 0.000000 13.900324 0.352573 354.931198 -0.000000 0.000000 0.000000 -25.619088 -48.661440 325.292196 -2.673293 -35.387837 -2.013660 3.170263 2.643956 25.123683 17.056765 30.670573 -30.884042 -29.306598 -46.375917 327.104617 357.370591 -3.132395 -351.840278 -2.554937 -9.563361 5.068944 12.225487 11.409235 -20.601216 -45.422166 -68.287742 312.106355 14.300842 19.549056 -15.338468 -0.230420 12.987965 28.149524 -19.864513 -3.292868 334.103895 -94.194419 -67.273276 265.439051 5.122150 67.931376 -2.237259 9.095018 -12.669901 39.129027 -16.176930 -6.736240 320.704084
0.374576 0.016516 0.494346 -5.723468 51.609775 -334.025607 0.000000 -0.000000 -0.000000 0.000000 -0.000000 -0.000000 0.000000 -0.000000 -0.000000 14.238992 0.284195 354.819111 0.000000 -0.000000 0.000000 -26.295935 -48.393557 324.650925 -2.414193 -34.359036 -1.449528 3.381606 -1.582735 23.880020 18.372154 33.510973 -31.436268 -29.435343 -46.925294 326.211949 357.212750 -2.083716 -351.731499 -2.636691 -9.818062 5.448998 12.010279 10.986336 -20.625298 -48.235365 -68.981654 307.826036 16.855514 19.925660 -16.215737 -1.043270 14.038966 28.776615 -22.420186 -2.883598 333.960596 -94.002176 -66.904029 266.054863 6.864032 67.040282 -4.161885 8.677240 -11.971252 39.713380 -16.089567 -6.810255 319.944749
0.376033 0.017191 0.494181 -6.245949 51.637824 -333.178560 0.000000 -0.000000 0.000000 0.000000 -0.000000 0.000000 0.000000 -0.000000 0.000000 14.694419 0.526404 354.394881 -0.000000 0.000000 -0.000000 -26.977344 -48.187303 323.842092 -2.096397 -32.798640 -0.722401 3.355517 -6.974546 21.930861 19.824276 37.253591 -31.557157 -29.446902 -47.342553 325.324817 356.942475 -1.706851 -351.549878 -2.804766 -9.890227 6.305210 12.219457 10.840730 -21.295038 -53.366274 -70.198234 300.502386 18.163191 22.894878 -16.355999 -1.169495 14.708150 30.402086 -24.929711 -2.808423 332.606361 -93.422658 -66.489632 266.860264 7.620492 66.307080 -5.141477 8.147634 -11.085030 40.404881 -15.993433 -7.332344 318.911936
0.378002 0.017721 0.494233 -6.669122 51.490150 -332.370711 0.000000 -0.000000 -0.000000 0.000000 -0.000000 -0.000000 0.000000 -0.000000 -0.000000 15.181719 1.128125 353.602413 -0.000000 0.000000 0.000000 -27.584968 -48.105748 322.897408 -1.821009 -30.851131 0.208580 3.008436 -11.547885 19.746250 20.651291 40.211744 -31.067228 -29.332537 -47.504959 324.558128 356.536476 -2.081633 -351.210267 -2.943354 -9.689538 7.258984 12.726099 10.963835 -22.311308 -60.198145 -71.312620 291.307644 18.457446 27.186984 -16.054141 -1.664974 16.066024 33.011152 -27.059026 -3.762281 329.822818 -92.224083 -66.051737 268.251536 7.735689 65.636853 -5.535178 7.613999 -10.034934 41.136616 -15.952429 -8.194601 317.737969
0.380482 0.018127 0.494461 -6.989196 51.217669 -331.661280 0.000000 0.000000 0.000000 0.000000 0.000000 0.000000 0.000000 0.000000 0.000000 15.656399 1.944325 352.532246 0.000000 0.000000 0.000000 -27.974672 -48.138735 321.975368 -1.666250 -28.827964 1.182803 2.517299 -13.896396 17.896750 20.350639 41.183133 -29.912984 -29.192568 -47.546564 323.902554 355.959113 -2.867676 -350.556328 -2.907091 -9.175486 8.037256 13.337600 11.109946 -23.520961 -67.789939 -72.035488 281.590213 17.746951 31.943997 -15.324809 -2.963438 18.352251 35.934368 -28.655087 -6.187715 326.125125 -90.379677 -65.636515 270.334544 7.554839 64.804752 -5.705197 7.211500 -8.877604 41.808070 -15.979761 -9.160955 316.625632
0.383411 0.018460 0.494811 -7.404423 50.952172 -330.963636 -0.000000 -0.000000 0.000000 -0.000000 -0.000000 0.000000 -0.000000 -0.000000 0.000000 16.144470 2.666723 351.446254 -0.000000 0.000000 -0.000000 -28.078271 -48.249192 321.218303 -1.609447 -26.995879 1.986520 2.072165 -14.018386 16.536365 19.048594 40.180885 -28.231565 -29.207115 -47.784380 323.218827 355.226722 -3.523237 -349.513238 -2.652170 -8.452848 8.662391 13.943885 11.014490 -25.007844 -75.561016 -72.406900 272.053354 15.814614 36.914642 -13.935739 -4.595959 20.381994 38.111599 -29.354888 -9.676224 322.871029 -88.135107 -65.292294 272.776831 7.188142 63.621713 -5.774064 7.100321 -7.786138 42.278527 -15.973614 -9.916268 315.837530
0.386681 0.018782 0.495232 -8.106357 50.806029 -330.192972 -0.000000 -0.000000 0.000000 -0.000000 -0.000000 0.000000 -0.000000 -0.000000 0.000000 16.676059 3.048958 350.616147 0.000000 -0.000000 0.000000 -27.957831 -48.450718 320.662708 -1.570793 -25.351181 2.609751 1.717798 -12.728872 15.454022 17.237106 37.845715 -26.349002 -29.498442 -48.534944 322.360998 354.408709 -3.701059 -348.191209 -2.278032 -7.699905 9.375983 14.568864 10.646589 -26.878815 -83.470479 -72.546136 262.651420 12.517288 41.986251 -11.594286 -5.840053 20.929244 38.801944 -28.692674 -13.388957 321.241913 -85.628585 -65.076379 275.323707 6.635029 61.893239 -5.758819 7.350167 -6.940207 42.397445 -15.732851 -10.209001 315.604677
0.390187 0.019153 0.495692 -9.079264 50.796202 -329.398947 -0.000000 -0.000000 -0.000000 -0.000000 -0.000000 -0.000000 -0.000000 -0.000000 -0.000000 17.218680 3.075846 350.133452 0.000000 0.000000 -0.000000 -27.710131 -48.766014 320.303288 -1.516177 -23.812846 3.202434 1.461184 -10.992166 14.472582 15.482754 35.000930 -24.718982 -30.078252 -49.900231 321.287512 353.589824 -3.423359 -346.810597 -1.970685 -7.112729 10.358334 15.340252 10.270833 -29.076177 -91.546394 -72.489806 253.231668 7.965235 46.908683 -8.151276 -6.294364 19.945532 37.983191 -26.795492 -16.652905 321.446010 -82.611501 -65.014735 278.271770 6.048887 59.377100 -5.849611 7.904524 -6.391639 42.080841 -15.103827 -9.925600 316.019083
0.393849 0.019606 0.496194 -10.125987 50.857869 -328.720638 -0.000000 -0.000000 0.000000 -0.000000 -0.000000 0.000000 -0.000000 -0.000000 0.000000 17.695267 2.870306 349.960173 -0.000000 0.000000 -0.000000 -27.350507 -49.122276 320.190339 -1.476358 -22.443197 3.876266 1.313461 -9.603295 13.593624 14.203377 32.454276 -23.707926 -30.890308 -51.670476 320.088970 352.881825 -2.992278 -345.628842 -1.926583 -6.931893 11.553894 16.453655 10.338585 -31.380655 -99.191684 -72.236606 244.409100 2.486111 51.334525 -3.743280 -6.003000 18.148332 36.280608 -24.348286 -19.185560 322.810197 -78.618619 -65.032654 282.281862 5.569550 55.950095 -6.247016 8.773329 -6.228808 41.314307 -14.055113 -8.960586 317.083724
0.397610 0.020144 0.496761 -11.032842 50.907429 -328.276029 -0.000000 -0.000000 0.000000 -0.000000 -0.000000 0.000000 -0.000000 -0.000000 0.000000 18.043906 2.534489 350.069489 -0.000000 0.000000 0.000000 -26.775008 -49.394810 320.424054 -1.527010 -21.301761 4.726930 1.276246 -8.857816 13.018948 13.551819 30.468528 -23.595224 -31.793151 -53.425432 318.987711 352.438201 -2.875038 -344.937317 -2.274430 -7.358906 12.679957 18.091707 11.319176 -33.452440 -105.306253 -71.922501 237.451136 -3.262554 54.873137 1.044109 -5.243462 16.327747 34.603298 -22.153428 -21.016031 324.278581 -73.361203 -64.953187 287.763407 5.005732 51.743257 -6.821823 10.078172 -6.705625 40.083574 -12.599570 -7.175495 318.793003
0.401378 0.020748 0.497403 -11.679317 50.897443 -328.131192 -0.000000 0.000000 -0.000000 -0.000000 0.000000 -0.000000 -0.000000 0.000000 -0.000000 18.245138 2.151886 350.430486 0.000000 0.000000 0.000000 -25.828045 -49.561736 321.072216 -1.774812 -20.263771 5.915003 1.355961 -8.522748 13.104303 13.475315 28.612730 -24.669653 -32.549702 -54.811117 318.273610 352.364598 -3.518479 -344.953225 -3.002098 -8.369276 13.311003 20.269060 13.500319 -34.879424 -109.179663 -71.826548 233.242500 -8.043894 57.191993 5.013569 -4.417332 15.083733 33.577037 -20.713865 -22.321020 325.106465 -67.021434 -64.600895 294.446253 4.124603 46.995208 -7.327095 11.656751 -7.743904 38.469794 -10.857039 -4.752019 320.927443
0.405012 0.021391 0.498078 -12.065853 50.844051 -328.297998 0.000000 -0.000000 -0.000000 0.000000 -0.000000 -0.000000 0.000000 -0.000000 -0.000000 18.313924 1.810501 350.962716 -0.000000 0.000000 0.000000 -24.433168 -49.705390 322.130414 -2.285695 -19.154735 7.496014 1.529454 -8.257468 14.012686 13.749736 26.395770 -26.892960 -32.994442 -55.777039 318.100844 352.611893 -5.037835 -345.651953 -3.958377 -9.632484 13.074101 22.693714 16.776608 -35.325304 -111.074843 -72.124629 231.517412 -10.704985 58.292185 7.053926 -3.923434 14.765716 33.376776 -20.140346 -23.322847 325.059258 -60.297622 -63.941885 301.437003 3.165769 41.853135 -7.817749 12.835931 -8.353963 36.916465 -9.250047 -2.489671 322.786784
0.408371 0.022042 0.498710 -12.310886 50.817576 -328.693505 0.000000 0.000000 0.000000 0.000000 0.000000 0.000000 0.000000 0.000000 0.000000 18.292730 1.515411 351.603558 0.000000 -0.000000 -0.000000 -22.691485 -49.878266 323.518411 -2.998909 -17.912383 9.270655 1.707436 -7.934487 15.395574 14.013834 23.764783 -29.617114 -33.173601 -56.493806 318.372334 353.037343 -7.147772 -346.820043 -4.912799 -10.592601 11.966061 24.800679 20.539264 -34.708949 -112.110618 -72.710234 230.899892 -11.594484 58.610399 7.503993 -3.825813 15.239789 33.852828 -20.227667 -24.175057 324.276754 -54.078821 -63.138538 307.711538 2.708084 36.423582 -8.546096 12.843893 -7.273474 36.064699 -8.224990 -1.354755 323.588890
0.411373 0.022666 0.499243 -12.567710 50.889102 -329.167730 0.000000 0.000000 -0.000000 0.000000 0.000000 -0.000000 0.000000 0.000000 -0.000000 18.234024 1.183287 352.326695 0.000000 -0.000000 -0.000000 -20.863661 -50.097499 325.053724 -3.772532 -16.449209 10.993213 1.798656 -7.542221 16.633235 13.930453 20.858110 -32.006573 -33.218129 -57.101933 318.889788 353.523391 -9.446225 -348.232055 -5.630436 -10.762508 10.435135 26.074805 23.932665 -33.253354 -113.501303 -73.338289 229.852553 -12.188904 58.724216 7.771104 -3.819771 15.823180 34.564786 -20.470661 -24.832617 323.280284 -48.949202 -62.436820 312.688780 3.131195 30.896324 -9.610614 11.298292 -4.155851 36.226008 -7.827518 -1.703206 323.139543
0.414004 0.023226 0.499664 -12.859557 51.059203 -329.647296 -0.000000 -0.000000 0.000000 -0.000000 -0.000000 0.000000 -0.000000 -0.000000 0.000000 18.161174 0.829265 353.053611 0.000000 -0.000000 0.000000 -19.233003 -50.433842 326.485163 -4.517762 -14.588345 12.604292 1.790259 -6.962635 17.311199 13.320255 17.684332 -33.573391 -33.181984 -57.627601 319.534463 353.993204 -11.650175 -349.714812 -6.017322 -10.105031 8.984039 26.437120 26.455687 -31.348147 -115.516558 -73.888874 228.009600 -13.237433 58.878276 8.552776 -3.611508 15.929588 35.046634 -20.428777 -25.141824 322.644851 -45.058617 -61.991527 316.363099 4.515607 25.517180 -10.960686 8.253478 0.471956 37.468062 -7.916454 -3.225375 321.640278
0.416288 0.023680 0.499991 -13.028798 51.244223 -330.198432 -0.000000 -0.000000 0.000000 -0.000000 -0.000000 0.000000 -0.000000 -0.000000 0.000000 18.047516 0.637730 353.639220 -0.000000 -0.000000 -0.000000 -17.963155 -50.929996 327.639078 -5.214189 -12.361956 14.095937 1.746233 -6.054909 17.393176 12.247670 14.342531 -34.256077 -33.073990 -58.058374 320.263339 354.388442 -13.569569 -351.128264 -6.177719 -9.015863 7.842080 26.217536 28.179604 -29.375612 -117.356499 -74.435480 226.336711 -14.247713 58.903727 9.357298 -3.270329 15.631050 35.165198 -20.058717 -25.125743 322.516782 -42.422086 -61.840163 318.937140 6.795894 20.686157 -12.505949 3.973927 5.688977 39.802472 -8.370274 -5.363376 319.328257
0.418250 0.023975 0.500231 -12.919524 51.355493 -330.884992 -0.000000 -0.000000 0.000000 -0.000000 -0.000000 0.000000 -0.000000 -0.000000 0.000000 17.860035 0.734358 354.009584 -0.000000 -0.000000 0.000000 -17.068717 -51.448051 328.518438 -5.799007 -10.218675 15.268957 1.723888 -4.944560 17.106245 11.034413 11.317752 -34.238591 -32.936235 -58.375749 321.023365 354.685273 -15.061357 -352.365214 -6.234748 -7.887635 7.091789 25.775341 29.307572 -27.647217 -118.154414 -75.075939 225.881252 -14.494149 58.597835 9.474739 -3.078061 15.328958 35.050703 -19.527395 -24.977160 322.705223 -41.149991 -62.018891 320.406058 9.626461 17.160762 -14.040885 -0.931481 10.176396 42.872489 -8.944690 -7.483720 316.636871
0.419891 0.024056 0.500361 -12.575877 51.382735 -331.622823 0.000000 -0.000000 -0.000000 0.000000 -0.000000 -0.000000 0.000000 -0.000000 -0.000000 17.619938 1.000256 354.243582 -0.000000 -0.000000 -0.000000 -16.475484 -51.760333 329.228676 -6.139962 -8.722317 15.811794 1.698343 -4.023253 16.754766 10.067904 9.247063 -33.777947 -32.803734 -58.546329 321.739861 354.897314 -16.099810 -353.351635 -6.197332 -6.837983 6.742146 25.257689 29.864920 -26.327793 -117.712170 -75.773689 226.850946 -13.861235 57.954263 8.782627 -3.180719 15.231970 34.840398 -18.939352 -24.845315 323.024943 -41.315642 -62.602023 320.519118 12.347353 15.786942 -15.253235 -5.395978 12.672193 45.860785 -9.274531 -9.060876 314.163512
0.421186 0.023892 0.500330 -12.198440 51.386510 -332.237370 -0.000000 0.000000 -0.000000 -0.000000 0.000000 -0.000000 -0.000000 0.000000 -0.000000 17.396774 1.209347 354.470270 -0.000000 -0.000000 0.000000 -16.109402 -51.778162 329.829522 -6.140673 -8.130783 15.564479 1.601993 -3.621809 16.586924 9.565462 8.461460 -33.114996 -32.660284 -58.559251 322.349678 355.048103 -16.754651 -354.035472 -6.052889 -5.884374 6.621885 24.670089 29.885081 -25.368726 -116.478684 -76.399548 228.676980 -12.715428 57.117359 7.619123 -3.542813 15.255657 34.577600 -18.271982 -24.749750 323.430788 -42.779025 -63.589543 319.081314 14.391887 16.839594 -15.904504 -8.495153 12.981763 48.128215 -9.318652 -10.009649 312.176404
0.422103 0.023501 0.500102 -11.941645 51.420520 -332.616854 0.000000 -0.000000 -0.000000 0.000000 -0.000000 -0.000000 0.000000 -0.000000 -0.000000 17.244313 1.258317 354.720472 0.000000 -0.000000 0.000000 -15.962709 -51.580788 330.282064 -5.804945 -8.352835 14.596468 1.411405 -3.814357 16.711006 9.532226 8.899346 -32.405420 -32.487277 -58.444183 322.812262 355.161674 -17.038123 -354.403022 -5.859739 -5.184630 6.544567 24.065139 29.537090 -24.694914 -115.211672 -76.835773 230.463991 -11.558487 56.322012 6.454487 -4.043821 15.203324 34.260822 -17.480396 -24.652570 323.933156 -45.368025 -64.863502 316.087157 15.629346 19.903943 -15.972106 -9.973397 12.071283 49.730527 -9.644119 -10.613716 310.416211
0.422636 0.022936 0.499692 -11.800524 51.476205 -332.764492 -0.000000 0.000000 -0.000000 -0.000000 0.000000 -0.000000 -0.000000 0.000000 -0.000000 17.154098 1.196483 354.895174 0.000000 -0.000000 -0.000000 -16.078542 -51.280964 330.494740 -5.212480 -9.182443 13.090027 1.170430 -4.473861 17.035320 9.850862 10.341345 -31.621122 -32.304278 -58.208956 323.113674 355.262642 -16.843490 -354.468752 -5.678741 -4.945240 6.567976 23.559669 28.912523 -24.417280 -114.407096 -77.023752 231.635636 -10.803460 55.792978 5.682548 -4.519647 14.969092 33.912112 -16.630262 -24.537329 324.484508 -49.120871 -66.242336 311.593731 16.245511 24.380602 -15.625905 -9.936673 11.069467 51.119701 -11.011882 -11.058731 308.454680
0.422800 0.022273 0.499178 -11.663792 51.498621 -332.734486 0.000000 -0.000000 -0.000000 0.000000 -0.000000 -0.000000 0.000000 -0.000000 -0.000000 17.070345 1.114786 354.830922 -0.000000 0.000000 -0.000000 -16.503943 -50.986147 330.342326 -4.497715 -10.412211 11.273752 0.952567 -5.331989 17.315958 10.330203 12.511481 -30.567239 -32.141421 -57.784179 323.265481 355.353368 -16.053667 -354.207373 -5.483682 -5.176902 6.812151 23.149095 27.889100 -24.648961 -113.696147 -76.984408 232.603619 -10.428173 55.517489 5.284331 -4.858223 14.649284 33.587077 -15.895779 -24.408996 324.983752 -54.115835 -67.480654 305.758911 16.474834 29.729389 -15.089414 -8.681900 10.465518 52.556040 -13.597338 -11.298796 306.203644
0.422603 0.021597 0.498654 -11.429268 51.440154 -332.560161 0.000000 -0.000000 0.000000 0.000000 -0.000000 0.000000 0.000000 -0.000000 0.000000 16.942518 1.082724 354.380605 -0.000000 0.000000 -0.000000 -17.291728 -50.816142 329.674789 -3.798444 -11.807142 9.379526 0.804614 -5.904861 17.459582 10.720357 14.895856 -29.150977 -32.008315 -57.067579 323.283422 355.396674 -14.667754 -353.552224 -5.201861 -5.699813 7.124038 22.640147 26.335417 -25.211622 -112.001508 -76.803932 234.611701 -9.804769 55.159918 4.657730 -5.117693 14.523450 33.375089 -15.474101 -24.266387 325.318919 -60.077564 -68.307346 299.072589 16.549005 35.361068 -14.570244 -6.779566 10.188624 53.991371 -16.867889 -11.274760 303.944821
0.422036 0.020988 0.498178 -11.070202 51.298838 -332.241006 -0.000000 0.000000 -0.000000 -0.000000 0.000000 -0.000000 -0.000000 0.000000 -0.000000 16.763706 1.152950 353.482043 0.000000 -0.000000 0.000000 -18.527625 -50.834851 328.386980 -3.152566 -13.210344 7.483334 0.717597 -5.616797 17.790049 10.854713 16.831821 -27.607984 -31.905344 -56.023095 323.162841 355.341581 -12.808284 -352.501467 -4.815203 -6.372596 7.189006 21.856765 24.336655 -25.756717 -108.501247 -76.537294 238.628428 -8.183792 54.305779 3.096399 -5.508546 14.860359 33.388898 -15.471621 -24.093455 325.393776 -66.380116 -68.570844 292.256904 16.724112 40.722466 -14.256570 -4.899084 10.017998 55.318856 -20.105809 -11.043593 301.956320
0.421099 0.020503 0.497755 -10.624532 51.118541 -331.773010 0.000000 0.000000 -0.000000 0.000000 0.000000 -0.000000 0.000000 0.000000 -0.000000 16.559504 1.338336 352.188027 0.000000 0.000000 -0.000000 -20.272572 -50.975906 326.515628 -2.494544 -14.740787 5.411556 0.640494 -4.318418 18.721735 10.812961 18.168135 -26.251365 -31.842200 -54.732432 322.878461 355.157780 -10.626946 -351.162132 -4.366733 -7.175919 6.856310 20.790151 22.115444 -26.063429 -103.175436 -76.143986 244.693882 -5.317571 52.678146 0.399991 -6.268694 15.679550 33.700572 -15.783266 -23.823012 325.198462 -72.389866 -68.296463 285.912289 17.133882 45.467471 -14.223170 -3.556405 9.757525 56.451594 -22.736286 -10.777440 300.364573
0.419824 0.020191 0.497368 -10.143563 50.959932 -331.180058 -0.000000 0.000000 0.000000 -0.000000 0.000000 0.000000 -0.000000 0.000000 0.000000 16.343173 1.551506 350.667563 -0.000000 0.000000 -0.000000 -22.430228 -51.090902 324.273853 -1.820250 -16.706715 3.016052 0.538007 -2.441219 20.204378 10.801804 19.422240 -25.125753 -31.829670 -53.354796 322.413533 354.831762 -8.229218 -349.660820 -3.877354 -8.068830 6.206182 19.501241 19.792739 -26.103576 -96.350893 -75.552959 252.468169 -1.360138 50.036402 -3.239130 -7.550860 16.765080 34.293981 -16.150153 -23.277147 324.857920 -77.527266 -67.607805 280.550723 17.678078 49.340743 -14.369800 -3.008344 9.283817 57.210051 -24.360750 -10.716586 299.289404
0.418275 0.020099 0.497009 -9.667499 50.870482 -330.517260 -0.000000 0.000000 -0.000000 -0.000000 0.000000 -0.000000 -0.000000 0.000000 -0.000000 16.100662 1.598441 349.224227 0.000000 -0.000000 -0.000000 -24.721288 -51.085422 321.970171 -1.291244 -19.176844 0.596920 0.462160 -0.498162 21.780253 10.947156 20.961418 -24.243618 -31.870985 -52.048066 321.792186 354.360462 -5.688942 -348.086212 -3.299512 -8.888048 5.522373 18.042316 17.280857 -26.048684 -88.279814 -74.693656 261.718913 3.362054 46.077517 -7.461058 -9.325969 17.914871 35.103305 -16.419267 -22.227562 324.535936 -81.269273 -66.677141 276.685889 18.205346 52.050089 -14.575344 -3.230546 8.621040 57.434424 -24.865251 -10.979173 298.827370
0.416539 0.020253 0.496690 -9.241374 50.867569 -329.847752 -0.000000 0.000000 -0.000000 -0.000000 0.000000 -0.000000 -0.000000 0.000000 -0.000000 15.828765 1.290066 348.242658 -0.000000 -0.000000 -0.000000 -26.833469 -50.979333 319.870338 -1.071226 -21.744867 -1.153566 0.519512 1.199469 23.036862 11.299864 22.550397 -23.907545 -31.981140 -50.923311 321.081226 353.785104 -3.103811 -346.542460 -2.561928 -9.370132 5.289585 16.477906 14.369803 -26.275523 -79.605373 -73.481760 271.744471 8.183458 40.778406 -11.584112 -11.303045 19.058161 36.073601 -16.690691 -20.593171 324.274676 -83.432220 -65.698069 274.536291 18.761244 53.427869 -14.893198 -3.973384 8.014696 57.270100 -24.596342 -11.424797 298.820950
0.414714 0.020623 0.496431 -8.906433 50.929887 -329.220453 0.000000 -0.000000 -0.000000 0.000000 -0.000000 -0.000000 0.000000 -0.000000 -0.000000 15.561072 0.596189 347.952307 -0.000000 0.000000 -0.000000 -28.566848 -50.827789 318.127273 -1.139657 -23.828560 -1.692963 0.782209 2.387969 23.803141 11.899111 23.809663 -24.445480 -32.198652 -50.022078 320.360916 353.208382 -0.628328 -345.174300 -1.635109 -9.212146 5.952444 14.847578 10.913376 -27.141565 -71.595559 -71.929244 281.085766 12.332517 34.796971 -14.881294 -13.026447 20.169735 37.166573 -17.178136 -18.560069 323.962260 -84.319413 -64.813118 273.801453 19.496963 53.641336 -15.451445 -4.945154 7.778047 57.079602 -24.150467 -11.845987 298.905306
0.412904 0.021125 0.496236 -8.662930 51.006885 -328.657936 -0.000000 -0.000000 0.000000 -0.000000 -0.000000 0.000000 -0.000000 -0.000000 0.000000 15.340327 -0.320266 348.232956 0.000000 -0.000000 -0.000000 -29.852648 -50.643648 316.783639 -1.363709 -25.047431 -0.975076 1.217043 2.930706 24.093881 12.677899 24.498400 -25.815996 -32.555252 -49.293897 319.692620 352.743580 1.543398 -344.095269 -0.579418 -8.246519 7.554775 13.150466 7.018660 -28.709067 -65.295641 -70.224679 288.510378 15.455015 29.171666 -17.117861 -14.183889 21.283833 38.383815 -18.036236 -16.524481 323.396477 -84.379887 -64.061337 273.982389 20.395065 53.077919 -16.208738 -5.972385 8.013205 57.076795 -23.888657 -12.191409 298.841802
0.411193 0.021655 0.496071 -8.495856 51.059223 -328.133955 -0.000000 -0.000000 -0.000000 -0.000000 -0.000000 -0.000000 -0.000000 -0.000000 -0.000000 15.190552 -1.244312 348.740926 -0.000000 0.000000 0.000000 -30.731778 -50.432077 315.764409 -1.643730 -25.295557 0.625433 1.671509 3.141600 24.132831 13.373091 24.278912 -27.658206 -33.039062 -48.627264 319.098344 352.456467 3.242418 -343.334325 0.438429 -6.665758 9.726880 11.460310 3.103576 -30.763999 -61.063217 -68.626804 293.558308 17.567805 24.772884 -18.468524 -14.808920 22.521518 39.771961 -19.272580 -14.984309 322.383073 -83.925148 -63.402799 274.693815 21.284853 52.097011 -16.984755 -6.942324 8.571906 57.224512 -23.834783 -12.476910 298.653820
0.409632 0.022117 0.495870 -8.445416 51.093331 -327.564297 -0.000000 0.000000 -0.000000 -0.000000 0.000000 -0.000000 -0.000000 0.000000 -0.000000 15.128579 -2.051220 349.161662 0.000000 -0.000000 0.000000 -31.333305 -50.227542 314.909443 -1.921612 -24.776549 2.437587 1.986620 3.527063 24.245554 13.686987 23.016115 -29.463990 -33.601406 -47.956048 318.547368 352.362430 4.384937 -342.876296 1.219829 -4.956335 12.009095 9.980789 -0.284779 -32.992445 -59.026218 -67.406777 295.997797 18.696692 22.284039 -19.125899 -15.136744 23.920687 41.288112 -20.711394 -14.432278 320.887495 -83.264816 -62.786158 275.529920 22.032420 50.992338 -17.634279 -7.750397 9.244864 57.426384 -23.918858 -12.678881 298.439344
0.408246 0.022447 0.495567 -8.584195 51.142783 -326.871382 0.000000 -0.000000 -0.000000 0.000000 -0.000000 -0.000000 0.000000 -0.000000 -0.000000 15.170149 -2.677478 349.287732 -0.000000 -0.000000 0.000000 -31.782442 -50.039402 314.116707 -2.129933 -24.006867 3.749891 2.110437 4.015474 24.393614 13.608458 21.466825 -30.634911 -34.188109 -47.333875 317.974065 352.440753 4.979917 -342.708637 1.654973 -3.576858 14.017334 8.936822 -2.710433 -35.009919 -59.424356 -66.831489 295.459630 18.757596 22.283726 -19.145036 -15.286742 25.295126 42.667712 -22.101788 -15.150891 319.141672 -82.793560 -62.203437 275.985584 22.576375 50.064467 -18.075113 -8.372648 9.892448 57.645020 -24.101770 -12.814405 298.215166
0.407037 0.022634 0.495126 -8.914945 51.221181 -326.075181 0.000000 -0.000000 -0.000000 0.000000 -0.000000 -0.000000 0.000000 -0.000000 -0.000000 15.306068 -3.054595 349.015809 -0.000000 0.000000 -0.000000 -32.078711 -49.794279 313.473683 -2.216050 -23.469302 4.255050 2.093299 4.010458 24.078874 13.371458 20.740676 -30.700921 -34.752540 -46.874411 317.343998 352.631011 5.093845 -342.792287 1.755662 -2.807515 15.414889 8.494673 -3.921833 -36.408756 -62.417565 -66.971103 291.783712 17.719660 24.859470 -18.514451 -15.110066 26.340834 43.496191 -23.278685 -16.958821 317.587924 -82.801747 -61.689647 275.710766 22.859838 49.595624 -18.239448 -8.786126 10.433249 57.879719 -24.386865 -12.919147 297.950362
0.405997 0.022703 0.494548 -9.347052 51.310838 -325.286783 0.000000 -0.000000 -0.000000 0.000000 -0.000000 -0.000000 0.000000 -0.000000 -0.000000 15.492284 -3.184026 348.422145 0.000000 -0.000000 0.000000 -32.090242 -49.338662 313.231292 -2.186169 -23.282357 4.122216 2.003828 3.238012 23.027422 13.103465 21.055765 -29.732165 -35.253695 -46.628298 316.699925 352.847202 4.789064 -343.026148 1.573912 -2.781454 16.063937 8.757538 -3.860310 -37.058602 -67.746306 -67.553901 285.429163 15.728204 29.340099 -17.237107 -14.343857 26.793595 43.449966 -24.141782 -19.234981 316.676951 -83.319239 -61.279560 274.724995 22.844592 49.725312 -18.104293 -8.834877 10.831032 58.154266 -24.850578 -12.914714 297.619380
0.405113 0.022702 0.493860 -9.782394 51.394459 -324.610782 0.000000 -0.000000 -0.000000 0.000000 -0.000000 -0.000000 0.000000 -0.000000 -0.000000 15.673336 -3.207248 347.765755 -0.000000 -0.000000 -0.000000 -31.675996 -48.464943 313.664903 -2.055257 -23.340217 3.621539 1.880299 1.793388 21.617728 12.876385 21.872304 -28.439744 -35.653894 -46.555901 316.124658 353.027047 4.059952 -343.307658 1.131375 -3.436971 16.215856 9.731598 -2.698204 -37.290717 -74.605023 -68.158988 277.439424 13.025257 34.674135 -15.342140 -12.925908 26.519318 42.536631 -24.579706 -21.328584 316.614950 -84.189923 -60.982392 273.310969 22.577928 50.371788 -17.744075 -8.335248 11.118501 58.534756 -25.607093 -12.629860 297.191718
0.404371 0.022678 0.493097 -10.180281 51.476010 -324.088606 -0.000000 -0.000000 -0.000000 -0.000000 -0.000000 -0.000000 -0.000000 -0.000000 -0.000000 15.814208 -3.281560 347.290475 0.000000 -0.000000 0.000000 -30.787942 -46.978565 314.938155 -1.833964 -23.523997 3.032960 1.767755 -0.321708 20.296453 12.852237 22.728243 -27.655866 -35.922997 -46.603023 315.675787 353.171204 2.814160 -343.636418 0.441077 -4.535276 16.277755 11.345295 -0.705261 -37.538170 -81.948302 -68.517584 268.978879 9.813225 39.980185 -12.861992 -11.074322 25.599622 41.124144 -24.591324 -22.888251 317.223664 -85.232998 -60.794586 271.759184 22.181665 51.295003 -17.291061 -7.325787 11.355778 59.075932 -26.641564 -11.987804 296.658183
0.403751 0.022680 0.492285 -10.531636 51.562131 -323.732122 0.000000 0.000000 -0.000000 0.000000 0.000000 -0.000000 0.000000 0.000000 -0.000000 15.911330 -3.402647 347.014469 0.000000 0.000000 0.000000 -29.434014 -44.801807 317.052481 -1.633848 -23.519857 2.981398 1.698960 -3.003801 19.048333 13.064644 22.994754 -27.958622 -36.044669 -46.738684 315.384310 353.339270 0.929871 -344.133435 -0.485410 -5.945997 16.309690 13.571941 2.095088 -37.818729 -88.836777 -68.588910 261.019607 6.271353 44.685046 -9.885395 -9.099401 24.288356 39.705038 -24.346034 -23.818452 318.091371 -86.302350 -60.718572 270.250344 21.748342 52.241201 -16.825230 -6.076174 11.573448 59.739334 -27.759833 -11.094420 296.077329
0.403227 0.022769 0.491448 -10.813630 51.638838 -323.568659 0.000000 -0.000000 0.000000 0.000000 -0.000000 0.000000 0.000000 -0.000000 0.000000 15.976707 -3.406679 346.750390 0.000000 -0.000000 0.000000 -27.604672 -42.041680 319.858497 -1.751582 -22.688993 4.401823 1.646759 -5.871616 17.688123 13.314210 21.591120 -29.785497 -36.006648 -46.918442 315.301301 353.603784 -1.627336 -344.945974 -1.673082 -7.782502 15.957921 16.420431 5.953880 -37.794208 -94.535959 -68.492174 254.335029 2.674440 48.430209 -6.664170 -7.294153 22.869085 38.639000 -24.016412 -24.183502 318.851272 -87.267857 -60.767586 268.887229 21.259079 53.049228 -16.309614 -4.855808 11.780424 60.412161 -28.747350 -10.138905 295.544590
0.402783 0.023001 0.490619 -10.992818 51.679507 -323.642328 -0.000000 0.000000 -0.000000 -0.000000 0.000000 -0.000000 -0.000000 0.000000 -0.000000 16.022899 -3.114782 346.303685 -0.000000 -0.000000 0.000000 -25.319531 -39.032475 323.043677 -2.678204 -20.351994 7.984931 1.548905 -8.596540 16.186640 13.241213 17.689692 -33.355195 -35.784222 -47.093333 315.497911 353.982302 -4.725060 -346.123393 -3.102874 -10.006321 14.874448 19.665718 10.887043 -37.185531 -98.731045 -68.418649 249.291727 -0.671757 51.123713 -3.536576 -5.869796 21.585010 38.026560 -23.675649 -24.215587 319.331794 -88.034242 -60.965300 267.720597 20.627315 53.666153 -15.645941 -3.851848 11.958959 60.971715 -29.444901 -9.315550 295.140305
0.402430 0.023422 0.489850 -11.051159 51.665726 -323.999719 0.000000 0.000000 -0.000000 0.000000 0.000000 -0.000000 0.000000 0.000000 -0.000000 16.073391 -2.418272 345.627484 -0.000000 0.000000 -0.000000 -22.729287 -36.304955 326.182339 -4.957037 -16.188670 13.756157 1.390037 -10.870510 14.607411 12.310117 11.204723 -38.390683 -35.353177 -47.300556 316.004552 354.404478 -8.084891 -347.567373 -4.609081 -12.113384 12.941781 22.702986 16.395947 -35.795815 -101.700256 -68.527052 245.644769 -3.642598 52.985158 -0.698635 -4.830929 20.562408 37.707133 -23.336050 -24.186722 319.595158 -88.582988 -61.348144 266.747251 19.816970 54.111916 -14.792128 -3.214512 12.037073 61.313159 -29.716980 -8.794885 294.925354
0.402195 0.024049 0.489204 -10.996981 51.593062 -324.668701 -0.000000 -0.000000 -0.000000 -0.000000 -0.000000 -0.000000 -0.000000 -0.000000 -0.000000 16.167963 -1.283315 344.826229 -0.000000 -0.000000 -0.000000 -20.094560 -34.164783 329.040011 -8.793030 -10.491478 21.106973 1.311624 -12.374856 12.832052 9.937387 2.697945 -44.146264 -34.727073 -47.664146 316.786300 354.757411 -11.318974 -349.058308 -6.058719 -13.667100 9.942461 24.868796 22.011310 -33.246147 -103.988547 -68.893676 242.865387 -6.264076 54.342629 1.802791 -3.996834 19.713194 37.401055 -22.957502 -24.175360 319.878645 -88.957498 -61.951061 265.940660 18.882871 54.448335 -13.805238 -2.928077 11.955702 61.406572 -29.564990 -8.588176 294.921948
0.402097 0.024885 0.488739 -10.873824 51.472054 -325.599083 -0.000000 -0.000000 0.000000 -0.000000 -0.000000 0.000000 -0.000000 -0.000000 0.000000 16.328371 0.197532 344.053160 -0.000000 0.000000 0.000000 -17.639790 -32.120679 331.834965 -13.656948 -4.401519 28.748858 1.582627 -13.024618 10.915938 5.902443 -6.804393 -49.988017 -33.970735 -48.172473 317.813630 354.971169 -13.924615 -350.266102 -7.533858 -14.820418 5.510105 25.773017 27.505220 -29.290407 -105.927382 -69.512329 240.622854 -8.499063 55.391043 3.892937 -3.216180 18.824670 36.918796 -22.449066 -24.074821 320.403378 -89.214490 -62.757999 265.278592 17.908632 54.747583 -12.783163 -2.723628 11.751756 61.341376 -29.217506 -8.482941 295.077162
0.402138 0.025916 0.488501 -10.764656 51.333717 -326.618658 0.000000 0.000000 0.000000 0.000000 0.000000 0.000000 0.000000 0.000000 0.000000 16.523723 1.742337 343.426978 -0.000000 0.000000 -0.000000 -15.661595 -29.135586 334.909863 -18.389666 0.842143 35.177340 2.273590 -13.038053 9.394473 0.372127 -16.309130 -56.074430 -33.183490 -48.442258 319.144925 355.086103 -15.446372 -350.830185 -8.908673 -15.764898 0.307577 25.457343 31.884901 -24.903638 -107.576448 -70.282771 238.816308 -10.255521 56.184951 5.483218 -2.493695 17.812749 36.274149 -21.785000 -23.827243 321.175076 -89.414329 -63.663903 264.720810 16.966876 55.046508 -11.816250 -2.357661 11.494382 61.232335 -28.908857 -8.280035 295.305733
0.402300 0.027112 0.488507 -10.756055 51.219313 -327.504638 -0.000000 0.000000 0.000000 -0.000000 0.000000 0.000000 -0.000000 0.000000 0.000000 16.688855 2.968732 343.032809 0.000000 -0.000000 0.000000 -14.671079 -24.698423 338.224427 -21.775127 4.739090 39.456489 3.211077 -12.301036 9.048301 -6.677676 -25.251849 -63.304177 -32.494869 -47.830079 320.893001 355.239713 -15.775377 -350.578378 -9.499145 -16.354400 -3.549976 24.719426 33.340529 -22.539704 -108.933922 -71.042026 237.364653 -11.527821 56.749680 6.594031 -1.913412 16.831064 35.637168 -21.099409 -23.532099 321.972416 -89.625848 -64.516547 264.205624 16.145398 55.325053 -11.001078 -1.863571 11.219041 61.105185 -28.678003 -8.002955 295.567264
0.402539 0.028440 0.488740 -10.884784 51.156763 -328.111019 -0.000000 0.000000 -0.000000 -0.000000 0.000000 -0.000000 -0.000000 0.000000 -0.000000 16.770232 3.605248 342.915858 0.000000 0.000000 -0.000000 -15.010128 -19.267117 341.486823 -23.228122 7.346104 41.638273 4.402895 -10.033503 10.365463 -15.981415 -33.423348 -72.850341 -32.079679 -45.909689 323.049866 355.511374 -14.949372 -349.446536 -8.703618 -16.572208 -4.432173 24.334451 30.728907 -24.100431 -110.052208 -71.649862 236.138438 -12.407558 57.132449 7.343289 -1.530711 16.103743 35.191339 -20.580295 -23.332916 322.537758 -89.887949 -65.200731 263.708067 15.535069 55.531579 -10.428546 -1.431216 10.942257 60.909125 -28.440697 -7.805068 295.874940
0.402807 0.029871 0.489145 -11.131658 51.156950 -328.406083 0.000000 -0.000000 0.000000 0.000000 -0.000000 0.000000 0.000000 -0.000000 0.000000 16.754335 3.620797 343.020936 -0.000000 -0.000000 -0.000000 -16.449782 -13.693361 344.502961 -23.040439 8.838468 42.360233 6.382892 -5.104228 13.139192 -29.260830 -40.679839 -84.539551 -32.105833 -42.813499 325.397975 355.808056 -12.756759 -347.283405 -6.666369 -16.720395 -2.446824 23.819954 24.197597 -29.251578 -111.028596 -72.036712 235.011894 -13.002673 57.391823 7.850028 -1.373261 15.707862 35.011354 -20.275390 -23.295401 322.770955 -90.192092 -65.671894 263.247037 15.151939 55.625125 -10.111382 -1.148536 10.701766 60.640602 -28.169690 -7.750920 296.213986
0.403061 0.031371 0.489653 -11.452647 51.219314 -328.435198 0.000000 0.000000 -0.000000 0.000000 0.000000 -0.000000 0.000000 0.000000 -0.000000 16.672938 3.187555 343.229931 0.000000 -0.000000 -0.000000 -18.379147 -9.027514 346.988603 -21.905427 9.439248 42.268209 9.940761 2.676563 15.942000 -47.150409 -46.052050 -93.484897 -32.608176 -39.018459 327.698427 356.011701 -9.183190 -344.214340 -4.130217 -17.096949 1.175289 22.075363 15.112862 -36.223419 -111.951085 -72.201814 233.916662 -13.381743 57.574206 8.176742 -1.464940 15.601340 35.084450 -20.114725 -23.424663 322.697343 -90.508089 -65.942995 262.837397 14.922218 55.597713 -9.967423 -0.944155 10.545442 60.417537 -27.935669 -7.741303 296.484416
0.403278 0.032887 0.490193 -11.785516 51.310108 -328.314385 0.000000 0.000000 0.000000 0.000000 0.000000 0.000000 0.000000 0.000000 0.000000 16.605054 2.595654 343.534302 -0.000000 -0.000000 0.000000 -20.276448 -6.289436 348.512413 -20.219628 8.768186 41.565272 14.673348 10.543642 16.900794 -62.989975 -48.537398 -96.919563 -33.482427 -34.849187 329.939688 356.173677 -4.848223 -340.783703 -1.677082 -17.579961 5.113290 18.532384 5.246302 -43.430577 -112.801317 -72.222714 232.909977 -13.568159 57.700358 8.333163 -1.776215 15.762877 35.394652 -20.087441 -23.707088 322.335737 -90.745329 -66.082569 262.542137 14.771537 55.464725 -9.906613 -0.703859 10.477282 60.402044 -27.811070 -7.602445 296.564673
0.403447 0.034345 0.490704 -12.056589 51.350013 -328.193844 -0.000000 0.000000 -0.000000 -0.000000 0.000000 -0.000000 -0.000000 0.000000 -0.000000 16.675555 2.190667 344.059057 -0.000000 -0.000000 0.000000 -21.959369 -5.953460 348.797276 -17.969519 5.691312 39.953260 17.762858 15.002213 16.862833 -65.984886 -49.143242 -97.217775 -34.645402 -30.144323 332.397410 356.456565 -0.259287 -337.311151 0.691824 -17.990669 8.558651 12.999118 -4.548746 -50.380685 -113.407384 -72.225302 232.183857 -13.583268 57.774966 8.330174 -2.167891 16.180143 35.917010 -20.280680 -24.074401 321.702584 -90.706250 -66.184633 262.546858 14.698673 55.235379 -9.912437 -0.366112 10.456074 60.667013 -27.803620 -7.211231 296.416558
0.403565 0.035659 0.491137 -12.241586 51.264814 -328.116875 0.000000 0.000000 -0.000000 0.000000 0.000000 -0.000000 0.000000 0.000000 -0.000000 17.006368 2.242703 344.839481 -0.000000 0.000000 -0.000000 -23.593489 -7.479887 348.016419 -14.865522 -0.015559 37.004089 16.576434 14.138129 17.657081 -51.915016 -47.285192 -94.609046 -36.105568 -24.748199 335.245113 356.737592 5.310160 -333.278228 3.229201 -18.628625 11.303318 4.744649 -14.532764 -57.645206 -113.545617 -72.264699 231.935488 -13.484996 57.805259 8.223480 -2.456044 16.761758 36.558659 -20.739460 -24.398974 320.900718 -90.199706 -66.273674 263.042991 14.758657 54.893581 -10.036670 0.041635 10.458846 61.143867 -27.869753 -6.587317 296.108073
0.403637 0.036754 0.491454 -12.401754 51.044280 -327.955309 0.000000 -0.000000 0.000000 0.000000 -0.000000 0.000000 0.000000 -0.000000 0.000000 17.635501 2.780995 345.702822 -0.000000 0.000000 -0.000000 -25.394200 -9.878746 346.522623 -10.812532 -7.195164 32.578226 11.900116 6.434123 17.824795 -26.446976 -38.552828 -84.705689 -37.866666 -19.050916 338.264986 356.824566 12.993028 -328.269844 6.697210 -18.634365 14.496489 -8.622119 -25.439384 -66.788943 -113.100105 -72.261042 232.223603 -13.337708 57.802837 8.081753 -2.549059 17.395943 37.198774 -21.407303 -24.597560 320.074845 -89.212483 -66.264118 264.040116 15.012674 54.407507 -10.349426 0.376635 10.510834 61.656975 -27.931765 -5.926663 295.767388
0.403671 0.037593 0.491619 -12.612271 50.734960 -327.561018 0.000000 -0.000000 -0.000000 0.000000 -0.000000 -0.000000 0.000000 -0.000000 -0.000000 18.491035 3.596833 346.439226 0.000000 -0.000000 -0.000000 -27.411173 -12.457397 344.543163 -6.273873 -14.594868 26.912292 6.728828 -5.657273 14.176591 -3.345161 -21.151334 -68.966417 -39.885281 -13.453704 341.226097 357.134646 22.424210 -323.035359 12.910717 -14.917517 19.216137 -31.725931 -36.720892 -79.816377 -112.164590 -72.097571 232.923280 -13.161546 57.779312 7.928207 -2.510159 18.057020 37.790405 -22.196146 -24.705599 319.284256 -87.914379 -66.058050 265.370664 15.500655 53.753073 -10.900231 0.410410 10.652812 61.995754 -27.891800 -5.531685 295.533401
0.403670 0.038188 0.491615 -12.890865 50.405431 -326.910911 0.000000 -0.000000 0.000000 0.000000 -0.000000 0.000000 0.000000 -0.000000 0.000000 19.433944 4.405563 346.967141 -0.000000 0.000000 -0.000000 -29.495462 -14.903165 342.234174 -2.104511 -21.085059 20.749602 3.034987 -14.449928 8.700703 9.797633 -2.961628 -57.692888 -42.028023 -8.185230 344.025119 358.252993 32.681037 -318.482414 22.457688 -7.928280 22.712380 -64.996048 -44.662027 -91.424402 -111.038142 -71.728598 233.762081 -12.941909 57.751468 7.743389 -2.504736 18.747651 38.362872 -22.990834 -24.811190 318.512150 -86.550889 -65.640995 266.807338 16.222033 52.938201 -11.690352 -0.023858 10.910109 62.028644 -27.694723 -5.621362 295.491665
0.403642 0.038597 0.491460 -13.227598 50.134122 -326.061764 -0.000000 0.000000 0.000000 -0.000000 0.000000 0.000000 -0.000000 0.000000 0.000000 20.316947 4.961895 347.299831 -0.000000 0.000000 0.000000 -31.392371 -16.933446 339.878732 1.058175 -25.842205 15.063931 1.452114 -17.437693 5.795198 15.413821 9.177026 -50.893161 -43.980139 -3.714257 346.372679 360.394970 43.173131 -315.203273 31.922679 -3.797034 23.278799 -91.028564 -48.271339 -95.920852 -110.102859 -71.169372 234.411976 -12.678137 57.741321 7.515285 -2.686206 19.386473 38.934477 -23.615020 -24.955626 317.778923 -85.393148 -65.063853 268.079212 17.094115 52.029134 -12.631725 -0.865820 11.287882 61.804683 -27.395780 -6.154166 295.607870
0.403598 0.038888 0.491209 -13.609775 49.982260 -325.110989 0.000000 0.000000 -0.000000 0.000000 0.000000 -0.000000 0.000000 0.000000 -0.000000 21.028613 5.135521 347.502408 -0.000000 -0.000000 -0.000000 -32.915135 -18.221958 337.899369 3.196663 -28.562745 10.669385 1.227816 -17.387616 5.661981 17.296146 15.195870 -47.057131 -45.370374 -0.726164 347.789509 363.615844 52.718654 -314.018045 36.741332 -3.665779 23.445066 -97.321475 -50.122258 -97.258087 -109.640599 -70.486559 234.628326 -12.421246 57.766581 7.285486 -3.105880 19.866497 39.484428 -23.928204 -25.140123 317.142738 -84.650596 -64.421507 268.936075 17.942918 51.149190 -13.542476 -1.835434 11.760777 61.518738 -27.132816 -6.858729 295.747355
0.403548 0.039116 0.490930 -13.989352 49.949584 -324.215723 0.000000 -0.000000 0.000000 0.000000 -0.000000 0.000000 0.000000 -0.000000 0.000000 21.524821 4.982093 347.690159 0.000000 0.000000 0.000000 -33.943951 -18.658478 336.630560 4.613683 -29.310357 8.118592 1.480936 -16.428548 6.918614 17.408940 16.609215 -45.497282 -46.064324 0.709382 348.202128 367.385575 58.540715 -315.295347 37.255548 -3.746152 23.827299 -98.528761 -50.610202 -97.742815 -109.678724 -69.803401 234.393163 -12.272141 57.837414 7.153081 -3.693741 20.171362 39.995465 -23.951276 -25.367704 316.612858 -84.329379 -63.837488 269.328928 18.590540 50.423483 -14.239349 -2.615230 12.271705 61.357784 -27.028768 -7.435825 295.782745
0.403494 0.039314 0.490675 -14.311370 49.991617 -323.462293 0.000000 -0.000000 0.000000 0.000000 -0.000000 0.000000 0.000000 -0.000000 0.000000 21.830598 4.628423 347.930701 -0.000000 -0.000000 0.000000 -34.274712 -18.294443 336.190838 5.295458 -28.692435 7.586745 1.883931 -15.194279 8.482643 16.538863 14.694074 -45.751983 -45.885393 1.053694 347.771710 369.529134 60.645604 -316.949506 35.779866 -2.714265 24.203068 -98.772793 -49.803536 -97.975695 -110.026821 -69.184372 233.888193 -12.318028 57.960054 7.207557 -4.282846 20.329090 40.452248 -23.821628 -25.596744 316.171440 -84.303715 -63.352863 269.370001 18.960697 49.917237 -14.646610 -3.012750 12.756754 61.394971 -27.129086 -7.708799 295.672454
0.403432 0.039504 0.490447 -14.592823 50.093596 -322.725834 -0.000000 -0.000000 -0.000000 -0.000000 -0.000000 -0.000000 -0.000000 -0.000000 -0.000000 21.974040 4.034764 348.147151 -0.000000 0.000000 -0.000000 -33.702963 -17.004126 336.582191 4.893463 -27.772061 8.737000 2.423782 -13.756161 9.488045 14.965205 10.634540 -47.222123 -44.462172 0.732015 346.451824 368.375733 60.606031 -317.143276 34.007637 -0.715971 24.610883 -98.784119 -48.275484 -98.143383 -110.501134 -68.529593 233.283735 -12.555468 58.134176 7.447705 -4.679196 20.319239 40.802553 -23.653779 -25.705216 315.858400 -84.564533 -62.854782 269.069413 19.084470 49.640643 -14.801601 -2.998083 13.161382 61.588926 -27.394381 -7.651908 295.463350
0.403352 0.039695 0.490200 -14.898549 50.292949 -321.827185 -0.000000 0.000000 -0.000000 -0.000000 0.000000 -0.000000 -0.000000 0.000000 -0.000000 21.908068 2.998062 348.191616 -0.000000 0.000000 0.000000 -32.370904 -14.351127 337.872819 3.347771 -27.149490 10.925219 3.108260 -12.485397 9.383935 12.713292 5.220327 -49.410706 -41.759828 -0.496921 344.016061 363.573067 57.887944 -315.701929 31.892773 2.077661 25.245144 -98.473244 -46.239902 -98.222498 -111.107410 -67.696633 232.571165 -12.910035 58.355311 7.802975 -4.814229 20.118102 40.986522 -23.464989 -25.614866 315.743062 -85.260875 -62.214180 268.288791 19.025948 49.594635 -14.775381 -2.691080 13.446626 61.822287 -27.715624 -7.391677 295.254397
0.403247 0.039883 0.489867 -15.249217 50.623062 -320.762492 0.000000 -0.000000 0.000000 0.000000 -0.000000 0.000000 0.000000 -0.000000 0.000000 21.538484 1.423455 347.929782 0.000000 -0.000000 0.000000 -30.820362 -9.957463 340.133643 1.052479 -26.446185 13.535481 3.932301 -11.782925 8.274754 9.479679 -1.581131 -52.263002 -38.283035 -3.241975 340.488999 357.591976 49.888084 -315.279721 26.855175 4.826956 27.020006 -96.382318 -43.842960 -98.018644 -111.973946 -66.674082 231.638497 -13.340132 58.632241 8.232315 -4.820630 19.808014 41.032801 -23.239339 -25.431782 315.786380 -86.473359 -61.435038 266.972501 18.837331 49.772216 -14.617896 -2.353807 13.606640 61.975104 -27.952051 -7.183769 295.120553
0.403108 0.040048 0.489391 -15.617005 51.065502 -319.654309 -0.000000 0.000000 -0.000000 -0.000000 0.000000 -0.000000 -0.000000 0.000000 -0.000000 20.849652 -0.481304 347.201232 0.000000 -0.000000 0.000000 -29.507256 -4.021430 343.189772 -1.556133 -24.716572 16.278756 5.079812 -11.317376 6.941842 4.440079 -10.469170 -56.225426 -34.714158 -7.713240 336.277910 353.977002 37.133283 -318.636576 16.010067 2.247365 30.331813 -80.197998 -42.044224 -96.526788 -113.118465 -65.562942 230.503687 -13.871322 58.988095 8.741954 -4.846427 19.565811 41.081642 -23.061862 -25.353114 315.792538 -88.076718 -60.604067 265.254574 18.576455 50.122493 -14.367279 -2.316175 13.706949 62.040378 -28.020326 -7.287011 295.009734
0.402934 0.040162 0.488749 -15.980635 51.557258 -318.602162 -0.000000 0.000000 -0.000000 -0.000000 0.000000 -0.000000 -0.000000 0.000000 -0.000000 19.970833 -2.291276 345.880569 0.000000 0.000000 0.000000 -28.545311 2.806186 346.690382 -4.097192 -21.593870 18.855016 7.188178 -9.688716 6.461504 -3.898255 -21.997943 -62.200658 -31.706458 -13.516626 331.924189 352.784767 22.941964 -324.485200 4.650742 -10.505885 28.506674 -45.197998 -36.246453 -86.642874 -114.325665 -64.497464 229.429057 -14.492674 59.409756 9.282256 -4.829452 19.523230 41.274216 -23.129008 -25.441145 315.554143 -89.857075 -59.793263 263.314083 18.312351 50.574481 -14.062236 -2.816842 13.878166 62.159291 -27.959618 -7.811608 294.739078
0.402721 0.040205 0.487962 -16.328377 52.021758 -317.684579 -0.000000 0.000000 0.000000 -0.000000 0.000000 0.000000 -0.000000 0.000000 0.000000 19.106916 -3.631908 344.081505 0.000000 -0.000000 0.000000 -27.935098 9.767523 350.303525 -6.082759 -17.259098 21.048265 10.673586 -6.278847 6.787164 -17.232831 -34.968937 -71.345090 -29.773438 -20.065932 327.781495 353.279304 9.265683 -331.410522 -1.522130 -20.856374 19.735020 -10.197998 -19.850573 -65.625676 -115.259978 -63.639238 228.771976 -15.071417 59.795887 9.699965 -4.613936 19.697085 41.632113 -23.559799 -25.617126 315.027117 -91.675942 -59.062718 261.239755 18.075972 51.116452 -13.714935 -3.887548 14.212944 62.484604 -27.873595 -8.705007 294.152798
0.402468 0.040185 0.487085 -16.631859 52.394041 -316.974789 -0.000000 -0.000000 0.000000 -0.000000 -0.000000 0.000000 -0.000000 -0.000000 0.000000 18.424140 -4.367084 342.131090 0.000000 -0.000000 0.000000 -27.570390 16.156680 353.730628 -7.192433 -12.111798 22.846960 14.791956 -2.795525 6.830105 -35.609647 -45.967974 -83.160799 -29.021229 -26.685344 323.986589 354.282955 -1.569352 -337.847272 -3.691174 -21.657791 14.213854 14.117812 -4.418611 -52.818677 -115.675673 -63.108679 228.723165 -15.466592 60.001449 9.887066 -4.170262 20.066437 42.068153 -24.296654 -25.813277 314.323729 -93.457813 -58.455937 259.101780 17.849233 51.784197 -13.319398 -5.349301 14.696557 63.051869 -27.853503 -9.814513 293.244539
0.402180 0.040145 0.486203 -16.858676 52.636437 -316.461666 0.000000 -0.000000 0.000000 0.000000 -0.000000 0.000000 0.000000 -0.000000 0.000000 17.981457 -4.601997 340.312075 -0.000000 0.000000 -0.000000 -27.093116 21.519638 356.628152 -7.747234 -6.927174 24.227106 18.334307 -0.957487 6.363291 -55.820669 -52.514398 -92.282522 -29.102785 -32.426501 320.698594 355.040558 -8.631134 -342.832965 -4.170659 -18.547680 13.433997 19.548871 5.082447 -45.769370 -115.516543 -62.861632 229.218524 -15.691732 59.952098 9.925380 -3.606331 20.600259 42.467005 -25.167708 -26.019488 313.607742 -95.081641 -57.944611 257.083507 17.630578 52.561721 -12.913965 -6.887522 15.233995 63.792642 -27.953989 -10.913104 292.131628
0.401862 0.040150 0.485406 -17.008114 52.746427 -316.037272 0.000000 0.000000 0.000000 0.000000 0.000000 0.000000 0.000000 0.000000 0.000000 17.733721 -4.612964 338.805543 -0.000000 0.000000 0.000000 -26.255486 25.635053 358.652786 -8.513839 -3.117346 25.039637 21.171323 -0.271617 5.838128 -72.851755 -55.080764 -96.405895 -29.505827 -36.330808 318.222855 355.151650 -11.721629 -345.394200 -4.339728 -16.098431 13.576162 21.265912 9.805002 -41.800260 -114.912596 -62.716578 230.012492 -15.854387 59.698544 9.980892 -3.118386 21.140973 42.720452 -25.875539 -26.224067 313.075147 -96.387468 -57.450237 255.434831 17.451358 53.365578 -12.577891 -8.152865 15.690015 64.560992 -28.166897 -11.759665 291.019558
0.401522 0.040243 0.484777 -17.119575 52.754616 -315.610911 0.000000 0.000000 0.000000 0.000000 0.000000 0.000000 0.000000 0.000000 0.000000 17.578515 -4.743016 337.821259 -0.000000 -0.000000 -0.000000 -25.437255 28.237419 359.666892 -9.608156 -1.302986 25.496611 23.857001 0.298012 5.353949 -83.108351 -55.671622 -97.868099 -29.850376 -38.043924 316.804323 354.801433 -12.210204 -345.716140 -4.074593 -14.666741 13.579967 21.180311 10.728351 -40.326999 -114.142442 -62.521707 230.753659 -15.959300 59.348796 10.095321 -3.013915 21.450629 42.772977 -26.041894 -26.432163 312.901442 -97.289276 -56.947856 254.287229 17.276784 54.138054 -12.313264 -8.843075 15.927483 65.133273 -28.419529 -12.220622 290.190511
0.401163 0.040415 0.484371 -17.236547 52.712408 -315.193397 -0.000000 -0.000000 -0.000000 -0.000000 -0.000000 -0.000000 -0.000000 -0.000000 -0.000000 17.401790 -5.244003 337.530341 0.000000 0.000000 -0.000000 -25.290737 29.030015 359.773240 -10.080986 -0.441505 26.121937 26.667330 1.174740 4.682858 -88.061076 -56.040375 -98.398629 -30.037994 -37.953250 316.400125 354.138585 -11.077037 -344.335899 -3.419228 -14.146950 13.711650 20.288716 8.851145 -41.314306 -113.537075 -62.248216 231.086078 -15.894613 58.981092 10.180593 -3.615896 21.448754 42.682743 -25.456817 -26.706995 313.100649 -97.810450 -56.505649 253.593029 16.962018 54.879301 -11.988137 -8.782752 15.862700 65.303849 -28.633709 -12.310546 289.892143
0.400786 0.040592 0.484190 -17.355699 52.671000 -314.886680 0.000000 0.000000 -0.000000 0.000000 0.000000 -0.000000 0.000000 0.000000 -0.000000 17.124639 -6.132299 337.868506 0.000000 0.000000 0.000000 -25.877312 27.882124 359.023242 -9.492599 0.195187 27.039576 29.534288 2.560974 3.657945 -90.392097 -56.927620 -98.552864 -30.039533 -36.408417 316.974269 353.312395 -9.186142 -341.917571 -2.793585 -14.894052 13.726259 19.245396 5.705622 -44.130450 -113.326421 -61.968794 230.837660 -15.585331 58.641185 10.149073 -4.966190 21.252766 42.577748 -24.264055 -27.078678 313.517975 -98.009804 -56.236359 253.246265 16.381718 55.567546 -11.459974 -8.027586 15.474191 65.040197 -28.744543 -12.111606 290.165701
0.400395 0.040661 0.484195 -17.424297 52.652183 -314.826655 -0.000000 -0.000000 0.000000 -0.000000 -0.000000 0.000000 -0.000000 -0.000000 0.000000 16.785006 -7.129055 338.578668 0.000000 -0.000000 0.000000 -26.655324 24.629561 357.199323 -8.656980 -0.178633 27.867766 30.853260 4.154959 2.818175 -88.670818 -57.965428 -98.192686 -29.812794 -33.368890 318.630615 352.393663 -6.986941 -338.800024 -2.333128 -16.838645 13.145979 17.835568 1.817483 -48.002802 -113.527925 -61.812760 230.141677 -15.047545 58.370868 9.944061 -6.637470 21.017862 42.526047 -22.914338 -27.429933 313.977553 -97.919431 -56.241138 253.182709 15.557318 56.120509 -10.710763 -6.865105 14.779460 64.527437 -28.684486 -11.687335 290.803922
0.400003 0.040518 0.484333 -17.388506 52.627782 -315.117664 0.000000 -0.000000 -0.000000 0.000000 -0.000000 -0.000000 0.000000 -0.000000 -0.000000 16.573465 -7.769621 339.476704 0.000000 -0.000000 -0.000000 -27.375643 19.167927 354.210683 -8.018883 -2.703735 28.077353 28.154138 4.904185 3.302449 -75.024834 -57.400939 -95.984489 -29.568904 -28.908859 321.288266 351.190977 -3.934813 -334.755056 -1.624827 -19.260044 12.252338 14.790141 -3.791723 -52.926825 -113.976090 -61.915897 229.318118 -14.310232 58.187209 9.500324 -7.990845 20.889841 42.475277 -21.940725 -27.588453 314.385265 -97.548341 -56.575267 253.363820 14.612386 56.472700 -9.822739 -5.650427 13.831631 64.047642 -28.406369 -11.076932 291.492659
0.399630 0.040104 0.484556 -17.221078 52.534332 -315.803035 0.000000 -0.000000 -0.000000 0.000000 -0.000000 -0.000000 0.000000 -0.000000 -0.000000 16.708167 -7.653641 340.550512 -0.000000 -0.000000 0.000000 -28.308109 12.053540 350.483938 -6.715587 -7.143555 27.143089 21.578503 2.892848 4.934446 -46.945855 -51.606804 -86.983750 -29.820658 -23.616478 324.601781 349.454985 1.823834 -329.272048 -0.213973 -21.644722 12.229316 7.935374 -12.384005 -59.754333 -114.444985 -62.367128 228.641371 -13.421387 58.053902 8.818536 -8.651167 21.004864 42.312491 -21.639071 -27.525973 314.746103 -96.907603 -57.238919 253.757754 13.676301 56.637673 -8.901179 -4.635400 12.745375 63.811941 -27.940273 -10.338950 291.981129
0.399290 0.039433 0.484807 -16.923111 52.315909 -316.850236 0.000000 0.000000 0.000000 0.000000 0.000000 0.000000 0.000000 0.000000 0.000000 17.277307 -6.594570 341.771570 -0.000000 -0.000000 -0.000000 -29.651144 4.413819 346.637705 -4.094012 -12.522434 24.610681 14.579292 -1.784350 5.679632 -21.232832 -38.911385 -70.790520 -31.049149 -18.273392 328.269969 347.876618 10.915762 -323.050847 3.240175 -21.265010 15.824335 -6.732860 -24.367325 -70.420840 -114.737476 -63.169329 228.248206 -12.524510 57.915621 8.053006 -8.609423 21.402341 41.968547 -21.973192 -27.342356 315.102013 -96.012497 -58.174991 254.371016 12.891780 56.664014 -8.085943 -3.929872 11.712692 63.897258 -27.419674 -9.560596 292.140208
0.398989 0.038583 0.485024 -16.549497 51.959816 -318.105474 -0.000000 0.000000 -0.000000 -0.000000 0.000000 -0.000000 -0.000000 0.000000 -0.000000 18.221053 -4.652405 342.983426 -0.000000 -0.000000 -0.000000 -31.360019 -2.864188 342.979955 -0.555225 -17.964015 20.490851 9.675378 -5.970738 5.132303 -4.719812 -23.241262 -58.136931 -33.354458 -13.458131 332.105077 346.960955 23.342882 -316.420312 9.814228 -16.195965 21.794648 -34.104424 -36.427853 -85.146588 -114.696532 -64.218624 228.206704 -11.777290 57.739772 7.390958 -8.047841 21.978567 41.481261 -22.720718 -27.120475 315.450353 -94.883605 -59.253761 255.237400 12.438668 56.567656 -7.567529 -3.552498 10.936160 64.257588 -27.004914 -8.830426 291.970030
0.398718 0.037689 0.485143 -16.215574 51.510644 -319.311928 0.000000 -0.000000 -0.000000 0.000000 -0.000000 -0.000000 0.000000 -0.000000 -0.000000 19.386737 -2.192983 344.061264 0.000000 0.000000 0.000000 -33.273471 -9.179305 339.638383 2.963888 -22.398896 15.574556 6.794441 -8.129110 4.535253 4.439723 -9.164375 -49.620119 -36.328215 -9.450687 335.874654 346.918619 38.438592 -309.805823 17.430838 -11.066065 25.132260 -68.274098 -42.918349 -94.084267 -114.252529 -65.326296 228.518380 -11.205752 57.511520 6.887152 -7.259551 22.545480 40.965867 -23.575982 -26.880730 315.763599 -93.578930 -60.298722 256.356936 12.473910 56.316011 -7.525712 -3.463674 10.520612 64.700842 -26.762908 -8.236355 291.651709
0.398462 0.036901 0.485121 -16.021113 51.066716 -320.269500 -0.000000 0.000000 0.000000 -0.000000 0.000000 0.000000 -0.000000 0.000000 0.000000 20.545773 0.174749 345.041266 -0.000000 0.000000 0.000000 -35.092313 -13.908779 336.963417 5.701287 -25.304119 10.955862 5.087217 -9.158960 4.175435 9.171837 1.407429 -43.697103 -39.350685 -6.369532 339.260548 348.462155 54.759480 -304.655886 21.924057 -10.145549 26.148631 -91.099916 -45.477468 -96.830748 -113.549470 -66.313373 229.012035 -10.729958 57.224515 6.490097 -6.598845 22.936449 40.547476 -24.218963 -26.630780 316.032005 -92.252779 -61.184188 257.627200 13.000636 55.876515 -7.996023 -3.550734 10.415821 64.928725 -26.628838 -7.851784 291.521731
0.398213 0.036358 0.484958 -15.970994 50.738475 -320.957460 0.000000 -0.000000 -0.000000 0.000000 -0.000000 -0.000000 0.000000 -0.000000 -0.000000 21.448887 1.924478 345.993629 -0.000000 -0.000000 -0.000000 -36.448018 -16.720341 335.396903 7.420085 -26.923026 7.578162 3.979751 -10.126795 3.624069 11.462765 8.348191 -39.783424 -41.896052 -4.280282 341.956902 354.162190 68.848205 -304.706138 23.328724 -9.780232 26.625735 -97.406595 -46.880333 -97.816205 -112.917312 -67.102361 229.396232 -10.310199 56.900589 6.169637 -6.277914 23.062472 40.317033 -24.466659 -26.364629 316.240186 -91.118622 -61.895371 258.868001 13.822750 55.270780 -8.809303 -3.623135 10.447615 64.730679 -26.478933 -7.648167 291.853995
0.397971 0.036174 0.484699 -15.997042 50.572932 -321.435581 0.000000 -0.000000 0.000000 0.000000 -0.000000 0.000000 0.000000 -0.000000 0.000000 21.963285 2.879567 346.846587 -0.000000 -0.000000 -0.000000 -37.218449 -17.955045 334.894816 8.290412 -27.540019 5.973752 3.318747 -11.082708 3.188987 12.491363 11.840833 -38.091449 -43.503548 -3.247339 343.652987 365.603908 77.684868 -312.526792 25.443174 -7.615768 26.513757 -99.046382 -47.657712 -98.329876 -112.598610 -67.676287 229.515337 -10.014410 56.618422 5.963127 -6.213661 22.883069 40.272658 -24.341377 -26.035910 316.388434 -90.303461 -62.443296 259.941320 14.678771 54.584618 -9.711738 -3.499969 10.411715 64.124278 -26.218907 -7.474694 292.665896
0.397739 0.036426 0.484413 -16.036047 50.529854 -321.687292 0.000000 -0.000000 0.000000 0.000000 -0.000000 0.000000 0.000000 -0.000000 0.000000 22.126975 3.139180 347.407830 -0.000000 0.000000 -0.000000 -37.577972 -18.305761 334.890702 8.612095 -26.926866 6.314843 3.104267 -11.689784 3.646365 12.849020 12.006098 -38.954079 -43.736649 -3.323646 344.024409 380.521576 82.481172 -326.218896 29.599701 -4.356901 25.724482 -99.592790 -48.306866 -98.647517 -112.576790 -67.980504 229.459073 -9.930576 56.490403 5.906989 -6.149524 22.394831 40.302339 -23.986246 -25.591935 316.536373 -89.833230 -62.759392 260.745631 15.363724 53.967708 -10.484841 -3.123280 10.173191 63.274293 -25.823937 -7.206647 293.777028
0.397521 0.037139 0.484143 -16.050975 50.554429 -321.672687 -0.000000 0.000000 -0.000000 -0.000000 0.000000 -0.000000 -0.000000 0.000000 -0.000000 22.023079 2.857394 347.530749 0.000000 -0.000000 0.000000 -37.735538 -18.287992 334.869310 8.578446 -24.697421 8.505742 3.218180 -11.921629 4.904604 12.516471 9.278786 -41.812276 -42.461862 -4.498796 342.972616 390.769449 85.119062 -337.670638 35.888297 -0.495221 24.108393 -99.813938 -49.094604 -98.874237 -112.746840 -67.961712 229.368563 -10.049239 56.579210 5.964180 -5.913265 21.661885 40.285534 -23.545330 -25.025339 316.753413 -89.774735 -62.764163 261.100923 15.721599 53.606104 -10.943110 -2.539192 9.748346 62.370166 -25.373691 -6.840901 294.950678
0.397313 0.038261 0.483879 -16.002754 50.643716 -321.484322 0.000000 0.000000 0.000000 0.000000 0.000000 0.000000 0.000000 0.000000 0.000000 21.657869 2.157142 347.219627 0.000000 -0.000000 -0.000000 -37.711834 -17.824991 334.968738 8.119848 -20.993401 12.150889 3.467472 -12.045732 6.032388 11.148139 4.320856 -45.577519 -40.039232 -6.870780 340.723288 370.141177 85.769445 -320.479116 42.537618 4.084848 21.867541 -99.893905 -48.974373 -99.029440 -113.133103 -67.683544 229.226939 -10.291204 56.849576 6.073010 -5.515660 20.809295 40.194798 -23.105777 -24.383387 317.040740 -90.222185 -62.512187 260.847836 15.676413 53.581470 -10.978483 -1.823365 9.311530 61.591552 -25.024643 -6.428808 295.965060
0.397117 0.039681 0.483575 -15.864881 50.825671 -321.304829 -0.000000 -0.000000 -0.000000 -0.000000 -0.000000 -0.000000 -0.000000 -0.000000 -0.000000 20.999558 1.137995 346.602334 -0.000000 0.000000 -0.000000 -37.277328 -16.173119 336.005970 6.962648 -16.747329 16.579542 3.823544 -12.209208 6.477501 8.408587 -2.505360 -49.841580 -37.031121 -10.688709 337.632031 339.890062 80.254456 -295.624363 45.446256 10.317378 20.206231 -99.878856 -46.178854 -99.056849 -113.851185 -67.296354 228.885607 -10.617755 57.213786 6.238100 -5.060692 19.995104 40.075958 -22.719327 -23.762222 317.331885 -91.087649 -62.173697 260.110338 15.333204 53.714330 -10.681076 -1.098279 9.083661 61.052560 -24.867574 -6.019792 296.691498
0.396941 0.041243 0.483173 -15.659175 51.109612 -321.263484 0.000000 -0.000000 0.000000 0.000000 -0.000000 0.000000 0.000000 -0.000000 0.000000 20.067165 -0.143218 345.898066 0.000000 -0.000000 -0.000000 -36.316250 -12.784561 338.515781 4.889122 -12.737133 21.235888 4.468234 -12.214016 6.460907 3.829316 -11.168675 -55.067952 -34.055292 -16.080528 334.088615 336.068320 67.433803 -298.460620 37.347529 17.420669 23.103889 -99.524017 -41.093221 -98.934815 -114.967728 -66.931533 228.204948 -11.031364 57.594316 6.500955 -4.651182 19.370611 39.958558 -22.420122 -23.284826 317.571749 -92.054403 -61.923408 259.287615 14.930599 53.643503 -10.299836 -0.532154 9.183595 60.732946 -24.832843 -5.670255 297.153384
0.396790 0.042773 0.482625 -15.428038 51.469698 -321.451385 -0.000000 0.000000 0.000000 -0.000000 0.000000 0.000000 -0.000000 0.000000 0.000000 18.943460 -1.653752 345.414540 -0.000000 0.000000 -0.000000 -35.066679 -8.135975 342.097997 1.858958 -8.813586 25.900260 5.875501 -11.223469 6.725627 -3.702326 -21.754980 -62.293779 -31.813535 -22.728236 330.547476 338.261819 52.929815 -307.077300 15.314645 10.779761 32.585889 -91.562423 -40.552145 -97.981819 -116.479462 -66.707393 227.116512 -11.495886 57.943807 6.844661 -4.349592 18.988862 39.812894 -22.191158 -23.017821 317.785062 -92.781123 -61.919878 258.762066 14.618701 53.093781 -10.008277 -0.213468 9.557857 60.511395 -24.753773 -5.410433 297.488501
0.396647 0.044131 0.481882 -15.192415 51.852974 -321.964144 -0.000000 -0.000000 0.000000 -0.000000 -0.000000 0.000000 -0.000000 -0.000000 0.000000 17.757850 -3.316238 345.439667 0.000000 -0.000000 0.000000 -33.828317 -2.885170 346.276877 -1.780101 -5.005975 30.056510 8.999449 -7.701878 7.878487 -16.598570 -33.935238 -73.134255 -30.730368 -29.887547 327.387243 342.909925 38.234214 -317.422240 2.684583 -10.412463 28.742783 -56.562423 -37.471858 -84.410677 -118.330475 -66.746746 225.624569 -11.944719 58.235177 7.207079 -4.194399 18.762135 39.609948 -21.942419 -22.928644 318.032037 -93.080962 -62.291414 258.709281 14.408891 51.994980 -9.834450 -0.096826 10.025801 60.235678 -24.456299 -5.192844 297.888500
0.396472 0.045256 0.480902 -14.976209 52.197730 -322.789852 -0.000000 0.000000 -0.000000 -0.000000 0.000000 -0.000000 -0.000000 0.000000 -0.000000 16.674041 -5.002069 346.054642 -0.000000 -0.000000 0.000000 -32.913505 2.329860 350.612058 -5.272183 -1.550139 33.160744 14.677030 -1.415934 8.957938 -37.508397 -45.267834 -86.926657 -30.530380 -36.749742 324.764798 347.684429 24.730926 -327.343400 -0.098092 -18.019427 20.024707 -21.562423 -22.004147 -60.222081 -120.354383 -67.087333 223.844171 -12.345454 58.437749 7.559075 -4.280424 18.595114 39.418817 -21.565017 -22.998870 318.277326 -92.837351 -63.044011 259.274151 14.438613 50.314156 -9.927067 -0.153213 10.424701 59.767419 -23.803887 -4.928214 298.538957
0.396213 0.046171 0.479667 -14.824553 52.459701 -323.749544 -0.000000 0.000000 0.000000 -0.000000 0.000000 0.000000 -0.000000 0.000000 0.000000 15.836799 -6.567730 347.087325 0.000000 -0.000000 0.000000 -32.559623 6.519908 354.383943 -7.932107 1.679029 35.399426 22.046544 4.563868 8.340954 -63.223945 -51.866088 -95.545889 -30.576217 -42.641438 322.750509 351.051266 14.049855 -335.354990 -0.367324 -14.512343 18.024995 6.408031 -10.954896 -49.545022 -122.273562 -67.633052 222.021584 -12.675457 58.510205 7.881120 -4.754771 18.512435 39.378881 -21.009231 -23.298575 318.386682 -91.761992 -64.036205 260.908734 15.046622 47.883354 -10.664932 -0.482599 10.722428 59.075908 -22.751484 -4.567571 299.493192
0.395815 0.046944 0.478184 -14.749669 52.633301 -324.658026 0.000000 -0.000000 -0.000000 0.000000 -0.000000 -0.000000 0.000000 -0.000000 -0.000000 15.301384 -7.850900 348.256948 -0.000000 0.000000 -0.000000 -32.722411 8.770422 356.903364 -9.540777 4.424391 37.202748 28.412248 7.795079 6.826705 -82.567825 -53.716132 -98.166297 -30.316053 -46.932085 321.578223 352.807062 7.263836 -340.720386 -0.927452 -10.681017 18.616240 10.811554 -4.369907 -44.175693 -123.860021 -68.254717 220.427744 -12.819279 58.408690 8.055035 -5.633988 18.539289 39.522902 -20.281577 -23.802698 318.338982 -89.335333 -65.079892 264.385278 16.379549 44.521119 -12.286187 -1.146399 10.944804 58.328669 -21.398550 -4.098733 300.576812
0.395213 0.047644 0.476457 -14.711387 52.756428 -325.457603 0.000000 -0.000000 0.000000 0.000000 -0.000000 0.000000 0.000000 -0.000000 0.000000 15.023894 -8.698788 349.328970 0.000000 0.000000 0.000000 -33.109399 9.388915 358.281059 -10.327635 5.441039 38.206969 31.668548 8.952521 6.032535 -88.876924 -53.666353 -98.765036 -29.436720 -49.223790 321.544079 353.396285 3.186293 -343.375306 -1.730292 -9.646149 18.496197 13.500060 0.225387 -41.183099 -125.104684 -68.875843 219.167606 -12.561413 58.089128 7.866289 -6.737585 18.563601 39.712187 -19.379234 -24.250739 318.326653 -85.163191 -65.989704 270.238029 18.129931 40.353405 -14.570748 -2.009353 11.028398 57.773396 -19.960487 -3.552336 301.503159
0.394323 0.048308 0.474471 -14.712282 52.891290 -326.110032 0.000000 -0.000000 -0.000000 0.000000 -0.000000 -0.000000 0.000000 -0.000000 -0.000000 14.929588 -9.080647 350.155825 0.000000 -0.000000 0.000000 -33.454732 9.180142 358.966039 -10.637849 4.480529 38.189703 31.443405 8.817352 6.403184 -88.007875 -53.209879 -98.740311 -28.223445 -49.836198 322.391799 353.461887 0.171595 -344.217022 -2.370718 -10.288276 17.586536 15.611716 3.621006 -39.881766 -126.198883 -69.410042 218.087279 -11.766673 57.541071 7.193702 -7.811712 18.409865 39.732728 -18.288213 -24.298359 318.620818 -79.558695 -66.550790 278.000392 19.829247 36.007702 -17.033204 -2.842975 10.872668 57.580815 -18.741589 -3.078949 302.008923
0.393053 0.048924 0.472186 -14.852818 53.069240 -326.459244 -0.000000 -0.000000 0.000000 -0.000000 -0.000000 0.000000 -0.000000 -0.000000 0.000000 14.986815 -9.128520 350.652040 0.000000 0.000000 0.000000 -33.612037 8.397171 359.014573 -10.696775 2.576644 37.643178 28.811210 7.691545 7.552998 -82.385393 -52.422574 -98.359016 -27.355052 -49.385169 323.446532 353.165472 -1.546318 -343.576498 -2.616596 -11.516374 16.335774 16.977698 5.245014 -40.153363 -127.310637 -69.686863 216.932767 -10.573839 56.854618 6.189937 -8.622292 17.995473 39.427922 -17.095087 -23.748013 319.367261 -73.750588 -66.608561 285.984287 21.099079 32.581390 -19.164256 -3.320083 10.333130 57.813434 -18.045037 -2.862120 301.909449
0.391336 0.049436 0.469558 -15.181924 53.226029 -326.350445 -0.000000 -0.000000 0.000000 -0.000000 -0.000000 0.000000 -0.000000 -0.000000 0.000000 15.201386 -8.976368 350.788567 -0.000000 -0.000000 -0.000000 -33.569943 6.678882 358.052524 -10.460690 0.116928 36.940738 25.257866 6.276431 8.984982 -71.923337 -51.063253 -97.512869 -27.212837 -48.017823 324.340414 352.596837 -1.492964 -341.649754 -2.385297 -12.924754 15.117376 17.240296 4.516435 -41.933775 -128.286200 -69.553449 215.742546 -9.292342 56.192630 5.165056 -8.987524 17.440946 38.835182 -16.099643 -22.634125 320.428488 -69.161712 -66.220385 292.218729 21.542810 31.480520 -20.460222 -2.742126 8.905053 58.351321 -17.962202 -2.836111 301.246849
0.389141 0.049786 0.466563 -15.518221 53.212023 -325.866089 0.000000 -0.000000 0.000000 0.000000 -0.000000 0.000000 0.000000 -0.000000 0.000000 15.553565 -8.591866 350.618523 0.000000 -0.000000 0.000000 -33.451917 3.755406 355.833375 -9.591901 -3.506696 35.717541 21.096967 4.393116 10.413332 -55.823482 -48.363599 -95.277410 -27.753426 -45.522157 325.152046 351.717992 0.610247 -338.455696 -1.831006 -14.801435 14.223982 16.189817 1.319431 -45.363188 -128.626185 -69.061111 215.032358 -8.053741 55.623206 4.245263 -8.873475 17.019805 38.194314 -15.659671 -21.148635 321.457995 -66.394044 -65.572943 295.810549 20.724933 33.782627 -20.496541 -0.185735 5.919467 58.964322 -18.408328 -2.625244 300.368933
0.386440 0.049967 0.463193 -15.566829 52.909153 -325.296026 0.000000 -0.000000 0.000000 0.000000 -0.000000 0.000000 0.000000 -0.000000 0.000000 15.983493 -7.858608 350.260389 -0.000000 -0.000000 -0.000000 -33.440971 -0.069139 352.614481 -7.677671 -8.565219 33.226264 16.019546 0.475571 11.022612 -34.171903 -41.991986 -88.681057 -28.779371 -41.914053 326.090644 350.181875 5.200260 -333.636353 -0.946397 -17.034724 14.113016 12.956007 -4.769607 -50.811248 -127.930817 -68.450145 215.351429 -6.710655 55.034293 3.279112 -8.536784 16.988849 37.763523 -15.835815 -19.578997 322.175992 -65.136138 -64.801268 297.166470 18.342493 39.220977 -18.988667 4.540589 1.364567 59.553244 -19.213026 -1.967737 299.818078
0.383169 0.050042 0.459436 -15.250504 52.343411 -324.823817 0.000000 0.000000 -0.000000 0.000000 0.000000 -0.000000 0.000000 0.000000 -0.000000 16.444487 -6.789405 349.794982 -0.000000 -0.000000 -0.000000 -33.641204 -4.293860 348.849657 -4.674121 -14.485887 29.012657 10.716155 -5.832464 9.338798 -12.367179 -29.562297 -75.340763 -30.150072 -37.651431 327.205579 347.667102 12.500440 -327.089431 0.699422 -18.409083 15.750432 5.506872 -14.163438 -58.822406 -126.368206 -67.862905 216.592373 -5.267222 54.339267 2.270860 -8.378573 17.451917 37.639615 -16.343782 -18.256525 322.518882 -64.793495 -63.976737 297.134070 14.351354 46.136513 -15.808708 10.395216 -4.019655 59.990337 -19.955139 -1.077027 300.134988
0.379239 0.050106 0.455260 -14.785661 51.672892 -324.397187 -0.000000 0.000000 -0.000000 -0.000000 0.000000 -0.000000 -0.000000 0.000000 -0.000000 16.923318 -5.574419 349.216323 0.000000 -0.000000 -0.000000 -33.994711 -8.525468 344.921669 -1.088523 -20.857006 22.799425 6.364042 -11.693489 5.679213 3.377568 -12.727003 -61.285735 -31.794012 -33.357268 328.391309 344.272012 21.839236 -319.374676 3.916565 -16.776304 19.863638 -9.194160 -25.858307 -70.439988 -124.751622 -67.155516 217.724277 -4.228892 53.720058 1.763934 -8.618647 18.326462 37.747386 -16.835770 -17.418465 322.586426 -64.954540 -63.177086 296.292815 9.084969 52.622352 -11.158727 15.926806 -9.413876 59.962103 -20.127949 -0.291951 301.537178
0.374603 0.050231 0.450637 -14.405926 51.072992 -323.926393 0.000000 0.000000 0.000000 0.000000 0.000000 0.000000 0.000000 0.000000 0.000000 17.382879 -4.459492 348.511531 -0.000000 -0.000000 -0.000000 -34.281069 -12.423415 341.186277 2.010346 -27.039154 15.121216 3.429760 -14.827717 2.577955 12.110483 3.761846 -50.193798 -33.638724 -29.518476 329.524255 340.199754 32.357912 -311.021288 9.268386 -11.119129 24.848496 -33.779347 -36.351942 -84.942924 -123.909535 -66.126776 217.631437 -3.958405 53.372033 2.212896 -9.293289 19.424671 37.938694 -17.088883 -17.015950 322.581073 -65.367402 -62.469070 295.033875 3.639746 57.444574 -6.033336 20.030512 -14.048248 59.299114 -19.699816 0.226283 303.669154
0.369311 0.050452 0.445593 -14.114518 50.622025 -323.472717 0.000000 -0.000000 -0.000000 0.000000 -0.000000 -0.000000 0.000000 -0.000000 -0.000000 17.726664 -3.609640 347.761818 0.000000 0.000000 0.000000 -34.214742 -15.878112 337.871095 3.764928 -32.380045 7.117267 1.894352 -15.392859 2.320873 16.033469 16.573546 -42.015917 -35.539229 -26.364968 330.539730 335.213358 43.594523 -301.993500 16.624243 -4.042804 27.437080 -64.880713 -41.969194 -94.011854 -123.620741 -64.967741 216.734324 -3.525959 52.891204 2.713954 -10.526777 20.603701 38.112201 -17.004907 -16.688894 322.752529 -65.774673 -61.856450 293.844129 0.043569 60.149860 -2.401405 21.841581 -17.032847 58.119460 -19.083135 0.268413 305.705054
0.363499 0.050788 0.440229 -13.702678 50.266909 -323.234898 -0.000000 -0.000000 -0.000000 -0.000000 -0.000000 -0.000000 -0.000000 -0.000000 -0.000000 17.857403 -3.015748 347.130757 -0.000000 -0.000000 0.000000 -33.586936 -19.314615 334.832397 4.126281 -36.111212 0.110248 1.430766 -14.701462 5.241010 17.685713 25.229151 -36.796455 -37.256852 -23.942269 331.417564 328.663843 54.839596 -291.995642 24.998973 1.093932 27.011065 -89.964060 -44.058544 -97.051031 -122.705310 -64.357514 217.063979 -1.042992 51.348480 1.183409 -12.237110 21.698439 38.181617 -16.704240 -15.820629 323.328973 -65.879072 -61.292236 293.243386 -0.100528 60.822549 -1.872048 21.013436 -17.779136 56.816346 -18.648622 -0.291207 306.809996
0.357329 0.051287 0.434686 -12.972405 49.890710 -323.359889 0.000000 0.000000 -0.000000 0.000000 0.000000 -0.000000 0.000000 0.000000 -0.000000 17.761848 -2.546444 346.750270 0.000000 -0.000000 -0.000000 -32.325832 -23.521448 331.609386 3.582747 -37.453058 -4.587906 1.700384 -13.538525 10.425602 18.595304 30.394505 -34.273134 -38.562356 -22.285490 332.084789 319.813786 64.395894 -280.738711 33.992857 4.714746 24.926620 -97.752335 -45.629610 -98.074968 -120.020414 -64.847595 220.550250 4.027715 47.961849 -3.207489 -13.459155 22.287509 37.873093 -16.671279 -13.516974 324.496081 -65.508896 -60.717283 293.448304 2.444560 59.929276 -3.807691 18.473771 -16.630758 56.001200 -18.547157 -1.080569 306.739718
0.350926 0.052032 0.429091 -11.965851 49.446093 -323.749872 0.000000 -0.000000 0.000000 0.000000 -0.000000 0.000000 0.000000 -0.000000 0.000000 17.511329 -2.177216 346.656714 -0.000000 -0.000000 -0.000000 -30.558816 -28.761590 328.003687 2.533043 -36.496768 -6.556527 2.378715 -11.760855 16.873103 19.221261 32.567882 -33.817834 -39.363765 -21.465288 332.366855 306.720958 71.063157 -266.377537 44.044281 7.367690 21.781271 -99.436773 -47.721450 -98.556916 -114.964845 -66.176141 227.681653 10.135943 42.532621 -8.925429 -12.906030 21.846098 36.818301 -17.494035 -8.914219 326.417696 -64.924282 -60.115405 294.039353 5.550911 58.279095 -6.243678 15.782422 -14.388481 56.048980 -18.968319 -1.609531 305.820245
0.344375 0.053120 0.423533 -10.965196 49.038577 -324.126488 0.000000 0.000000 -0.000000 0.000000 0.000000 -0.000000 0.000000 0.000000 -0.000000 17.177489 -2.085750 346.790322 0.000000 -0.000000 -0.000000 -28.573101 -34.456021 324.331763 1.103737 -34.172105 -6.410250 2.940470 -9.259203 23.317704 19.399998 32.312842 -34.369102 -39.678468 -21.566343 332.058086 289.946075 74.307288 -249.421927 54.029561 8.599229 18.334742 -99.820085 -50.273594 -98.846617 -107.744429 -67.562173 237.524995 15.628455 35.509671 -14.083908 -10.863634 20.405035 35.245991 -19.124411 -2.450622 328.988941 -64.807955 -59.592140 294.085115 7.863242 56.788430 -7.911525 13.920867 -11.526846 56.744122 -20.198722 -1.833540 304.562876
0.337773 0.054608 0.418081 -10.238319 48.840037 -324.297374 -0.000000 -0.000000 -0.000000 -0.000000 -0.000000 -0.000000 -0.000000 -0.000000 -0.000000 16.771680 -2.382263 346.916647 -0.000000 0.000000 -0.000000 -26.573381 -39.865389 321.075722 -0.582574 -31.299634 -4.964467 2.921760 -6.886842 27.949991 18.830350 30.902433 -34.343913 -39.528209 -22.731260 331.004269 278.693077 74.312998 -239.096650 60.869517 9.268984 15.705769 -99.906224 -51.995798 -99.001099 -99.167762 -68.478229 248.760026 19.699793 27.932675 -17.832068 -8.929320 18.874581 33.883018 -20.878105 3.653413 331.523618 -65.806628 -59.326960 292.750545 9.162613 56.035599 -8.578388 13.160774 -8.336065 57.553265 -22.301015 -1.810442 303.501494
0.331273 0.056457 0.412821 -9.827965 48.912642 -324.287654 -0.000000 0.000000 -0.000000 -0.000000 0.000000 -0.000000 -0.000000 0.000000 -0.000000 16.284671 -2.848130 346.661197 -0.000000 -0.000000 -0.000000 -24.643534 -44.506997 318.596874 -2.376286 -28.262395 -2.793206 2.368640 -5.920604 28.984797 17.425822 29.957873 -32.201902 -39.005708 -25.154254 329.153743 283.124313 71.663897 -245.587384 61.647434 11.843875 14.362507 -99.888110 -51.057498 -98.970086 -90.417074 -68.769149 259.947248 21.797526 21.868225 -19.965608 -7.336696 17.755733 32.916770 -22.202259 7.322943 333.222142 -68.106405 -59.382266 289.798994 9.716389 56.109557 -8.456156 13.503897 -5.461396 58.112138 -24.800063 -1.208706 303.085306
0.325036 0.058550 0.407821 -9.583950 49.149988 -324.245629 -0.000000 -0.000000 -0.000000 -0.000000 -0.000000 -0.000000 -0.000000 -0.000000 -0.000000 15.738928 -3.146225 345.838174 -0.000000 0.000000 0.000000 -22.948465 -47.846149 317.152600 -3.975239 -25.532382 -0.792117 1.571740 -6.545780 26.114878 15.183325 30.170959 -27.304335 -38.349638 -28.776854 326.656601 299.545087 65.622351 -265.039558 52.393532 16.753667 16.521773 -99.584795 -47.288469 -98.692610 -83.718128 -68.552799 268.356557 21.329487 20.236026 -20.308687 -4.619785 16.164159 31.917704 -22.960554 8.154292 333.940470 -71.380331 -59.632566 285.587385 9.801638 56.786684 -7.781771 14.390898 -3.673574 58.234463 -26.752273 0.036349 303.474404
0.319076 0.060762 0.403028 -9.350118 49.394477 -324.285619 0.000000 0.000000 -0.000000 0.000000 0.000000 -0.000000 0.000000 0.000000 -0.000000 15.159572 -3.250554 344.692835 -0.000000 -0.000000 -0.000000 -21.772349 -49.694815 316.590443 -5.013256 -23.362521 0.271078 0.666047 -7.659355 20.988401 12.193611 30.733317 -20.480732 -37.797160 -33.032360 323.887426 315.679754 56.411808 -284.843681 30.249224 14.250907 25.486453 -94.231245 -44.775122 -97.507915 -81.518027 -68.282889 270.889716 17.873810 24.442465 -18.301567 -0.320496 13.460926 30.557901 -22.949806 6.591735 334.148615 -75.055831 -59.901748 280.702970 9.483867 57.786108 -6.622941 14.799268 -3.108769 57.854009 -27.500245 1.267387 304.381046
0.313188 0.063029 0.398214 -9.139271 49.584491 -324.380824 -0.000000 0.000000 -0.000000 -0.000000 0.000000 -0.000000 -0.000000 0.000000 -0.000000 14.550376 -3.513790 343.726605 0.000000 0.000000 0.000000 -21.231856 -50.619520 316.358549 -5.443470 -21.661147 0.305824 -0.191953 -8.103641 16.064267 9.065063 30.567774 -13.648412 -37.346893 -37.081417 321.305091 328.320574 45.446057 -301.538226 11.800658 -2.713732 27.288441 -59.231245 -41.021049 -87.396405 -85.517684 -68.219384 265.326627 10.777072 33.054952 -12.497507 4.771257 9.016450 28.402808 -21.626048 4.403641 335.185247 -78.716516 -60.101735 275.532844 8.592103 58.948086 -4.854520 14.161912 -3.267416 57.120199 -27.136216 1.837871 305.296016
0.307073 0.065356 0.393085 -9.133260 49.767513 -324.391655 0.000000 -0.000000 -0.000000 0.000000 -0.000000 -0.000000 0.000000 -0.000000 -0.000000 13.946137 -4.278908 343.263643 0.000000 -0.000000 0.000000 -21.232918 -51.169841 316.114507 -5.378811 -20.503426 -0.487266 -0.846495 -7.711483 12.729933 6.539002 29.734169 -8.257001 -36.786781 -40.458340 319.182415 338.119698 33.270614 -315.772549 4.262687 -13.940089 20.432457 -24.231245 -27.001635 -64.741404 -94.987648 -67.781342 252.490529 -0.678158 41.940167 -1.401813 9.391862 2.725472 25.231968 -18.641326 3.953070 337.946490 -82.340113 -60.234333 270.050273 6.759319 60.345668 -2.180585 12.810851 -4.070738 56.287681 -25.897587 1.866741 306.047813
0.300524 0.067753 0.387436 -9.468610 49.981510 -324.221258 0.000000 -0.000000 -0.000000 0.000000 -0.000000 -0.000000 0.000000 -0.000000 -0.000000 13.432399 -5.465107 343.152290 -0.000000 0.000000 -0.000000 -21.710428 -51.290827 315.918832 -4.876928 -20.038904 -1.647849 -1.236405 -6.849267 11.046667 5.032278 28.720451 -5.092880 -35.976040 -43.237778 317.517067 345.111404 21.034819 -327.497488 1.124376 -15.753856 14.803353 5.340270 -12.135659 -50.003726 -104.954432 -66.437889 238.512356 -14.617748 47.557608 12.962315 12.155923 -4.213722 22.055125 -14.560127 5.373087 341.111687 -86.119998 -60.291762 264.106099 3.507711 62.201549 1.792044 11.802445 -6.022348 55.893233 -24.006786 2.327831 306.611521
0.293508 0.070188 0.381214 -10.019278 50.160862 -323.956814 0.000000 0.000000 -0.000000 0.000000 0.000000 -0.000000 0.000000 0.000000 -0.000000 13.047209 -6.581892 342.916175 0.000000 0.000000 0.000000 -22.662199 -50.635361 315.977309 -4.075440 -19.956136 -2.156733 -1.254650 -5.706110 10.685856 4.865948 27.339908 -5.169328 -34.918653 -45.530084 316.293651 349.665409 10.383721 -336.743737 -1.184903 -14.982904 10.390774 13.111143 0.891945 -38.931400 -109.712148 -65.433961 231.328117 -28.244624 50.790211 26.020722 13.968570 -11.970748 20.475594 -10.215483 6.886156 342.760342 -89.909225 -60.224922 258.171309 -1.076538 64.407792 6.912249 12.124896 -8.934713 57.047263 -22.132214 4.232463 306.297976
0.286104 0.072592 0.374475 -10.454209 50.178795 -323.831596 0.000000 0.000000 -0.000000 0.000000 0.000000 -0.000000 0.000000 0.000000 -0.000000 12.733192 -7.123496 342.190849 -0.000000 0.000000 -0.000000 -24.034075 -49.138080 316.365298 -3.208616 -19.583485 -1.077573 -0.806130 -4.538436 11.221584 6.002037 25.218129 -8.836470 -33.682416 -47.277434 315.589346 352.296769 2.464649 -343.411199 -3.579315 -14.852943 5.640016 16.454533 12.048645 -29.110129 -107.708809 -66.137289 233.890595 -35.258236 52.292420 31.226232 15.025522 -18.051406 21.036635 -6.717088 7.576038 342.098720 -92.998425 -60.075361 253.482968 -5.115208 66.292363 11.341823 13.583984 -11.312495 60.387401 -21.035054 7.450872 304.283342
0.278387 0.074907 0.367287 -10.580068 49.963143 -323.961412 -0.000000 -0.000000 0.000000 -0.000000 -0.000000 0.000000 -0.000000 -0.000000 0.000000 12.462933 -6.927801 340.973068 -0.000000 0.000000 -0.000000 -25.729389 -47.110763 316.945269 -2.430083 -18.471960 1.613095 0.009186 -4.078313 11.877418 7.783156 22.723409 -14.709139 -32.516925 -48.566912 315.278051 353.718957 -3.122214 -347.968375 -5.888677 -15.250488 0.430908 17.024394 21.202634 -19.982059 -96.766729 -68.174086 248.619241 -33.836814 53.580995 26.849204 16.480380 -22.118603 23.894077 -4.881687 7.189232 339.439041 -94.851267 -59.970499 250.781234 -5.646632 67.235750 12.285025 15.013559 -12.149960 64.781058 -20.496827 11.297886 300.953997
0.270358 0.077129 0.359649 -10.612213 49.581282 -324.115084 0.000000 0.000000 0.000000 0.000000 0.000000 0.000000 0.000000 0.000000 0.000000 12.326565 -6.332289 339.575286 0.000000 0.000000 0.000000 -27.676627 -44.991646 317.428088 -1.811120 -16.456681 5.526506 0.910664 -5.117722 11.630755 9.592685 20.619788 -20.912142 -31.941464 -49.699922 314.903851 354.381980 -6.543540 -350.797872 -7.664187 -15.339213 -3.993899 16.018375 27.541197 -12.482140 -78.528069 -68.807266 272.109138 -29.143848 55.216541 18.673318 20.228420 -25.280046 28.501931 -5.354524 5.858195 336.109892 -95.791379 -59.892345 249.298917 -2.055620 67.064673 9.290100 15.655459 -11.784133 68.514334 -19.768720 15.351786 297.453995
0.261998 0.079322 0.351513 -11.012596 49.213785 -323.848325 0.000000 0.000000 -0.000000 0.000000 0.000000 -0.000000 0.000000 0.000000 -0.000000 12.416221 -6.031116 338.399628 0.000000 -0.000000 0.000000 -29.772985 -43.144445 317.514989 -1.294136 -13.911612 9.795094 1.545919 -7.374058 10.612656 11.216707 19.117054 -26.512998 -32.398159 -50.783136 314.056717 354.596316 -7.693669 -352.090184 -8.077879 -14.322055 -4.943764 15.342364 29.519100 -9.719666 -64.434612 -67.300239 290.203612 -26.346637 57.184488 13.158178 25.833254 -26.426169 34.042056 -8.112908 3.697677 332.769985 -96.432918 -59.699538 247.877924 4.002915 65.710809 4.055920 15.066512 -11.006777 70.553441 -18.343255 18.851396 295.059455
0.253402 0.081576 0.342908 -12.057581 49.010969 -322.883274 -0.000000 0.000000 -0.000000 -0.000000 0.000000 -0.000000 -0.000000 0.000000 -0.000000 12.685371 -6.581383 337.645293 0.000000 0.000000 0.000000 -31.801135 -41.711801 317.102270 -0.673470 -11.828771 13.111903 1.806070 -9.644515 9.962142 12.615124 18.098654 -31.250412 -33.858477 -51.536220 312.732089 354.588842 -6.724780 -351.910404 -7.032772 -12.507368 -2.021343 16.069675 27.183564 -12.864294 -59.085251 -66.084647 297.149011 -23.241973 57.381364 8.942963 28.695124 -22.695307 38.262555 -12.047114 0.931862 329.250942 -96.557762 -59.415499 246.915669 11.458801 62.665338 -2.473590 12.842455 -10.040295 70.529987 -16.543149 20.821147 294.959980
0.244835 0.083955 0.334032 -13.587625 48.955100 -321.344835 0.000000 0.000000 -0.000000 0.000000 0.000000 -0.000000 0.000000 0.000000 -0.000000 12.981240 -7.948858 337.184282 0.000000 0.000000 0.000000 -33.450458 -40.540943 316.432516 0.203176 -11.147885 14.586927 1.892491 -11.072199 10.370778 13.839673 17.675932 -34.972183 -35.789208 -51.646230 311.303813 354.550405 -4.645297 -350.714544 -5.412458 -10.721709 2.329980 17.172518 22.610337 -18.915182 -59.434079 -65.965017 296.577253 -19.780735 56.467490 5.519084 27.547954 -16.721658 40.157161 -15.245505 -2.126946 326.078513 -95.231889 -59.272355 248.117928 19.086762 57.190251 -9.327063 9.234054 -8.434587 68.643105 -15.086854 21.151098 297.115387
0.236586 0.086495 0.325157 -15.160482 48.891407 -319.666468 -0.000000 0.000000 -0.000000 -0.000000 0.000000 -0.000000 -0.000000 0.000000 -0.000000 13.175850 -9.581952 336.717703 -0.000000 -0.000000 -0.000000 -34.421154 -39.334248 316.000798 1.181878 -12.001743 14.475598 2.004334 -11.633772 11.435757 14.923350 17.846644 -37.639975 -37.562601 -51.213698 310.134039 354.518917 -2.588342 -349.138840 -3.903119 -9.274192 6.667476 17.948123 17.728901 -25.369228 -62.115569 -66.261285 292.982278 -16.298671 55.313892 2.563995 23.262121 -10.894272 40.298535 -16.448069 -5.792154 323.610763 -91.997342 -59.366710 252.296592 24.885628 49.674557 -14.732537 5.427838 -6.317260 65.818074 -13.960226 20.753300 300.121305
0.228772 0.089238 0.316447 -16.463596 48.718773 -318.243055 0.000000 -0.000000 -0.000000 0.000000 -0.000000 -0.000000 0.000000 -0.000000 -0.000000 13.221116 -11.006468 336.071206 0.000000 0.000000 -0.000000 -34.558316 -37.915938 316.222451 1.996219 -13.909507 13.577032 2.213734 -11.528704 12.487432 15.749621 18.174417 -39.401751 -38.869524 -50.649221 309.314807 354.402658 -0.940742 -347.510734 -2.626846 -7.842421 11.193369 18.321092 12.980311 -31.735972 -64.994622 -66.524837 289.169714 -13.096588 54.244379 -0.037413 17.474775 -6.370750 39.838618 -15.710473 -9.590834 321.873254 -87.290605 -59.550436 258.626909 28.176463 41.591007 -18.082975 2.607872 -4.998746 63.022118 -12.408987 20.822424 303.055134
0.221297 0.092257 0.307897 -17.532018 48.514699 -317.195599 -0.000000 -0.000000 -0.000000 -0.000000 -0.000000 -0.000000 -0.000000 -0.000000 -0.000000 13.094799 -12.274692 335.369418 0.000000 -0.000000 0.000000 -33.937816 -36.372232 317.173942 2.537887 -16.317610 12.391713 2.491116 -10.932448 13.245127 16.184729 18.237054 -40.435309 -39.697814 -50.317304 308.773730 354.169273 0.318863 -345.964452 -1.617277 -6.423902 15.381372 18.241078 8.763294 -37.348677 -67.651029 -66.834335 285.645603 -10.855768 53.641201 -1.769629 11.607424 -5.441715 38.192464 -12.159543 -11.837302 322.350065 -81.904732 -59.712935 265.765006 29.420176 34.219472 -19.815214 1.053570 -5.477224 60.308197 -10.039726 21.742058 305.983548
0.213991 0.095619 0.299416 -18.499338 48.441727 -316.574357 0.000000 0.000000 -0.000000 0.000000 0.000000 -0.000000 0.000000 0.000000 -0.000000 12.772523 -13.661111 334.934092 0.000000 0.000000 -0.000000 -32.820381 -34.996002 318.696542 2.856152 -18.735540 11.059043 2.751123 -10.070611 13.651857 16.181242 17.956509 -40.749850 -40.106614 -50.436885 308.513324 353.926440 1.077475 -344.762003 -0.949954 -5.418431 18.100431 18.002304 5.973062 -41.142964 -71.004316 -67.474391 281.318999 -10.360062 53.884809 -1.845214 7.396916 -7.340216 35.739368 -7.586144 -11.863328 324.471479 -76.354445 -59.940140 272.913664 29.073650 28.319577 -20.395716 -0.094653 -6.454400 57.299752 -7.758082 21.854400 308.852624
0.206782 0.099330 0.290948 -19.244387 48.561381 -316.673006 0.000000 -0.000000 0.000000 0.000000 -0.000000 0.000000 0.000000 -0.000000 0.000000 12.288746 -15.019487 334.984919 0.000000 -0.000000 0.000000 -31.510009 -34.102024 320.673971 3.061099 -20.607352 9.736682 2.942341 -9.028677 13.635094 15.666886 17.263122 -40.238741 -40.049522 -51.088603 308.811827 353.839633 1.178567 -344.243614 -0.624375 -4.913146 19.071970 17.985531 4.994739 -42.711293 -75.819786 -68.628002 275.473498 -12.040670 55.129770 0.173222 5.174037 -9.903404 33.419099 -3.930954 -10.873142 326.631229 -70.675800 -60.410855 280.051977 27.210873 24.510643 -20.018881 -1.883150 -6.256317 53.896587 -6.115847 18.890631 311.306955
0.199745 0.103302 0.282531 -19.430868 48.795041 -317.910431 0.000000 -0.000000 0.000000 0.000000 -0.000000 0.000000 0.000000 -0.000000 0.000000 11.723705 -15.811052 335.507421 0.000000 -0.000000 0.000000 -30.231659 -33.816908 323.116522 3.258943 -21.367454 8.776194 3.078854 -7.789767 13.110736 14.577532 15.898091 -38.968600 -39.343597 -52.141369 310.167270 354.005467 0.724331 -344.519324 -0.578437 -4.736766 18.703403 18.216974 5.486935 -42.380755 -81.815865 -70.292086 268.722385 -15.454750 57.033907 3.822907 3.927205 -12.721341 30.815456 -0.730907 -9.579433 328.976507 -64.295065 -61.139636 288.053043 23.793797 22.846863 -18.835062 -3.544586 -5.530254 50.243635 -4.534753 13.536136 313.440567
0.192987 0.107387 0.274262 -18.884114 49.041528 -320.390842 0.000000 -0.000000 0.000000 0.000000 -0.000000 0.000000 0.000000 -0.000000 0.000000 11.100666 -15.777604 336.398457 -0.000000 -0.000000 0.000000 -29.054050 -34.047439 326.018094 3.492368 -20.798202 8.436136 3.198256 -6.488767 12.174133 13.058663 13.747541 -37.330192 -37.823926 -53.290020 312.907504 354.415029 0.006175 -345.405985 -0.722806 -4.789513 17.433043 18.458980 6.822037 -40.740549 -88.057759 -72.383005 262.268943 -19.061535 58.876275 7.598252 2.773969 -15.374277 27.141531 2.303082 -8.150449 332.255948 -56.479737 -61.758485 297.999704 19.193755 22.469736 -17.233933 -4.871971 -4.097687 46.351250 -2.960266 6.336323 315.537453
0.186493 0.111417 0.266180 -17.818442 49.273228 -323.730196 0.000000 -0.000000 -0.000000 0.000000 -0.000000 -0.000000 0.000000 -0.000000 -0.000000 10.392089 -15.285492 337.604957 -0.000000 -0.000000 0.000000 -27.857618 -34.658954 329.240414 3.677308 -19.184612 8.694372 3.321333 -5.370047 11.094104 11.419543 11.054159 -35.802387 -35.523241 -54.295654 316.846443 354.997304 -0.786821 -346.650467 -0.945621 -4.973591 15.449674 18.433970 8.497104 -38.136239 -94.292663 -74.770684 256.246575 -21.352818 60.255795 10.083361 2.217820 -16.876223 22.246730 3.977985 -6.713797 336.987677 -47.865825 -61.882526 309.130662 14.175616 22.831517 -15.602957 -6.646207 -1.006926 42.528862 -1.503688 -3.079338 317.662178
0.180122 0.115229 0.258219 -16.626703 49.501579 -327.385843 -0.000000 -0.000000 -0.000000 -0.000000 -0.000000 -0.000000 -0.000000 -0.000000 -0.000000 9.623342 -14.923419 339.111636 -0.000000 0.000000 0.000000 -26.381615 -35.635981 332.573254 3.631151 -16.998931 9.420282 3.466712 -4.466882 10.110261 9.867957 8.139882 -34.625545 -32.628547 -55.177242 321.437647 355.648926 -1.612291 -348.083149 -1.108660 -5.000334 12.817575 17.888058 10.189406 -34.583967 -101.696979 -77.223116 249.056752 -22.387668 61.378605 11.401350 0.793222 -17.740112 14.231715 5.848530 -5.352318 344.772963 -40.270845 -61.838983 319.019440 9.056621 24.747891 -13.675349 -7.376719 2.043078 38.883674 -0.240795 -12.357336 320.057086
0.173739 0.118673 0.250271 -15.520262 49.689212 -331.067382 0.000000 -0.000000 -0.000000 0.000000 -0.000000 -0.000000 0.000000 -0.000000 -0.000000 8.865833 -14.999258 340.905051 0.000000 -0.000000 -0.000000 -24.379669 -37.023655 335.891640 3.213834 -14.548448 10.494041 3.659490 -3.558252 9.364110 8.437431 5.169002 -33.779136 -29.302902 -56.112268 326.260265 356.279542 -2.396769 -349.626682 -1.069479 -4.415416 10.034093 16.685805 11.443879 -30.384698 -111.951211 -79.481801 238.695996 -22.951174 62.550607 12.347706 -4.433123 -17.852218 1.733606 10.824544 -4.166219 356.057183 -34.533654 -62.380012 326.413381 3.599023 29.167964 -10.753890 -4.395540 2.108407 34.512784 0.388695 -17.932034 323.313883
0.167287 0.121621 0.242265 -14.407195 49.729974 -334.810359 0.000000 -0.000000 0.000000 0.000000 -0.000000 0.000000 0.000000 -0.000000 0.000000 8.139772 -15.460663 342.961207 -0.000000 -0.000000 -0.000000 -21.795201 -38.718087 339.238981 2.463432 -11.999110 11.713695 3.871445 -2.478393 8.976672 7.135526 2.288816 -33.168227 -25.652921 -57.190526 331.234901 356.848913 -2.915110 -351.216551 -0.791347 -2.971816 8.151254 15.044745 11.691531 -26.562072 -125.410219 -81.454059 224.847922 -22.945751 63.627435 12.811510 -11.914882 -15.450601 -11.634711 17.718917 -3.174738 367.915819 -29.989060 -63.625165 332.245752 -2.008724 35.300659 -6.814464 1.046449 -1.115705 29.349414 0.823981 -19.818332 327.616576
0.160741 0.123986 0.234135 -13.077837 49.502045 -338.732568 -0.000000 -0.000000 -0.000000 -0.000000 -0.000000 -0.000000 -0.000000 -0.000000 -0.000000 7.387750 -16.097176 345.181009 0.000000 -0.000000 -0.000000 -18.815883 -40.450710 342.682213 1.573270 -9.497526 12.818025 3.995340 -1.327909 9.033647 6.044589 -0.207944 -32.729572 -21.803496 -58.322056 336.418759 357.353279 -2.905614 -352.752773 -0.458088 -0.979537 7.876092 13.473084 10.872658 -24.131381 -141.378958 -83.345313 208.509093 -21.434237 64.100627 11.849404 -17.276216 -11.237065 -20.273208 22.754396 -3.131470 376.435881 -25.500575 -64.901394 338.241919 -6.553786 41.053696 -3.100624 5.296142 -4.972773 24.640772 1.711551 -20.634484 332.014776
0.154052 0.125742 0.225774 -11.522277 48.960378 -342.741816 -0.000000 0.000000 -0.000000 -0.000000 0.000000 -0.000000 -0.000000 0.000000 -0.000000 6.581772 -16.823769 347.418659 -0.000000 -0.000000 0.000000 -15.731121 -42.058330 346.107914 0.728841 -7.096645 13.688098 3.933865 -0.401705 9.448012 5.269710 -1.984863 -32.383266 -17.868330 -59.323994 341.760054 357.790566 -2.350963 -354.133365 -0.349017 0.852471 8.916808 12.370946 9.645044 -23.191136 -162.740118 -85.305705 187.027167 -17.989378 63.594164 9.040446 -19.310184 -7.635333 -22.173859 24.060882 -4.743313 379.637188 -20.434685 -65.454637 345.204177 -9.021092 44.900512 -0.958866 7.344899 -6.789365 21.779926 2.275201 -22.155486 334.834385
0.147145 0.126940 0.217043 -10.031856 48.197471 -346.478820 0.000000 -0.000000 -0.000000 0.000000 -0.000000 -0.000000 0.000000 -0.000000 -0.000000 5.855246 -17.789561 349.611901 -0.000000 0.000000 0.000000 -12.759873 -43.643294 349.227858 0.018135 -4.673824 14.406018 3.674819 -0.064446 9.931308 4.874412 -2.800898 -31.984996 -13.898574 -59.966470 347.032466 358.137034 -1.591625 -355.259400 -0.567163 1.946336 10.487536 11.858653 8.734916 -23.192808 -201.254827 -86.795298 148.551966 -13.433925 61.891835 5.243551 -20.250553 -5.120016 -20.503245 23.343657 -6.619941 379.438075 -15.122336 -65.067532 352.348963 -9.831454 46.457418 -0.357425 8.371776 -6.555184 21.112484 1.777148 -23.937823 335.527786
0.139938 0.127702 0.207833 -8.917186 47.355734 -349.544846 0.000000 -0.000000 0.000000 0.000000 -0.000000 0.000000 0.000000 -0.000000 0.000000 5.395907 -19.048218 351.662868 0.000000 -0.000000 -0.000000 -10.139505 -45.372228 351.699895 -0.464861 -2.076797 15.013995 3.233797 -0.675488 10.216553 4.904884 -2.455088 -31.389154 -10.078401 -59.944334 351.803684 358.369274 -1.108519 -356.053843 -0.953216 2.311554 11.976495 11.754636 8.277573 -23.567369 -257.332587 -86.626021 92.354673 -9.287024 58.528548 2.104336 -20.905927 -3.305019 -18.329225 21.840839 -7.332516 378.356299 -10.311429 -63.893387 358.418269 -9.595509 45.599896 -0.850166 8.971372 -5.200161 21.337496 0.738155 -24.815169 335.389449
0.132393 0.128164 0.198131 -8.188496 46.435291 -351.757626 0.000000 -0.000000 0.000000 0.000000 -0.000000 0.000000 0.000000 -0.000000 0.000000 5.128241 -20.170314 353.174842 -0.000000 -0.000000 -0.000000 -8.299352 -47.247904 353.181880 -0.545647 0.706130 15.347911 2.613474 -2.392210 10.232939 5.378964 -0.791302 -30.503855 -6.904929 -58.949383 355.499146 358.515422 -1.214141 -356.565978 -1.257475 2.511069 13.116878 11.638018 7.852219 -23.874875 -301.139113 -84.425944 47.994846 -7.115873 52.911208 1.376840 -21.205940 -2.185032 -16.563374 20.301957 -6.308518 377.094870 -6.612026 -61.835580 362.764536 -8.398298 42.145047 -2.385601 9.196445 -3.433190 20.983312 -0.017897 -24.011560 335.984145
0.124578 0.128374 0.188042 -7.628572 45.256518 -353.192320 -0.000000 -0.000000 -0.000000 -0.000000 -0.000000 -0.000000 -0.000000 -0.000000 -0.000000 4.706056 -20.455238 353.623084 -0.000000 0.000000 -0.000000 -7.641059 -49.141628 353.448505 -0.108236 3.615386 15.219811 1.892163 -4.851498 10.003483 6.140522 1.959081 -29.251691 -4.820302 -56.836631 357.785260 358.658636 -1.921142 -356.984166 -1.379517 3.024817 13.878834 11.184116 7.104900 -23.815125 -328.103548 -79.577217 19.861189 -7.764173 44.885309 3.948124 -21.915042 -1.698627 -15.899053 20.726607 -3.501594 376.054397 -4.345411 -58.521447 365.386317 -6.520764 36.566538 -4.625531 9.373047 -2.554616 19.451237 -0.333183 -20.983804 337.898235
0.116640 0.128245 0.177713 -7.084805 43.660641 -354.063335 0.000000 -0.000000 -0.000000 0.000000 -0.000000 -0.000000 0.000000 -0.000000 -0.000000 3.916417 -19.514436 352.870176 -0.000000 -0.000000 -0.000000 -8.141157 -50.972672 352.573602 0.754020 6.708762 14.648325 1.256998 -7.060049 9.619445 6.779267 4.836205 -27.607463 -3.743065 -53.789934 358.884521 358.885748 -2.843423 -357.462716 -1.416412 3.666645 14.230422 10.406828 6.147246 -23.241205 -341.950636 -71.552450 4.150496 -10.538799 34.610110 8.792833 -23.213130 -1.590329 -17.323236 24.024519 0.771357 375.953279 -3.304959 -53.870644 366.770988 -4.244687 30.169500 -7.008591 9.456530 -4.169252 17.110885 -0.411405 -15.611085 340.632808
0.108694 0.127589 0.167225 -6.576762 41.720387 -354.624128 0.000000 0.000000 0.000000 0.000000 0.000000 0.000000 0.000000 0.000000 0.000000 2.879672 -17.610497 351.333875 0.000000 0.000000 0.000000 -9.348688 -52.769190 350.969256 1.808453 10.056260 13.815368 0.865119 -7.964266 9.362761 6.922679 6.622862 -25.780237 -3.174591 -50.340293 359.388315 359.261448 -3.254870 -358.035396 -1.494860 3.844035 14.065929 9.445690 5.233140 -22.088628 -348.196479 -61.212874 -4.599667 -13.833839 22.196424 13.799678 -24.218525 -1.157530 -21.072317 28.644959 6.201405 377.137104 -2.872225 -48.353523 367.575001 -1.523487 23.895150 -9.190191 8.557990 -7.678208 15.031347 -0.412100 -9.348877 343.087263
0.100824 0.126188 0.156609 -6.209189 39.709612 -355.118645 -0.000000 -0.000000 -0.000000 -0.000000 -0.000000 -0.000000 -0.000000 -0.000000 -0.000000 1.844333 -15.590790 349.694731 -0.000000 -0.000000 0.000000 -10.628140 -54.506077 349.287300 2.848762 13.357602 12.881876 0.702581 -7.372637 9.496360 6.625010 6.986085 -24.168767 -2.585071 -47.034701 359.857000 359.824032 -2.647368 -358.714112 -1.624944 3.350859 13.412696 8.280472 4.278296 -20.367433 -350.507936 -50.325534 -9.884684 -16.726006 8.557697 17.658942 -24.165118 0.608855 -25.989083 32.863265 11.787146 379.294399 -2.418986 -42.743650 368.181824 1.290442 17.725996 -10.748372 6.241192 -10.365651 13.760929 -0.283584 -4.446241 344.695474
0.093214 0.123859 0.145974 -6.075974 37.856764 -355.699990 -0.000000 0.000000 -0.000000 -0.000000 0.000000 -0.000000 -0.000000 0.000000 -0.000000 1.005961 -14.337251 348.544027 0.000000 -0.000000 -0.000000 -11.264725 -55.864366 348.298331 3.723096 15.958467 11.956851 0.631617 -6.114807 9.912319 6.239316 6.701967 -22.996568 -1.643788 -44.023886 360.564241 360.558776 -1.253597 -359.545081 -1.695181 2.592290 12.309862 6.770609 3.012461 -18.001340 -350.716662 -41.080042 -13.285722 -19.677194 -3.581980 20.406872 -23.092937 3.441854 -30.321156 36.508332 16.060317 381.344829 -1.547081 -37.793189 368.585600 2.656678 11.432287 -11.085208 3.593699 -9.626703 13.153025 0.175474 -2.396606 345.536850
0.086159 0.120460 0.135527 -6.172228 36.140088 -356.424364 -0.000000 0.000000 0.000000 -0.000000 0.000000 0.000000 -0.000000 0.000000 0.000000 0.504731 -14.043008 348.210357 -0.000000 -0.000000 0.000000 -10.586470 -56.181170 348.747135 4.292345 17.332563 11.151675 0.545134 -5.293792 10.257908 6.026255 6.663762 -22.196629 -0.291075 -41.034837 361.501583 361.416098 0.158403 -360.605546 -1.542982 1.964874 10.271635 4.852034 1.572148 -14.390471 -349.765592 -35.457757 -15.542866 -23.684159 -10.387847 22.883104 -21.932483 5.476010 -33.944254 40.315704 18.611545 382.692648 -0.198966 -33.920350 368.737398 1.161970 5.956778 -10.169308 2.392243 -5.330136 12.917154 1.077582 -3.429526 345.886265
0.079889 0.115854 0.125424 -6.330413 34.325618 -357.347424 -0.000000 -0.000000 0.000000 -0.000000 -0.000000 0.000000 -0.000000 -0.000000 0.000000 0.341121 -14.048729 348.673342 0.000000 0.000000 0.000000 -8.491562 -54.776981 350.909813 4.494767 17.254148 10.515696 0.424498 -5.420670 10.340652 6.042510 7.181433 -21.666684 1.248931 -37.701629 362.536970 362.393199 0.812869 -362.050010 -1.047742 1.431263 6.393274 2.595338 0.563201 -8.488473 -348.295360 -33.857226 -16.986878 -28.780042 -10.083035 26.035724 -22.557657 5.647664 -38.471701 45.083880 20.713472 384.077116 1.319604 -30.971570 368.829916 -1.773822 3.355013 -8.652490 2.651693 -0.831268 12.803575 2.013117 -6.323746 346.006334
0.074431 0.109881 0.115639 -6.330678 32.219121 -358.522583 -0.000000 0.000000 0.000000 -0.000000 0.000000 0.000000 -0.000000 0.000000 0.000000 0.295724 -13.549872 349.611318 0.000000 -0.000000 -0.000000 -5.780598 -51.489392 354.198897 4.405291 15.616004 9.973820 0.307870 -6.237990 10.255408 6.281657 8.244021 -21.414182 2.609222 -33.924324 363.556723 363.546449 0.256982 -364.054675 -0.255179 0.794768 0.229326 0.059773 0.407655 0.319098 -346.813000 -34.734310 -17.832870 -34.933658 -4.410517 30.310221 -26.076853 5.660133 -45.362084 52.103395 23.547789 386.374034 2.580993 -28.368379 369.130190 -4.669553 3.996003 -6.964434 4.091434 1.917605 12.918343 2.119545 -9.995114 345.757741
0.069648 0.102434 0.105983 -6.138353 29.884437 -359.885945 -0.000000 -0.000000 -0.000000 -0.000000 -0.000000 -0.000000 -0.000000 -0.000000 -0.000000 0.157037 -12.278224 350.661415 0.000000 -0.000000 -0.000000 -3.347375 -46.790386 357.729955 4.115228 12.613447 9.456717 0.239228 -7.222046 10.117519 6.678128 9.641525 -21.407739 3.580407 -29.995194 364.527760 364.912729 -1.271296 -366.610836 0.622064 -0.095184 -7.773912 -2.814039 0.767178 11.573882 -345.506424 -36.110754 -18.630267 -42.935576 3.786739 35.973157 -31.141157 6.753845 -54.008056 61.983035 26.467051 388.403478 3.404808 -25.589241 369.707562 -7.054589 7.960665 -5.078219 6.957037 2.206925 13.817183 0.314373 -14.284047 344.459663
0.065365 0.093591 0.096190 -5.937474 27.595509 -361.282563 -0.000000 0.000000 -0.000000 -0.000000 0.000000 -0.000000 -0.000000 0.000000 -0.000000 -0.039639 -10.528552 351.676236 -0.000000 -0.000000 0.000000 -1.379470 -41.340510 361.043622 3.632881 9.281334 8.973456 0.196118 -7.879393 9.985384 6.891321 10.325486 -21.473860 4.252014 -26.382963 365.497316 366.543203 -2.718925 -369.543907 1.461447 -1.312362 -16.341915 -5.937025 0.518465 23.756922 -344.271798 -36.616285 -20.319177 -52.938250 10.472051 43.044452 -35.616167 7.070467 -61.292604 72.783319 27.609244 387.214458 3.890687 -22.365865 370.525387 -7.164464 16.053402 -3.098232 10.805815 -1.417018 16.338616 -5.339246 -18.551576 341.389324
0.061459 0.083657 0.086051 -5.868595 25.601385 -362.629252 0.000000 -0.000000 -0.000000 0.000000 -0.000000 -0.000000 0.000000 -0.000000 -0.000000 -0.192755 -8.829086 352.672617 0.000000 -0.000000 0.000000 0.311929 -35.674034 364.022727 2.985895 7.157358 8.502329 0.094136 -7.758347 10.063093 6.424435 8.699635 -21.461873 4.769891 -23.359038 366.530956 368.606013 -2.937823 -372.759019 2.474303 -2.538445 -23.535010 -8.715582 -1.639113 34.629080 -343.027692 -35.349865 -23.626356 -62.819259 10.880270 49.458076 -38.701017 4.316785 -64.548121 80.866639 26.209854 381.856582 4.096342 -18.574365 371.647884 2.828445 22.785753 -4.510038 10.671223 -5.307537 19.922481 -16.805871 -20.191497 337.491043
0.057916 0.073072 0.075533 -5.885668 23.991955 -363.905784 -0.000000 0.000000 0.000000 -0.000000 0.000000 0.000000 -0.000000 0.000000 0.000000 -0.359307 -7.559839 353.595509 0.000000 -0.000000 0.000000 1.773007 -30.250839 366.574309 2.277785 6.760878 7.982576 -0.097680 -6.477812 10.514135 5.140445 4.271519 -21.404372 5.103640 -20.810780 367.597509 371.292381 -1.538957 -376.227140 4.028646 -3.220885 -27.857109 -10.452807 -6.228074 42.504238 -341.779750 -32.233238 -28.257902 -69.852034 3.525491 52.168491 -38.639564 -2.778024 -62.623658 82.713688 21.826975 373.950703 3.957323 -14.416009 373.072866 17.804833 18.095716 -8.070270 9.535232 -2.810921 20.894860 -30.235473 -17.147932 336.912471
0.054794 0.062266 0.064765 -5.891790 22.716367 -365.030154 0.000000 -0.000000 -0.000000 0.000000 -0.000000 -0.000000 0.000000 -0.000000 -0.000000 -0.648556 -6.632844 354.265402 0.000000 0.000000 0.000000 2.920744 -25.350197 368.589837 1.639044 7.610642 7.340579 -0.443366 -4.495903 11.229474 3.389821 -1.754207 -21.409465 5.156756 -18.405166 368.523763 374.622725 0.947420 -379.859019 6.040945 -3.198601 -29.288356 -11.066207 -12.582305 47.438908 -340.580597 -28.177315 -33.156523 -73.962948 -8.713560 50.847622 -33.328537 -13.524588 -53.902437 77.794762 14.377155 365.003160 3.550809 -10.490053 374.479432 30.313422 6.935031 -8.473336 7.010349 0.400322 17.906451 -38.563362 -12.017856 341.271818
0.052090 0.051536 0.053875 -5.880498 21.685274 -365.867670 0.000000 0.000000 0.000000 0.000000 0.000000 0.000000 0.000000 0.000000 0.000000 -1.051373 -5.579809 354.537470 0.000000 -0.000000 0.000000 3.750486 -20.974555 370.031664 1.151968 8.929228 6.518078 -1.025483 -2.874359 12.094226 1.684571 -7.569112 -21.587388 4.962341 -15.968347 369.130253 378.378991 3.350491 -383.606550 7.693884 -2.901235 -28.746062 -10.989399 -18.968284 50.656859 -339.523204 -24.059069 -37.503404 -75.961857 -22.173711 47.018771 -22.212084 -23.445000 -39.297455 68.955968 6.074250 355.810199 3.091493 -7.156034 375.491304 38.384623 -6.878487 -5.338729 2.853086 3.526179 12.550581 -40.603621 -6.908386 348.426660
0.049661 0.041015 0.042909 -5.912610 20.924364 -366.372630 -0.000000 0.000000 -0.000000 -0.000000 0.000000 -0.000000 -0.000000 0.000000 -0.000000 -1.467261 -4.124124 354.411697 0.000000 -0.000000 0.000000 4.406983 -17.183233 370.972936 0.735030 9.616672 5.627943 -1.775244 -1.827601 13.267267 0.395870 -11.947683 -22.202236 4.660809 -13.686596 369.430550 382.070736 4.108126 -387.389072 7.973342 -2.686587 -27.193171 -10.714365 -23.364759 53.189783 -338.606432 -20.326860 -40.912301 -76.307029 -33.920701 42.560789 -12.648669 -26.378220 -27.483233 63.835376 1.596569 348.964636 2.645755 -4.298919 376.169984 42.260124 -20.605945 -0.654142 -1.310024 6.315294 5.909682 -38.319098 -2.606867 357.059518
0.047339 0.030768 0.031938 -6.010461 20.597667 -366.632671 0.000000 0.000000 -0.000000 0.000000 0.000000 -0.000000 0.000000 0.000000 -0.000000 -1.843756 -2.478829 353.959906 0.000000 0.000000 0.000000 5.080183 -14.350222 371.534993 0.172854 8.812528 4.958001 -2.544220 -0.762915 15.070658 -0.331865 -14.486455 -23.619805 4.327018 -11.937712 369.615501 384.840820 2.161321 -390.567337 6.589924 -2.258558 -25.359609 -10.597180 -24.761831 54.995265 -337.734727 -17.168934 -43.363472 -75.545541 -42.095894 38.941836 -11.419813 -23.415938 -23.977989 65.793222 0.795920 346.822266 2.101696 -1.842963 376.919656 41.819461 -30.810941 2.558176 -3.685910 7.281898 -1.617206 -34.222361 -0.265357 366.076049
0.045092 0.020912 0.021185 -6.112042 20.783119 -366.762598 -0.000000 0.000000 0.000000 -0.000000 0.000000 0.000000 -0.000000 0.000000 0.000000 -2.219350 -0.992648 353.257366 0.000000 -0.000000 0.000000 5.867781 -12.842966 371.786102 -0.640759 6.739936 4.697467 -3.273881 0.292064 17.639004 -0.436868 -15.131387 -25.922148 3.920688 -10.980593 369.845420 385.896434 -2.071882 -392.230064 4.050223 -1.252530 -23.412654 -10.784140 -23.290897 55.135033 -336.779410 -14.500588 -45.396065 -74.503062 -46.775224 36.491243 -16.773950 -17.725536 -24.762859 72.653804 0.417376 348.119976 1.385639 0.089696 377.916633 40.270093 -32.747107 2.709716 -5.053438 3.244440 -7.616741 -31.218009 -0.178011 373.181574
0.043041 0.011629 0.010985 -6.130806 21.300826 -366.793317 -0.000000 -0.000000 -0.000000 -0.000000 -0.000000 -0.000000 -0.000000 -0.000000 -0.000000 -2.644118 0.229657 352.371908 0.000000 0.000000 0.000000 6.739193 -12.527048 371.724863 -1.642475 4.146655 4.818058 -3.896617 0.613569 20.720150 0.172958 -13.904464 -28.763441 3.385337 -10.785758 370.105844 385.313017 -7.324352 -392.379912 0.753772 0.039661 -20.431431 -11.099606 -19.301589 52.629496 -335.659242 -12.026669 -47.747036 -73.785453 -49.387539 34.730356 -27.006887 -11.414068 -27.087406 83.324120 -0.039491 350.057629 0.553333 1.498120 378.930273 40.859941 -32.834046 2.901151 -6.890735 0.569159 -12.671958 -29.433350 -2.224158 378.266976
0.041333 0.003067 0.001654 -6.031530 21.865976 -366.675332 -0.000000 -0.000000 -0.000000 -0.000000 -0.000000 -0.000000 -0.000000 -0.000000 -0.000000 -3.131813 1.235547 351.327883 0.000000 0.000000 0.000000 7.571050 -12.769859 371.363418 -2.727801 1.399995 5.167454 -4.242160 -0.023271 23.758683 1.420537 -11.289679 -31.600840 2.699781 -11.089115 370.270365 383.711326 -12.708484 -391.708575 -3.024812 0.882383 -15.565943 -11.052432 -13.115306 47.531132 -334.465822 -9.836861 -50.580673 -73.664052 -51.095854 33.308665 -38.780883 -6.064972 -29.515384 94.941013 -0.440653 350.846296 -0.343881 2.482504 379.762370 43.035953 -33.302470 3.674062 -7.631700 -1.503480 -16.355207 -30.006471 -3.911639 382.077388
0.040041 -0.004726 -0.006597 -5.840587 22.329253 -366.378471 -0.000000 0.000000 0.000000 -0.000000 0.000000 0.000000 -0.000000 0.000000 0.000000 -3.663913 2.045250 350.132647 0.000000 0.000000 -0.000000 8.246778 -13.039819 370.774983 -3.794178 -1.442350 5.583957 -4.223444 -0.646183 26.197347 2.802431 -8.552604 -33.926286 1.865508 -11.578959 370.263386 381.669129 -17.715577 -390.722123 -6.354323 0.760742 -10.157851 -10.308902 -5.803936 41.728622 -333.463327 -8.841643 -53.508104 -73.948911 -52.549086 32.702058 -47.504759 -2.386186 -31.458223 103.460527 -0.546398 350.865455 -1.220679 2.876709 380.378267 45.565940 -35.555268 4.846591 -6.667434 -4.033282 -18.262656 -33.307091 -2.930754 385.299797
0.039144 -0.011772 -0.013714 -5.614040 22.718308 -365.960021 0.000000 0.000000 0.000000 0.000000 0.000000 0.000000 0.000000 0.000000 0.000000 -4.177330 2.670341 348.881050 -0.000000 0.000000 -0.000000 8.754485 -13.346293 370.069657 -4.776650 -4.593340 6.023730 -3.894137 0.382343 27.826036 3.696627 -6.940270 -35.470768 0.968482 -12.098054 370.115194 379.660096 -21.981949 -389.758593 -8.430540 -0.020874 -6.661997 -9.303020 0.956332 37.682637 -333.036743 -10.335372 -55.924652 -73.824476 -53.919430 34.287159 -49.724900 -0.933729 -31.618391 105.669155 -0.826942 351.525763 -1.822734 2.279444 380.646234 45.806546 -38.621948 4.965466 -4.974035 -6.769378 -18.809128 -36.503294 0.652904 388.096363
0.038552 -0.018075 -0.019779 -5.388668 23.105600 -365.535466 0.000000 -0.000000 0.000000 0.000000 -0.000000 0.000000 0.000000 -0.000000 0.000000 -4.610754 3.149606 347.735453 -0.000000 0.000000 -0.000000 9.151191 -13.869300 369.370985 -5.652711 -8.405608 6.490380 -3.330821 3.849434 28.795248 3.914673 -6.706928 -36.296640 0.209800 -12.704300 369.887615 377.953948 -25.520486 -389.254825 -9.596662 -0.662116 -5.511066 -8.691989 6.174504 36.199831 -333.483345 -14.813641 -57.351640 -72.436746 -54.750363 39.114080 -47.979814 -0.661749 -31.254751 104.059089 -0.168244 352.432209 -2.032587 0.590738 380.557940 42.557983 -41.393923 3.080245 -3.491280 -8.999408 -18.468189 -37.694731 5.966847 390.080647
0.038166 -0.023556 -0.024914 -5.159921 23.503159 -365.191634 0.000000 0.000000 0.000000 0.000000 0.000000 0.000000 0.000000 0.000000 0.000000 -4.981528 3.494057 346.772200 -0.000000 0.000000 -0.000000 9.487041 -14.567248 368.760316 -6.396415 -12.806718 6.897294 -2.671517 9.279939 29.371162 3.590416 -7.522889 -36.600332 -0.233552 -13.524681 369.608337 376.554626 -28.253945 -389.327563 -10.373488 -0.742136 -5.712061 -8.646041 9.661628 36.574105 -334.768948 -21.543245 -57.701886 -69.783462 -54.221967 46.652192 -46.223696 -0.646724 -32.169079 102.201729 2.369452 352.402807 -2.135148 -1.771721 380.514482 36.980160 -43.906400 -0.382010 -2.954816 -9.728425 -18.014980 -36.595461 11.565099 391.103898
0.037919 -0.028068 -0.029202 -4.901708 23.891836 -364.953876 0.000000 0.000000 0.000000 0.000000 0.000000 0.000000 0.000000 0.000000 0.000000 -5.368186 3.649433 345.947122 -0.000000 0.000000 0.000000 9.786539 -15.406545 368.235953 -6.951089 -16.796154 7.182696 -2.173232 15.266032 29.776823 2.904412 -9.031529 -36.569379 -0.368180 -14.558551 369.295325 375.507418 -29.733685 -389.633093 -10.855770 -0.627428 -6.495429 -8.953558 11.633103 37.764898 -336.545943 -29.061633 -57.217506 -66.907234 -51.923856 54.792309 -45.174064 -1.326761 -33.748127 100.343936 5.564621 351.455687 -2.391855 -4.387228 380.819543 30.898379 -45.573523 -4.718010 -3.707420 -8.564320 -18.239287 -33.491000 15.363437 391.344647
0.037773 -0.031493 -0.032715 -4.595297 24.297422 -364.831207 0.000000 -0.000000 -0.000000 0.000000 -0.000000 -0.000000 0.000000 -0.000000 -0.000000 -5.824157 3.531379 345.216644 -0.000000 0.000000 0.000000 10.038984 -16.554606 367.782411 -7.251317 -19.135754 7.418259 -1.991133 19.868057 30.116783 2.227016 -10.478274 -36.384462 -0.315307 -15.670395 368.984070 374.927587 -29.773530 -389.790444 -11.041146 -0.977822 -7.298776 -9.291556 12.633456 38.864880 -338.264980 -35.563320 -56.210517 -64.778746 -48.364672 61.135213 -44.733524 -2.679051 -34.713896 98.285309 7.889042 350.291151 -2.734580 -6.945268 381.273501 26.113423 -45.120301 -8.721533 -5.949574 -6.382177 -19.290599 -28.678625 16.299370 391.225699
0.037681 -0.033842 -0.035577 -4.252703 24.782544 -364.829564 -0.000000 -0.000000 0.000000 -0.000000 -0.000000 0.000000 -0.000000 -0.000000 0.000000 -6.334422 3.107097 344.582792 -0.000000 0.000000 0.000000 10.197620 -17.994362 367.456612 -7.301360 -19.580015 7.601615 -1.998636 21.481885 30.296162 2.100619 -10.693568 -36.097925 -0.165496 -16.697482 368.706735 374.738466 -28.928027 -389.700915 -11.067742 -1.991949 -7.707285 -9.470436 13.314928 39.435762 -339.322486 -39.289533 -54.976921 -63.488879 -44.842718 64.205245 -44.662253 -4.024554 -34.667367 96.174461 8.783695 349.736383 -2.975495 -8.926082 381.445107 23.649092 -43.061467 -10.961890 -9.069395 -4.117471 -20.764138 -23.285966 15.108604 391.200952
0.037586 -0.035275 -0.037933 -3.923641 25.376143 -364.913107 -0.000000 0.000000 -0.000000 -0.000000 0.000000 -0.000000 -0.000000 0.000000 -0.000000 -6.832447 2.473795 344.029302 -0.000000 -0.000000 -0.000000 10.224278 -19.333548 367.333880 -7.194483 -18.681315 7.598778 -1.978209 19.643488 30.027555 2.761186 -9.089617 -35.560378 0.012472 -17.497091 368.474282 374.748577 -28.075059 -389.491320 -11.086543 -3.300032 -7.786812 -9.549000 13.980507 39.700610 -339.438924 -39.411368 -53.876726 -62.638631 -42.779588 63.888543 -44.797372 -4.533126 -34.509592 94.662560 8.960939 350.170470 -3.045054 -9.804061 381.112062 23.175582 -41.096853 -11.108218 -11.627460 -2.171574 -21.982425 -19.062929 12.989462 391.189008
0.037450 -0.036036 -0.039887 -3.660110 26.031886 -365.013339 0.000000 -0.000000 -0.000000 0.000000 -0.000000 -0.000000 0.000000 -0.000000 -0.000000 -7.250475 1.844631 343.514669 -0.000000 0.000000 0.000000 10.121340 -20.201625 367.405064 -7.028444 -17.045690 7.374228 -1.881610 15.505459 29.076957 3.799409 -6.418225 -34.589464 0.124533 -17.958682 368.282996 374.830859 -27.726663 -389.215490 -11.104930 -4.354118 -7.825687 -9.612716 14.499997 39.908612 -338.827172 -36.428687 -53.200046 -61.849272 -42.706168 61.055647 -44.109694 -4.407803 -34.015948 93.088023 8.373856 351.608395 -2.989690 -9.404371 380.353825 23.931220 -40.308006 -9.632959 -12.438485 -1.139728 -22.516005 -17.447605 10.985397 390.978569
0.037279 -0.036371 -0.041477 -3.472830 26.655407 -365.089310 -0.000000 -0.000000 0.000000 -0.000000 -0.000000 0.000000 -0.000000 -0.000000 0.000000 -7.567215 1.406651 343.026390 -0.000000 -0.000000 -0.000000 9.934110 -20.573019 367.581948 -6.860123 -15.295159 7.046196 -1.812867 11.427840 27.622561 4.505140 -4.240927 -33.233517 0.118057 -18.055514 368.123089 374.872020 -27.912862 -388.754179 -11.077759 -4.767508 -7.715506 -9.531979 14.720020 39.691410 -337.854081 -31.421908 -52.968176 -60.811961 -44.081256 56.784459 -42.386846 -4.217641 -32.577486 90.870281 6.781547 353.528743 -2.836258 -7.938133 379.316498 25.158797 -40.713590 -7.144629 -11.736697 -1.230399 -22.337845 -18.047265 9.832429 390.486561
0.037097 -0.036489 -0.042722 -3.338823 27.177896 -365.148141 0.000000 0.000000 0.000000 0.000000 0.000000 0.000000 0.000000 0.000000 0.000000 -7.806827 1.177946 342.589263 0.000000 0.000000 0.000000 9.734418 -20.544796 367.797427 -6.741062 -14.047384 6.697990 -1.855227 9.234457 26.287392 4.536180 -3.628185 -31.922086 0.037704 -17.887201 367.989283 374.796294 -28.368230 -388.024226 -10.988334 -4.552921 -7.225051 -9.172217 14.667033 38.672900 -336.886434 -25.996119 -52.951415 -59.529134 -45.802395 52.403609 -39.958234 -4.351881 -30.104782 87.864360 4.276747 355.328454 -2.531136 -6.106003 378.114469 26.040706 -41.328380 -4.448955 -10.912337 -1.319455 -21.739577 -18.499059 9.068984 389.593814
0.036926 -0.036565 -0.043665 -3.235694 27.605776 -365.220031 -0.000000 0.000000 0.000000 -0.000000 0.000000 0.000000 -0.000000 0.000000 0.000000 -7.997546 1.008281 342.245978 0.000000 0.000000 -0.000000 9.590417 -20.172290 368.048819 -6.725756 -13.618363 6.346639 -2.024563 9.127362 25.694493 4.067648 -4.533441 -31.229251 -0.034823 -17.631879 367.894239 374.672493 -28.778082 -387.186605 -10.845724 -4.066823 -6.562087 -8.686604 14.404118 37.274629 -336.239947 -22.499651 -53.012497 -58.445867 -46.834084 49.753931 -38.022873 -4.614089 -28.096171 85.277717 2.235672 356.515084 -2.073627 -5.073629 377.002971 25.982337 -41.060039 -2.661180 -10.534893 -0.745443 -21.130035 -17.746206 8.093788 388.437033
0.036775 -0.036748 -0.044397 -3.155353 28.008381 -365.330339 -0.000000 -0.000000 0.000000 -0.000000 -0.000000 0.000000 -0.000000 -0.000000 0.000000 -8.134758 0.695048 342.055345 -0.000000 0.000000 0.000000 9.546187 -19.693373 368.338532 -6.824696 -14.070442 6.042671 -2.280293 10.481349 26.064026 3.446060 -6.192295 -31.434691 -0.060536 -17.434790 367.860929 374.587140 -29.100401 -386.475120 -10.676702 -3.587723 -6.242654 -8.374547 14.010964 36.339163 -336.049736 -22.951346 -53.213575 -58.175352 -46.633300 50.304885 -36.622500 -5.772023 -26.964612 83.081179 1.027067 356.468326 -1.613565 -5.836808 376.386784 24.959834 -39.595026 -2.605838 -10.406377 -0.046818 -20.901479 -16.511934 7.276094 387.658348
0.036649 -0.037127 -0.045038 -3.100156 28.465105 -365.474641 0.000000 0.000000 0.000000 0.000000 0.000000 0.000000 0.000000 0.000000 0.000000 -8.177678 0.120726 342.069208 -0.000000 0.000000 -0.000000 9.611493 -19.515613 368.630474 -6.988595 -15.333302 5.858521 -2.530838 12.759565 27.184767 2.908935 -7.837078 -32.362299 -0.050267 -17.356127 367.890504 374.515493 -29.562882 -385.964990 -10.522089 -3.125565 -6.510488 -8.354629 13.640518 36.233395 -336.365590 -27.848014 -53.434001 -59.286045 -45.024729 54.050604 -35.841612 -8.325012 -26.580614 81.335910 0.512959 354.768010 -1.299282 -8.669654 376.543859 23.473945 -37.252918 -4.312363 -10.482310 0.051521 -21.473548 -15.609499 7.333310 388.021595
0.036559 -0.037738 -0.045640 -3.072846 28.998143 -365.621382 -0.000000 0.000000 0.000000 -0.000000 0.000000 0.000000 -0.000000 0.000000 0.000000 -8.087386 -0.648799 342.292760 0.000000 -0.000000 0.000000 9.757441 -19.812380 368.885440 -7.150787 -17.161971 5.792926 -2.704701 15.535841 28.632693 2.528288 -9.104332 -33.581116 -0.017402 -17.410281 367.953913 374.397351 -30.264091 -385.600578 -10.423676 -2.667597 -7.120355 -8.505154 13.455662 36.644820 -337.237598 -36.285971 -53.227791 -62.136436 -42.003897 59.799492 -36.545752 -11.555984 -27.637023 81.129279 1.065349 351.844506 -1.116695 -13.193728 377.437120 22.075331 -34.453971 -7.265840 -11.009245 -0.515116 -22.868208 -15.169433 8.444142 389.643180
0.036514 -0.038530 -0.046228 -3.072667 29.581792 -365.719745 0.000000 0.000000 -0.000000 0.000000 0.000000 -0.000000 0.000000 0.000000 -0.000000 -7.865594 -1.435225 342.647830 0.000000 0.000000 0.000000 9.932428 -20.415960 369.077666 -7.282786 -19.286581 5.767439 -2.751869 18.230578 29.966922 2.357890 -9.780868 -34.666011 0.041707 -17.611574 367.996491 374.239723 -30.974066 -385.302560 -10.386214 -2.369416 -7.690602 -8.651893 13.528759 37.078430 -338.433551 -46.119053 -52.351281 -66.259368 -38.209119 65.940275 -39.059415 -14.252021 -30.604203 82.979886 2.747957 348.645966 -0.941829 -18.566873 378.744327 21.109653 -31.605297 -10.699337 -11.980826 -1.316783 -24.607693 -15.114882 10.127813 391.921783
0.036514 -0.039449 -0.046726 -3.088985 30.125568 -365.749119 -0.000000 -0.000000 0.000000 -0.000000 -0.000000 0.000000 -0.000000 -0.000000 0.000000 -7.570508 -2.055950 343.035060 -0.000000 0.000000 -0.000000 10.085112 -21.016555 369.199901 -7.396855 -21.451411 5.715102 -2.593065 20.151800 30.739562 2.497999 -9.605529 -35.248686 0.126706 -17.891625 367.985193 374.132181 -31.284036 -384.992167 -10.353638 -2.498679 -8.032997 -8.698816 13.797989 37.243872 -339.436078 -54.467475 -51.189065 -70.206813 -34.909691 70.949757 -42.187724 -15.766724 -33.990592 85.687677 4.401690 346.000865 -0.753365 -23.478288 380.068097 20.685786 -29.300329 -13.781849 -12.981466 -1.974632 -26.114997 -15.432113 11.662341 394.062587
0.036555 -0.040400 -0.047152 -3.120808 30.568395 -365.671277 0.000000 -0.000000 -0.000000 0.000000 -0.000000 -0.000000 0.000000 -0.000000 -0.000000 -7.263078 -2.449608 343.336602 0.000000 0.000000 -0.000000 10.179176 -21.342268 369.229638 -7.521121 -23.251048 5.606262 -2.274326 21.105381 30.677769 2.783600 -8.924294 -35.125598 0.228182 -18.158989 367.869377 374.182722 -30.823322 -384.582785 -10.239470 -3.294591 -8.145593 -8.614655 14.123354 37.038936 -339.984688 -59.405984 -50.460610 -72.650623 -32.977859 73.846072 -42.499353 -17.296490 -33.688073 85.558191 3.327606 344.623212 -0.683691 -26.740436 381.034712 20.662798 -28.034272 -15.913469 -13.477879 -2.184167 -26.826379 -15.902086 12.395162 395.207429
0.036621 -0.041269 -0.047528 -3.154774 30.876667 -365.505083 -0.000000 -0.000000 0.000000 -0.000000 -0.000000 0.000000 -0.000000 -0.000000 0.000000 -7.012024 -2.637441 343.484551 -0.000000 0.000000 0.000000 10.203064 -21.425375 369.162414 -7.625473 -24.210133 5.497765 -1.965626 21.370240 29.955903 2.933550 -8.393112 -34.448098 0.310443 -18.375534 367.669484 374.314213 -29.979481 -384.197907 -10.083835 -4.153232 -7.970674 -8.419474 14.240379 36.496527 -340.323266 -61.607551 -50.407813 -73.780882 -32.034007 75.091810 -39.437381 -19.390718 -29.585201 81.966422 -0.197978 344.275414 -0.792521 -28.406649 381.586250 20.807930 -27.606954 -17.177976 -13.636618 -2.312417 -26.880835 -16.308488 12.718420 395.512995
0.036690 -0.041952 -0.047873 -3.189835 31.062166 -365.300341 -0.000000 -0.000000 0.000000 -0.000000 -0.000000 0.000000 -0.000000 -0.000000 0.000000 -6.838241 -2.699687 343.496506 0.000000 0.000000 -0.000000 10.176694 -21.183187 369.063936 -7.735241 -24.493848 5.367780 -1.863426 21.524860 29.282726 2.780006 -8.574475 -33.816199 0.368785 -18.502297 367.435222 374.496583 -28.916051 -383.830321 -9.903743 -5.162617 -7.777747 -8.213950 14.311176 35.921475 -340.478177 -61.794926 -50.634598 -73.901819 -31.863662 75.037306 -33.369916 -21.329178 -22.673254 75.879899 -5.155973 344.248365 -0.983858 -28.769806 381.686838 20.912005 -27.668170 -17.607341 -13.406426 -2.072856 -26.377454 -16.398342 12.483913 394.961735